{"type":"FeatureCollection","features":[{"type":"Feature","properties":{"c":"66000010001","t":"中區","v":"繼光里"},"geometry":{"type":"Polygon","coordinates":[[[120.68577,24.14327],[120.68579,24.1413],[120.68545,24.1413],[120.68543,24.14091],[120.68525,24.14088],[120.68527,24.14056],[120.6851,24.14067],[120.68405,24.13966],[120.68397,24.13973],[120.68343,24.13924],[120.68353,24.13916],[120.68115,24.13688],[120.68037,24.13755],[120.68112,24.13828],[120.68121,24.1382],[120.68195,24.13891],[120.68182,24.13903],[120.68388,24.14101],[120.68395,24.14095],[120.68412,24.14112],[120.68405,24.14118],[120.68496,24.14205],[120.68538,24.14194],[120.68537,24.14258],[120.68565,24.14327],[120.68577,24.14327]]]}},{"type":"Feature","properties":{"c":"66000010002","t":"中區","v":"大墩里"},"geometry":{"type":"Polygon","coordinates":[[[120.6823,24.14413],[120.68134,24.14354],[120.67989,24.14213],[120.68004,24.14201],[120.67922,24.14129],[120.67952,24.14103],[120.67927,24.14083],[120.67846,24.14059],[120.67867,24.14042],[120.67829,24.14007],[120.67821,24.14013],[120.67781,24.13974],[120.67677,24.14064],[120.6776,24.14139],[120.67771,24.14129],[120.6778,24.1418],[120.6782,24.14219],[120.67806,24.14231],[120.67882,24.14304],[120.679,24.14289],[120.67934,24.14324],[120.6794,24.14319],[120.67955,24.14339],[120.67962,24.14335],[120.6798,24.14352],[120.68002,24.14334],[120.68008,24.1434],[120.68026,24.14379],[120.68025,24.14425],[120.68046,24.14431],[120.68051,24.14426],[120.68078,24.14428],[120.68082,24.14438],[120.68129,24.1447],[120.68121,24.14477],[120.68138,24.14492],[120.68117,24.14511],[120.6816,24.1455],[120.68167,24.14545],[120.68195,24.14616],[120.6822,24.14594],[120.68192,24.1453],[120.68165,24.14489],[120.68179,24.14454],[120.6821,24.14429],[120.6823,24.14413]]]}},{"type":"Feature","properties":{"c":"66000010003","t":"中區","v":"綠川里"},"geometry":{"type":"Polygon","coordinates":[[[120.6858,24.13757],[120.68567,24.13695],[120.68556,24.1368],[120.68402,24.13611],[120.68313,24.13588],[120.68242,24.13553],[120.68217,24.13597],[120.68115,24.13688],[120.68353,24.13916],[120.68343,24.13924],[120.68397,24.13973],[120.68405,24.13966],[120.6851,24.14067],[120.68527,24.14056],[120.68525,24.14088],[120.68543,24.14091],[120.68545,24.1413],[120.68579,24.1413],[120.6858,24.14011],[120.68601,24.1401],[120.68606,24.13799],[120.68588,24.13771],[120.6858,24.13757]]]}},{"type":"Feature","properties":{"c":"66000010004","t":"中區","v":"公園里"},"geometry":{"type":"Polygon","coordinates":[[[120.68565,24.14327],[120.68537,24.14258],[120.68538,24.14194],[120.68496,24.14205],[120.68405,24.14118],[120.68412,24.14112],[120.68395,24.14095],[120.68388,24.14101],[120.68182,24.13903],[120.68195,24.13891],[120.68121,24.1382],[120.68112,24.13828],[120.68037,24.13755],[120.67874,24.13894],[120.68248,24.14254],[120.68287,24.14223],[120.68364,24.14296],[120.68433,24.14231],[120.68531,24.14323],[120.68557,24.14328],[120.68565,24.14327]]]}},{"type":"Feature","properties":{"c":"66000010005","t":"中區","v":"光復里"},"geometry":{"type":"Polygon","coordinates":[[[120.68364,24.14296],[120.68287,24.14223],[120.68248,24.14254],[120.67874,24.13894],[120.67781,24.13974],[120.67821,24.14013],[120.67829,24.14007],[120.67867,24.14042],[120.67846,24.14059],[120.67927,24.14083],[120.67952,24.14103],[120.67922,24.14129],[120.68004,24.14201],[120.67989,24.14213],[120.68134,24.14354],[120.6823,24.14413],[120.68352,24.14307],[120.68364,24.14296]]]}},{"type":"Feature","properties":{"c":"66000010006","t":"中區","v":"柳川里"},"geometry":{"type":"Polygon","coordinates":[[[120.68186,24.14625],[120.68195,24.14616],[120.68167,24.14545],[120.6816,24.1455],[120.68117,24.14511],[120.68138,24.14492],[120.68121,24.14477],[120.68129,24.1447],[120.68082,24.14438],[120.68078,24.14428],[120.68051,24.14426],[120.68046,24.14431],[120.68025,24.14425],[120.68026,24.14379],[120.68002,24.14334],[120.6798,24.14352],[120.67962,24.14335],[120.67955,24.14339],[120.6794,24.14319],[120.67934,24.14324],[120.679,24.14289],[120.67882,24.14304],[120.67836,24.14261],[120.67806,24.14231],[120.6782,24.14219],[120.6778,24.1418],[120.67771,24.14129],[120.6776,24.14139],[120.67677,24.14064],[120.67576,24.14151],[120.67632,24.14179],[120.67671,24.14206],[120.67721,24.14277],[120.6775,24.14355],[120.67768,24.14383],[120.67801,24.14392],[120.67864,24.14382],[120.67905,24.14395],[120.67915,24.14414],[120.67914,24.14522],[120.68004,24.14569],[120.6802,24.14568],[120.68121,24.14669],[120.68137,24.14666],[120.68181,24.14629],[120.68186,24.14625]]]}},{"type":"Feature","properties":{"c":"66000010007","t":"中區","v":"大誠里"},"geometry":{"type":"Polygon","coordinates":[[[120.67921,24.14821],[120.68104,24.14669],[120.68121,24.14669],[120.6802,24.14568],[120.68004,24.14569],[120.67914,24.14522],[120.67915,24.14414],[120.67905,24.14395],[120.67864,24.14382],[120.67801,24.14392],[120.67768,24.14383],[120.6775,24.14355],[120.67721,24.14277],[120.67671,24.14206],[120.67632,24.14179],[120.67576,24.14151],[120.67468,24.14246],[120.67547,24.14324],[120.67585,24.1429],[120.67603,24.14307],[120.67587,24.14321],[120.67584,24.1433],[120.67598,24.14343],[120.67585,24.14354],[120.67624,24.1439],[120.67633,24.14383],[120.67654,24.1439],[120.67664,24.14411],[120.67861,24.14599],[120.67818,24.14658],[120.67803,24.14644],[120.6777,24.14698],[120.67801,24.14687],[120.67802,24.14677],[120.6781,24.14674],[120.67843,24.14746],[120.67846,24.14772],[120.67895,24.1482],[120.67912,24.14825],[120.67921,24.14821]]]}},{"type":"Feature","properties":{"c":"66000010008","t":"中區","v":"中華里"},"geometry":{"type":"Polygon","coordinates":[[[120.6777,24.14698],[120.67803,24.14644],[120.67818,24.14658],[120.67861,24.14599],[120.67664,24.14411],[120.67654,24.1439],[120.67633,24.14383],[120.67624,24.1439],[120.67585,24.14354],[120.67598,24.14343],[120.67584,24.1433],[120.67587,24.14321],[120.67603,24.14307],[120.67585,24.1429],[120.67547,24.14324],[120.67468,24.14246],[120.67376,24.14327],[120.67453,24.14402],[120.67443,24.14411],[120.67517,24.14482],[120.6752,24.14501],[120.67516,24.1453],[120.67571,24.14516],[120.67747,24.14687],[120.67768,24.14699],[120.6777,24.14698]]]}},{"type":"Feature","properties":{"c":"66000020001","t":"東區","v":"新庄里"},"geometry":{"type":"Polygon","coordinates":[[[120.6904,24.13533],[120.68878,24.13465],[120.68851,24.13456],[120.68822,24.13456],[120.68822,24.13444],[120.68775,24.13439],[120.68743,24.13425],[120.68752,24.13406],[120.68686,24.13379],[120.68683,24.13386],[120.6838,24.13259],[120.68313,24.13411],[120.68242,24.13553],[120.68313,24.13588],[120.68402,24.13611],[120.68556,24.1368],[120.68567,24.13695],[120.6858,24.13757],[120.688,24.13793],[120.68967,24.13864],[120.68995,24.13808],[120.68996,24.1379],[120.6895,24.13738],[120.68911,24.13704],[120.69008,24.13594],[120.69041,24.13533],[120.6904,24.13533]]]}},{"type":"Feature","properties":{"c":"66000020002","t":"東區","v":"振興里"},"geometry":{"type":"Polygon","coordinates":[[[120.68584,24.13345],[120.68683,24.13386],[120.68686,24.13379],[120.68752,24.13406],[120.68743,24.13425],[120.68775,24.13439],[120.68822,24.13444],[120.68822,24.13456],[120.68851,24.13456],[120.68878,24.13465],[120.6904,24.13533],[120.69188,24.13236],[120.68498,24.12947],[120.6851,24.13001],[120.6838,24.13259],[120.68439,24.13284],[120.68584,24.13345]]]}},{"type":"Feature","properties":{"c":"66000020003","t":"東區","v":"東橋里"},"geometry":{"type":"Polygon","coordinates":[[[120.69026,24.12639],[120.69027,24.13149],[120.69023,24.13164],[120.69319,24.1329],[120.6943,24.13293],[120.69477,24.12935],[120.69463,24.12892],[120.69332,24.12784],[120.69306,24.12783],[120.69306,24.12646],[120.69104,24.12484],[120.69027,24.12482],[120.69026,24.12565],[120.69026,24.12639]]]}},{"type":"Feature","properties":{"c":"66000020004","t":"東區","v":"東興里"},"geometry":{"type":"Polygon","coordinates":[[[120.69027,24.13149],[120.69026,24.12463],[120.68962,24.12476],[120.68859,24.12469],[120.68773,24.12442],[120.68689,24.12397],[120.68596,24.12326],[120.68552,24.12244],[120.68536,24.12196],[120.68535,24.12172],[120.68471,24.12204],[120.68457,24.12214],[120.68425,24.12276],[120.6841,24.12324],[120.68371,24.12397],[120.68354,24.12445],[120.68451,24.12767],[120.68498,24.12947],[120.69023,24.13164],[120.69027,24.13149]]]}},{"type":"Feature","properties":{"c":"66000020005","t":"東區","v":"干城里"},"geometry":{"type":"Polygon","coordinates":[[[120.6943,24.14217],[120.69438,24.14094],[120.69432,24.14085],[120.69447,24.14065],[120.6937,24.14028],[120.688,24.13793],[120.6858,24.13757],[120.68606,24.13799],[120.68601,24.1401],[120.6858,24.14011],[120.68577,24.14317],[120.69039,24.14282],[120.69246,24.14275],[120.69248,24.14412],[120.69439,24.14414],[120.69439,24.14275],[120.6943,24.14232],[120.6943,24.14217]]]}},{"type":"Feature","properties":{"c":"66000020006","t":"東區","v":"泉源里"},"geometry":{"type":"Polygon","coordinates":[[[120.69471,24.14049],[120.69614,24.14052],[120.69618,24.14041],[120.69656,24.13998],[120.69656,24.13605],[120.69613,24.13501],[120.69594,24.1347],[120.69528,24.13399],[120.69433,24.1334],[120.69188,24.13236],[120.69023,24.1357],[120.68911,24.13704],[120.6895,24.13738],[120.68996,24.1379],[120.68995,24.13808],[120.68967,24.13864],[120.6937,24.14028],[120.69447,24.14065],[120.69462,24.14043],[120.69471,24.14049]]]}},{"type":"Feature","properties":{"c":"66000020007","t":"東區","v":"旱溪里"},"geometry":{"type":"Polygon","coordinates":[[[120.6943,24.14217],[120.69439,24.14275],[120.69439,24.1447],[120.70035,24.14465],[120.70063,24.14272],[120.70082,24.14015],[120.70016,24.14007],[120.69873,24.14025],[120.69634,24.14021],[120.69614,24.14052],[120.69471,24.14049],[120.69462,24.14043],[120.69432,24.14085],[120.69438,24.14094],[120.6943,24.14214],[120.6943,24.14217]]]}},{"type":"Feature","properties":{"c":"66000020008","t":"東區","v":"樂成里"},"geometry":{"type":"Polygon","coordinates":[[[120.69693,24.14024],[120.69916,24.14023],[120.70016,24.14007],[120.70082,24.14015],[120.70079,24.13888],[120.70049,24.13641],[120.69948,24.13266],[120.69843,24.13304],[120.69776,24.13315],[120.69319,24.1329],[120.69433,24.1334],[120.69528,24.13399],[120.69594,24.1347],[120.69613,24.13501],[120.69656,24.13605],[120.69656,24.13998],[120.69637,24.14021],[120.6966,24.14023],[120.69693,24.14024]]]}},{"type":"Feature","properties":{"c":"66000020009","t":"東區","v":"東門里"},"geometry":{"type":"Polygon","coordinates":[[[120.69843,24.13304],[120.69948,24.13266],[120.69936,24.13173],[120.69955,24.13063],[120.69992,24.12974],[120.70162,24.12705],[120.70206,24.12581],[120.70227,24.125],[120.70053,24.12495],[120.7,24.12483],[120.69892,24.12474],[120.69708,24.12483],[120.69664,24.12473],[120.69649,24.1248],[120.696,24.12451],[120.69449,24.12412],[120.6927,24.1242],[120.69232,24.12401],[120.69206,24.12402],[120.6914,24.12411],[120.69043,24.12439],[120.69026,24.12463],[120.69027,24.12482],[120.69104,24.12484],[120.69306,24.12646],[120.69306,24.12783],[120.69332,24.12784],[120.69463,24.12892],[120.69477,24.12935],[120.6943,24.13293],[120.69613,24.13309],[120.69776,24.13315],[120.69843,24.13304]]]}},{"type":"Feature","properties":{"c":"66000020010","t":"東區","v":"十甲里"},"geometry":{"type":"Polygon","coordinates":[[[120.70607,24.14447],[120.70597,24.14044],[120.70536,24.13768],[120.70432,24.13832],[120.70382,24.13856],[120.70269,24.13888],[120.70079,24.13888],[120.70082,24.14013],[120.70063,24.14272],[120.70035,24.14463],[120.70032,24.14585],[120.70078,24.14586],[120.70123,24.14597],[120.70165,24.14614],[120.70294,24.14642],[120.70364,24.14671],[120.70376,24.1468],[120.70383,24.14704],[120.70469,24.14777],[120.70508,24.14827],[120.70634,24.14877],[120.70609,24.14489],[120.70607,24.14447]]]}},{"type":"Feature","properties":{"c":"66000020011","t":"東區","v":"東南里"},"geometry":{"type":"Polygon","coordinates":[[[120.69975,24.1496],[120.69953,24.14906],[120.69948,24.14871],[120.69988,24.14784],[120.7006,24.14589],[120.70031,24.14581],[120.70035,24.14465],[120.69439,24.1447],[120.6944,24.14986],[120.69456,24.14977],[120.69648,24.14975],[120.69868,24.14955],[120.69958,24.1496],[120.69975,24.1496]]]}},{"type":"Feature","properties":{"c":"66000020012","t":"東區","v":"東勢里"},"geometry":{"type":"Polygon","coordinates":[[[120.69247,24.15167],[120.69441,24.1516],[120.69439,24.14414],[120.69248,24.14412],[120.69247,24.14551],[120.69184,24.14576],[120.69181,24.146],[120.69097,24.14608],[120.69105,24.14667],[120.69055,24.14673],[120.69068,24.14707],[120.69066,24.14728],[120.69035,24.14775],[120.69024,24.1481],[120.69024,24.14827],[120.69099,24.14877],[120.6912,24.1492],[120.69138,24.14976],[120.69116,24.15004],[120.69062,24.15027],[120.69062,24.15041],[120.69092,24.15094],[120.69095,24.1511],[120.69081,24.15149],[120.69057,24.15178],[120.69056,24.15199],[120.69061,24.15206],[120.69165,24.15175],[120.69169,24.15192],[120.69175,24.15192],[120.69247,24.15167]]]}},{"type":"Feature","properties":{"c":"66000020013","t":"東區","v":"合作里"},"geometry":{"type":"Polygon","coordinates":[[[120.69233,24.1527],[120.69458,24.15246],[120.69558,24.15214],[120.69614,24.15209],[120.69699,24.15173],[120.6978,24.15163],[120.69849,24.15137],[120.69867,24.15135],[120.69919,24.15156],[120.70013,24.15131],[120.70034,24.15095],[120.69975,24.1496],[120.69868,24.14955],[120.69648,24.14975],[120.69456,24.14977],[120.6944,24.14986],[120.69441,24.1516],[120.69247,24.15167],[120.69169,24.15192],[120.69199,24.15264],[120.69222,24.15271],[120.69233,24.1527]]]}},{"type":"Feature","properties":{"c":"66000020014","t":"東區","v":"富台里"},"geometry":{"type":"Polygon","coordinates":[[[120.6908,24.1428],[120.68919,24.1429],[120.6893,24.14438],[120.68956,24.14457],[120.69095,24.14458],[120.69179,24.14449],[120.69173,24.14402],[120.6918,24.1439],[120.69178,24.1431],[120.69245,24.14306],[120.69246,24.14275],[120.69106,24.14278],[120.6908,24.1428]]]}},{"type":"Feature","properties":{"c":"66000020015","t":"東區","v":"富仁里"},"geometry":{"type":"Polygon","coordinates":[[[120.69184,24.14576],[120.69247,24.14551],[120.69245,24.14306],[120.69178,24.1431],[120.6918,24.1439],[120.69173,24.14402],[120.69179,24.14449],[120.69095,24.14458],[120.68956,24.14457],[120.6893,24.14438],[120.68919,24.1429],[120.68577,24.14317],[120.68588,24.14369],[120.68642,24.14522],[120.68642,24.14563],[120.68648,24.14577],[120.68757,24.14618],[120.68864,24.14646],[120.68915,24.14658],[120.69013,24.14648],[120.6904,24.14653],[120.69055,24.14673],[120.69105,24.14667],[120.69097,24.14608],[120.69181,24.146],[120.69184,24.14576]]]}},{"type":"Feature","properties":{"c":"66000020016","t":"東區","v":"東信里"},"geometry":{"type":"Polygon","coordinates":[[[120.70218,24.13887],[120.70269,24.13888],[120.70382,24.13856],[120.70432,24.13832],[120.70537,24.13767],[120.70636,24.1367],[120.70918,24.13536],[120.70841,24.13366],[120.70794,24.13197],[120.70664,24.12937],[120.70568,24.12789],[120.70416,24.12487],[120.70308,24.12489],[120.70227,24.125],[120.70206,24.12581],[120.70162,24.12705],[120.69992,24.12974],[120.69955,24.13063],[120.69936,24.13173],[120.69948,24.13268],[120.70049,24.13641],[120.70079,24.13888],[120.70144,24.13889],[120.70218,24.13887]]]}},{"type":"Feature","properties":{"c":"66000020017","t":"東區","v":"東英里"},"geometry":{"type":"Polygon","coordinates":[[[120.7102,24.14983],[120.71094,24.14945],[120.71117,24.14918],[120.71138,24.14856],[120.71159,24.14746],[120.71203,24.14725],[120.71201,24.14594],[120.71221,24.1459],[120.71182,24.14453],[120.71207,24.14453],[120.71109,24.14272],[120.71075,24.1418],[120.71056,24.14084],[120.71044,24.13834],[120.71031,24.13753],[120.70999,24.13676],[120.70918,24.13536],[120.70636,24.1367],[120.70536,24.13768],[120.70597,24.14044],[120.70607,24.14447],[120.70634,24.14877],[120.70694,24.14928],[120.70731,24.14945],[120.70816,24.14942],[120.70929,24.14984],[120.71,24.14992],[120.7102,24.14983]]]}},{"type":"Feature","properties":{"c":"66000030001","t":"南區","v":"城隍里"},"geometry":{"type":"Polygon","coordinates":[[[120.68201,24.13112],[120.68409,24.132],[120.6851,24.13001],[120.68498,24.12947],[120.67904,24.12698],[120.67764,24.12976],[120.67972,24.1306],[120.67991,24.13022],[120.68145,24.13089],[120.68201,24.13112]]]}},{"type":"Feature","properties":{"c":"66000030002","t":"南區","v":"國光里"},"geometry":{"type":"Polygon","coordinates":[[[120.6837,24.124],[120.6796,24.12399],[120.67935,24.12408],[120.67933,24.1264],[120.67904,24.12698],[120.68498,24.12947],[120.68451,24.12767],[120.68357,24.12458],[120.68354,24.12445],[120.68361,24.12422],[120.6837,24.124]]]}},{"type":"Feature","properties":{"c":"66000030003","t":"南區","v":"南門里"},"geometry":{"type":"Polygon","coordinates":[[[120.67934,24.11868],[120.67935,24.12408],[120.6796,24.12399],[120.6837,24.124],[120.68457,24.12214],[120.68535,24.12172],[120.68532,24.12143],[120.68513,24.12086],[120.68467,24.11997],[120.6843,24.11948],[120.68387,24.11895],[120.68345,24.11862],[120.68265,24.11837],[120.68192,24.1184],[120.68155,24.11833],[120.67946,24.11766],[120.67947,24.11755],[120.67938,24.11742],[120.67935,24.11834],[120.67934,24.11868]]]}},{"type":"Feature","properties":{"c":"66000030004","t":"南區","v":"德義里"},"geometry":{"type":"Polygon","coordinates":[[[120.67933,24.1264],[120.67934,24.12493],[120.67607,24.12491],[120.67574,24.12477],[120.67558,24.12504],[120.67516,24.12492],[120.67516,24.12524],[120.67409,24.12529],[120.67409,24.12563],[120.67461,24.12564],[120.67461,24.12641],[120.67488,24.12641],[120.67488,24.12668],[120.67467,24.12691],[120.67446,24.1274],[120.67476,24.12755],[120.67474,24.12759],[120.6757,24.12799],[120.67607,24.12765],[120.67631,24.12851],[120.67792,24.12923],[120.67904,24.12698],[120.67933,24.1264]]]}},{"type":"Feature","properties":{"c":"66000030005","t":"南區","v":"積善里"},"geometry":{"type":"Polygon","coordinates":[[[120.67461,24.12641],[120.67461,24.12564],[120.67409,24.12563],[120.67409,24.12529],[120.67516,24.12524],[120.67516,24.12492],[120.67558,24.12504],[120.67574,24.12477],[120.67607,24.12491],[120.67934,24.12493],[120.67938,24.11742],[120.67839,24.11734],[120.6771,24.11777],[120.6759,24.11772],[120.67528,24.11753],[120.6745,24.11718],[120.67338,24.11637],[120.67274,24.11603],[120.67238,24.11596],[120.67177,24.11553],[120.67177,24.11485],[120.67106,24.11481],[120.67104,24.11422],[120.67113,24.11362],[120.67157,24.11296],[120.67183,24.11244],[120.67191,24.11163],[120.67178,24.11139],[120.6713,24.11095],[120.67112,24.11092],[120.67013,24.11125],[120.67013,24.11151],[120.66993,24.11155],[120.66935,24.11199],[120.66915,24.11223],[120.66919,24.11273],[120.67007,24.11279],[120.67004,24.11478],[120.67046,24.11479],[120.67059,24.11507],[120.67069,24.11583],[120.67049,24.11653],[120.67083,24.11707],[120.67083,24.11724],[120.67065,24.11783],[120.67071,24.11835],[120.67089,24.11868],[120.6714,24.11907],[120.67162,24.11907],[120.6716,24.12319],[120.67169,24.12357],[120.6719,24.12391],[120.67222,24.12415],[120.6728,24.12433],[120.67374,24.12643],[120.67459,24.12644],[120.67461,24.12641]]]}},{"type":"Feature","properties":{"c":"66000030006","t":"南區","v":"江川里"},"geometry":{"type":"Polygon","coordinates":[[[120.67453,24.12799],[120.67476,24.12755],[120.67446,24.1274],[120.67467,24.12691],[120.67488,24.12668],[120.67488,24.12641],[120.67374,24.12643],[120.6728,24.12433],[120.67222,24.12415],[120.6719,24.12391],[120.67175,24.12368],[120.6716,24.12319],[120.6716,24.12236],[120.67003,24.12235],[120.67,24.12641],[120.66897,24.12859],[120.67192,24.12983],[120.67314,24.1274],[120.67379,24.12767],[120.67453,24.12799]]]}},{"type":"Feature","properties":{"c":"66000030007","t":"南區","v":"新榮里"},"geometry":{"type":"Polygon","coordinates":[[[120.67464,24.13197],[120.67546,24.13029],[120.67528,24.12992],[120.67518,24.12996],[120.67495,24.12986],[120.67505,24.12964],[120.67478,24.12931],[120.67453,24.12799],[120.67314,24.1274],[120.67192,24.12983],[120.66897,24.12859],[120.66844,24.12963],[120.67452,24.13219],[120.67464,24.13197]]]}},{"type":"Feature","properties":{"c":"66000030008","t":"南區","v":"福興里"},"geometry":{"type":"Polygon","coordinates":[[[120.66976,24.12697],[120.67,24.12641],[120.67002,24.12622],[120.67003,24.12235],[120.66679,24.12239],[120.66572,24.12351],[120.66638,24.12403],[120.66623,24.12417],[120.66595,24.12419],[120.66593,24.1246],[120.66624,24.12484],[120.6659,24.1252],[120.66589,24.1257],[120.66637,24.12727],[120.6665,24.12757],[120.66897,24.12859],[120.66976,24.12697]]]}},{"type":"Feature","properties":{"c":"66000030009","t":"南區","v":"福平里"},"geometry":{"type":"Polygon","coordinates":[[[120.662,24.13005],[120.66219,24.12966],[120.66241,24.12953],[120.66283,24.12941],[120.66312,24.12923],[120.66341,24.12917],[120.66397,24.12918],[120.66541,24.12952],[120.66592,24.12955],[120.66625,24.12894],[120.66645,24.12879],[120.66844,24.12963],[120.66897,24.12859],[120.6665,24.12757],[120.66589,24.1257],[120.6659,24.1252],[120.66624,24.12484],[120.66593,24.1246],[120.66595,24.12419],[120.66623,24.12417],[120.66638,24.12403],[120.66572,24.12351],[120.66522,24.12405],[120.66465,24.12448],[120.66329,24.12535],[120.66264,24.12714],[120.65985,24.126],[120.65937,24.12689],[120.65938,24.13006],[120.66193,24.13005],[120.662,24.13005]]]}},{"type":"Feature","properties":{"c":"66000030010","t":"南區","v":"和平里"},"geometry":{"type":"Polygon","coordinates":[[[120.66005,24.12457],[120.66141,24.1219],[120.66289,24.12034],[120.65885,24.11716],[120.65842,24.11739],[120.6566,24.11931],[120.65715,24.1231],[120.6574,24.12342],[120.65871,24.12401],[120.66005,24.12457]]]}},{"type":"Feature","properties":{"c":"66000030011","t":"南區","v":"永興里"},"geometry":{"type":"Polygon","coordinates":[[[120.66699,24.11691],[120.66846,24.11688],[120.66847,24.11451],[120.66673,24.11414],[120.66632,24.11256],[120.66498,24.11259],[120.66378,24.11225],[120.66304,24.11183],[120.66211,24.11097],[120.66165,24.1103],[120.6615,24.10987],[120.66171,24.10938],[120.6617,24.10914],[120.65936,24.1113],[120.65978,24.11204],[120.66012,24.11324],[120.6605,24.11324],[120.6605,24.1169],[120.66682,24.11691],[120.66699,24.11691]]]}},{"type":"Feature","properties":{"c":"66000030012","t":"南區","v":"樹義里"},"geometry":{"type":"Polygon","coordinates":[[[120.65413,24.11646],[120.6566,24.11387],[120.6617,24.10914],[120.6613,24.10742],[120.66129,24.10704],[120.66139,24.10664],[120.66133,24.10652],[120.66059,24.10601],[120.65877,24.10538],[120.6585,24.10521],[120.65786,24.10464],[120.65768,24.10456],[120.65709,24.10446],[120.65698,24.1045],[120.65692,24.10463],[120.65726,24.10507],[120.657,24.10539],[120.65713,24.10623],[120.6573,24.10642],[120.65779,24.1067],[120.6579,24.10694],[120.65782,24.10762],[120.65779,24.10773],[120.65767,24.10777],[120.6574,24.10759],[120.65709,24.10748],[120.65629,24.1075],[120.65585,24.10743],[120.6556,24.10756],[120.65506,24.10753],[120.65465,24.10763],[120.65438,24.1076],[120.65417,24.10768],[120.65309,24.10761],[120.65232,24.10737],[120.65203,24.10743],[120.65128,24.10725],[120.65073,24.10725],[120.65039,24.10732],[120.65075,24.10945],[120.65025,24.11148],[120.65003,24.11179],[120.64479,24.10995],[120.64435,24.11024],[120.64447,24.11053],[120.64466,24.11162],[120.64483,24.11206],[120.645,24.11227],[120.6454,24.11248],[120.64567,24.11244],[120.64619,24.11221],[120.6467,24.11212],[120.6477,24.1121],[120.64839,24.11217],[120.64893,24.11228],[120.64969,24.11263],[120.65085,24.1129],[120.65131,24.11313],[120.65169,24.11349],[120.65241,24.11501],[120.65285,24.11564],[120.65348,24.1163],[120.65399,24.11662],[120.65413,24.11646]]]}},{"type":"Feature","properties":{"c":"66000030013","t":"南區","v":"樹德里"},"geometry":{"type":"Polygon","coordinates":[[[120.65356,24.12337],[120.65409,24.12242],[120.65386,24.12227],[120.6566,24.11931],[120.65615,24.11774],[120.65596,24.11747],[120.6556,24.11717],[120.65515,24.11693],[120.65396,24.11661],[120.65348,24.1163],[120.65285,24.11564],[120.65241,24.11501],[120.65169,24.11349],[120.65131,24.11313],[120.65085,24.1129],[120.64969,24.11263],[120.64893,24.11228],[120.6477,24.1121],[120.6467,24.11212],[120.64619,24.11221],[120.64567,24.11244],[120.6454,24.11248],[120.64555,24.11297],[120.64576,24.11327],[120.64548,24.11377],[120.64556,24.1143],[120.64642,24.1146],[120.64651,24.11466],[120.64656,24.11484],[120.64707,24.11515],[120.6471,24.11526],[120.64711,24.11539],[120.64689,24.11556],[120.64688,24.11568],[120.64704,24.11617],[120.64719,24.1164],[120.64717,24.11651],[120.6469,24.11655],[120.64674,24.1167],[120.64674,24.11849],[120.64682,24.1187],[120.64539,24.11913],[120.64511,24.11907],[120.64474,24.11878],[120.64393,24.11873],[120.64372,24.11866],[120.64372,24.11904],[120.64357,24.11934],[120.6521,24.12599],[120.65356,24.12337]]]}},{"type":"Feature","properties":{"c":"66000030014","t":"南區","v":"西川里"},"geometry":{"type":"Polygon","coordinates":[[[120.65714,24.13396],[120.65813,24.13371],[120.65895,24.13359],[120.66144,24.13218],[120.66175,24.13213],[120.662,24.13005],[120.65735,24.13004],[120.65485,24.12934],[120.65489,24.13527],[120.65714,24.13396]]]}},{"type":"Feature","properties":{"c":"66000030015","t":"南區","v":"長春里"},"geometry":{"type":"Polygon","coordinates":[[[120.68039,24.13469],[120.68242,24.13553],[120.68409,24.132],[120.67991,24.13022],[120.67972,24.1306],[120.67764,24.12976],[120.67704,24.13098],[120.67803,24.13138],[120.67794,24.13156],[120.67901,24.132],[120.67817,24.13374],[120.68039,24.13469]]]}},{"type":"Feature","properties":{"c":"66000030016","t":"南區","v":"長榮里"},"geometry":{"type":"Polygon","coordinates":[[[120.6785,24.13179],[120.67794,24.13156],[120.67803,24.13138],[120.67704,24.13098],[120.67792,24.12923],[120.67631,24.12851],[120.67607,24.12765],[120.6757,24.12799],[120.67474,24.12759],[120.67453,24.12799],[120.67478,24.12931],[120.67505,24.12964],[120.67495,24.12986],[120.67518,24.12996],[120.67528,24.12992],[120.67546,24.13029],[120.67452,24.1322],[120.67817,24.13374],[120.67901,24.132],[120.6785,24.13179]]]}},{"type":"Feature","properties":{"c":"66000030017","t":"南區","v":"福順里"},"geometry":{"type":"Polygon","coordinates":[[[120.66283,24.12115],[120.66242,24.12082],[120.66141,24.1219],[120.65997,24.12473],[120.65947,24.12585],[120.66264,24.12714],[120.66329,24.12535],[120.66522,24.12405],[120.66577,24.12346],[120.66343,24.12163],[120.66283,24.12115]]]}},{"type":"Feature","properties":{"c":"66000030018","t":"南區","v":"平和里"},"geometry":{"type":"Polygon","coordinates":[[[120.67003,24.12235],[120.67161,24.12236],[120.67162,24.11907],[120.66515,24.11909],[120.66449,24.11915],[120.66382,24.11942],[120.66242,24.12082],[120.66577,24.12346],[120.66679,24.12239],[120.66855,24.12236],[120.67003,24.12235]]]}},{"type":"Feature","properties":{"c":"66000030019","t":"南區","v":"南和里"},"geometry":{"type":"Polygon","coordinates":[[[120.66846,24.11775],[120.66846,24.11688],[120.65986,24.11691],[120.65925,24.11702],[120.65885,24.11716],[120.66289,24.12034],[120.66382,24.11942],[120.66449,24.11915],[120.66515,24.11909],[120.66846,24.11909],[120.66846,24.11785],[120.66846,24.11775]]]}},{"type":"Feature","properties":{"c":"66000030020","t":"南區","v":"永和里"},"geometry":{"type":"Polygon","coordinates":[[[120.6714,24.11907],[120.67089,24.11868],[120.67071,24.11835],[120.67065,24.11783],[120.67083,24.11724],[120.67083,24.11707],[120.67049,24.11653],[120.67069,24.11583],[120.67059,24.11507],[120.67046,24.11479],[120.67004,24.11478],[120.67007,24.11279],[120.66919,24.11273],[120.66915,24.11223],[120.66878,24.11253],[120.66853,24.1126],[120.66779,24.11266],[120.66671,24.11248],[120.66632,24.11256],[120.66673,24.11414],[120.66847,24.11451],[120.66846,24.11909],[120.67005,24.11909],[120.6714,24.11907]]]}},{"type":"Feature","properties":{"c":"66000030021","t":"南區","v":"工學里"},"geometry":{"type":"Polygon","coordinates":[[[120.66053,24.11384],[120.6605,24.11324],[120.66012,24.11324],[120.65978,24.11204],[120.65936,24.1113],[120.6566,24.11387],[120.65399,24.11662],[120.65515,24.11693],[120.6556,24.11717],[120.65596,24.11747],[120.65615,24.11774],[120.6566,24.11931],[120.65842,24.11739],[120.6587,24.11722],[120.65951,24.11696],[120.6605,24.1169],[120.66051,24.11544],[120.66053,24.11384]]]}},{"type":"Feature","properties":{"c":"66000030022","t":"南區","v":"崇倫里"},"geometry":{"type":"Polygon","coordinates":[[[120.65898,24.13004],[120.65938,24.13006],[120.65937,24.12689],[120.65985,24.126],[120.65947,24.12585],[120.66005,24.12457],[120.65767,24.12357],[120.65725,24.12327],[120.65715,24.1231],[120.6566,24.11931],[120.65386,24.12227],[120.65409,24.12242],[120.6521,24.12599],[120.65448,24.1279],[120.65476,24.12838],[120.65485,24.12865],[120.65485,24.12934],[120.65735,24.13004],[120.65865,24.13007],[120.65898,24.13004]]]}},{"type":"Feature","properties":{"c":"66000040001","t":"西區","v":"民生里"},"geometry":{"type":"Polygon","coordinates":[[[120.68037,24.13755],[120.68217,24.13597],[120.68242,24.13553],[120.67609,24.13286],[120.67594,24.13307],[120.67439,24.13442],[120.67589,24.1359],[120.67612,24.1357],[120.67912,24.13861],[120.68037,24.13755]]]}},{"type":"Feature","properties":{"c":"66000040002","t":"西區","v":"利民里"},"geometry":{"type":"Polygon","coordinates":[[[120.67874,24.13894],[120.67912,24.13861],[120.67612,24.1357],[120.67589,24.1359],[120.67439,24.13442],[120.67594,24.13307],[120.67609,24.13286],[120.67291,24.13152],[120.67179,24.13254],[120.67333,24.134],[120.67307,24.13423],[120.67383,24.13491],[120.67349,24.13522],[120.67406,24.13576],[120.6736,24.13616],[120.67456,24.13708],[120.6748,24.13686],[120.67629,24.1383],[120.67636,24.13824],[120.67727,24.13915],[120.67731,24.13912],[120.67772,24.13949],[120.67766,24.13954],[120.67784,24.13971],[120.67839,24.13924],[120.67874,24.13894]]]}},{"type":"Feature","properties":{"c":"66000040003","t":"西區","v":"三民里"},"geometry":{"type":"Polygon","coordinates":[[[120.67047,24.13368],[120.66951,24.13447],[120.66974,24.1347],[120.66991,24.13455],[120.67009,24.13473],[120.6703,24.13455],[120.67047,24.13471],[120.67036,24.13481],[120.67057,24.135],[120.67077,24.13483],[120.67301,24.13705],[120.67219,24.13774],[120.67371,24.13918],[120.67427,24.13869],[120.67458,24.13909],[120.67479,24.13923],[120.67495,24.13914],[120.67513,24.13931],[120.67573,24.13879],[120.67724,24.14023],[120.67784,24.13971],[120.67766,24.13954],[120.67772,24.13949],[120.67731,24.13912],[120.67727,24.13915],[120.67636,24.13824],[120.67629,24.1383],[120.6748,24.13686],[120.67456,24.13708],[120.6736,24.13616],[120.67406,24.13576],[120.67349,24.13522],[120.67383,24.13491],[120.67307,24.13423],[120.67333,24.134],[120.67179,24.13254],[120.6711,24.13314],[120.67047,24.13368]]]}},{"type":"Feature","properties":{"c":"66000040004","t":"西區","v":"東昇里"},"geometry":{"type":"Polygon","coordinates":[[[120.66922,24.13687],[120.66945,24.13709],[120.66924,24.13728],[120.66936,24.13741],[120.66879,24.13787],[120.6692,24.13827],[120.66979,24.1377],[120.67033,24.13798],[120.67226,24.13629],[120.67077,24.13483],[120.67057,24.135],[120.67036,24.13481],[120.67047,24.13471],[120.6703,24.13455],[120.67009,24.13473],[120.66991,24.13455],[120.66974,24.1347],[120.66951,24.13447],[120.66731,24.13641],[120.66805,24.13714],[120.66882,24.13648],[120.66922,24.13687]]]}},{"type":"Feature","properties":{"c":"66000040005","t":"西區","v":"廣民里"},"geometry":{"type":"Polygon","coordinates":[[[120.67576,24.14151],[120.67724,24.14023],[120.67573,24.13879],[120.67513,24.13931],[120.67495,24.13914],[120.67479,24.13923],[120.67458,24.13909],[120.67427,24.13869],[120.67371,24.13918],[120.67219,24.13774],[120.67301,24.13705],[120.67226,24.13629],[120.67085,24.13752],[120.6716,24.13826],[120.67111,24.1387],[120.6713,24.13887],[120.67115,24.13901],[120.67121,24.13907],[120.67112,24.13916],[120.67129,24.1393],[120.67139,24.13922],[120.67173,24.13952],[120.67196,24.14],[120.67222,24.13976],[120.67252,24.14],[120.6722,24.14042],[120.67455,24.14113],[120.67392,24.14171],[120.67412,24.1419],[120.67423,24.14181],[120.67438,24.14196],[120.6743,24.14203],[120.67472,24.14242],[120.6755,24.14173],[120.67576,24.14151]]]}},{"type":"Feature","properties":{"c":"66000040006","t":"西區","v":"平和里"},"geometry":{"type":"Polygon","coordinates":[[[120.67178,24.14503],[120.67472,24.14242],[120.6743,24.14203],[120.67438,24.14196],[120.67423,24.14181],[120.67412,24.1419],[120.67392,24.14171],[120.67455,24.14113],[120.6722,24.14042],[120.67252,24.14],[120.67222,24.13976],[120.67196,24.14],[120.67173,24.13952],[120.67139,24.13922],[120.67129,24.1393],[120.67112,24.13916],[120.67121,24.13907],[120.67115,24.13901],[120.6713,24.13887],[120.67111,24.1387],[120.6716,24.13826],[120.67085,24.13753],[120.67033,24.13798],[120.66979,24.1377],[120.6692,24.13827],[120.67068,24.13965],[120.67118,24.14001],[120.67033,24.14073],[120.67182,24.14217],[120.66974,24.14398],[120.67125,24.14546],[120.67176,24.14502],[120.67178,24.14503]]]}},{"type":"Feature","properties":{"c":"66000040007","t":"西區","v":"公民里"},"geometry":{"type":"Polygon","coordinates":[[[120.6692,24.13827],[120.66879,24.13787],[120.66936,24.13741],[120.66924,24.13728],[120.66945,24.13709],[120.66882,24.13648],[120.66805,24.13714],[120.66581,24.13494],[120.6657,24.13521],[120.6657,24.13654],[120.66401,24.13656],[120.66402,24.13861],[120.6657,24.13861],[120.66573,24.14008],[120.6665,24.13977],[120.66683,24.1401],[120.66732,24.13967],[120.67081,24.14306],[120.67182,24.14217],[120.67033,24.14073],[120.67118,24.14001],[120.67068,24.13965],[120.66957,24.13861],[120.6692,24.13827]]]}},{"type":"Feature","properties":{"c":"66000040008","t":"西區","v":"藍興里"},"geometry":{"type":"Polygon","coordinates":[[[120.66951,24.13447],[120.67291,24.13152],[120.66844,24.12962],[120.66581,24.13494],[120.66731,24.13641],[120.66855,24.1353],[120.66951,24.13447]]]}},{"type":"Feature","properties":{"c":"66000040009","t":"西區","v":"公舘里"},"geometry":{"type":"Polygon","coordinates":[[[120.66261,24.13217],[120.66264,24.13388],[120.66308,24.13388],[120.66307,24.13453],[120.66401,24.13453],[120.664,24.13656],[120.6657,24.13654],[120.6657,24.13521],[120.6659,24.13471],[120.66844,24.12962],[120.66645,24.12879],[120.66625,24.12894],[120.66601,24.12941],[120.66585,24.12956],[120.66541,24.12952],[120.66397,24.12918],[120.66312,24.12923],[120.66283,24.12941],[120.66241,24.12953],[120.66219,24.12966],[120.66209,24.1298],[120.66201,24.13003],[120.66175,24.13217],[120.66261,24.13217]]]}},{"type":"Feature","properties":{"c":"66000040010","t":"西區","v":"和龍里"},"geometry":{"type":"Polygon","coordinates":[[[120.67515,24.14936],[120.67432,24.14848],[120.6744,24.14833],[120.67437,24.14812],[120.67417,24.14778],[120.67397,24.14759],[120.67392,24.14745],[120.67416,24.14727],[120.67407,24.14718],[120.671,24.14984],[120.67188,24.15076],[120.6734,24.15218],[120.67368,24.1519],[120.67368,24.15157],[120.67378,24.1515],[120.67465,24.1515],[120.6749,24.15136],[120.67532,24.15131],[120.67529,24.15118],[120.67507,24.15124],[120.67494,24.15118],[120.67497,24.1509],[120.67526,24.1507],[120.67534,24.15058],[120.67521,24.15001],[120.67495,24.14972],[120.67514,24.1494],[120.67515,24.14936]]]}},{"type":"Feature","properties":{"c":"66000040011","t":"西區","v":"民龍里"},"geometry":{"type":"Polygon","coordinates":[[[120.66406,24.15476],[120.66397,24.15464],[120.6659,24.15368],[120.66635,24.15376],[120.66917,24.15358],[120.66929,24.15367],[120.66978,24.15377],[120.66982,24.15407],[120.6702,24.15417],[120.67034,24.15404],[120.67072,24.15401],[120.6711,24.15409],[120.67141,24.15436],[120.67171,24.15436],[120.67184,24.15431],[120.67196,24.15401],[120.67182,24.15368],[120.67157,24.1534],[120.67156,24.15321],[120.67242,24.15261],[120.67287,24.15222],[120.67299,24.15217],[120.67333,24.15224],[120.6734,24.15218],[120.67188,24.15076],[120.671,24.14984],[120.67054,24.15025],[120.66758,24.15026],[120.66758,24.15085],[120.66662,24.15084],[120.66663,24.14965],[120.66598,24.14965],[120.66598,24.14944],[120.66529,24.14943],[120.66529,24.14901],[120.6643,24.14902],[120.6643,24.15086],[120.66297,24.15086],[120.66292,24.15324],[120.66372,24.15457],[120.66406,24.15477],[120.66406,24.15476]]]}},{"type":"Feature","properties":{"c":"66000040012","t":"西區","v":"後龍里"},"geometry":{"type":"Polygon","coordinates":[[[120.67044,24.14613],[120.67034,24.14622],[120.66884,24.14478],[120.66823,24.1453],[120.66817,24.14541],[120.66816,24.14673],[120.66758,24.14673],[120.66758,24.15026],[120.67054,24.15025],[120.67407,24.14718],[120.67389,24.14701],[120.674,24.1464],[120.674,24.14626],[120.67394,24.14619],[120.67366,24.14607],[120.67326,24.14617],[120.67301,24.14614],[120.67178,24.14503],[120.67047,24.14611],[120.67044,24.14613]]]}},{"type":"Feature","properties":{"c":"66000040013","t":"西區","v":"安龍里"},"geometry":{"type":"Polygon","coordinates":[[[120.67044,24.14613],[120.67125,24.14546],[120.66974,24.14398],[120.67081,24.14306],[120.66732,24.13967],[120.66683,24.1401],[120.6665,24.13977],[120.66573,24.14008],[120.66429,24.1401],[120.66429,24.14166],[120.6617,24.14166],[120.6617,24.14432],[120.6653,24.14431],[120.6688,24.14441],[120.66884,24.14478],[120.67034,24.14622],[120.67044,24.14613]]]}},{"type":"Feature","properties":{"c":"66000040014","t":"西區","v":"吉龍里"},"geometry":{"type":"Polygon","coordinates":[[[120.66429,24.1401],[120.66573,24.14008],[120.6657,24.13861],[120.66402,24.13861],[120.66401,24.13453],[120.66307,24.13453],[120.66308,24.13388],[120.66264,24.13388],[120.66261,24.13217],[120.66175,24.13217],[120.66175,24.13213],[120.66144,24.13218],[120.65895,24.13359],[120.65813,24.13371],[120.65733,24.13391],[120.65733,24.13515],[120.65884,24.13515],[120.65883,24.13656],[120.66019,24.13656],[120.6602,24.13797],[120.66169,24.13797],[120.66169,24.13928],[120.66262,24.13928],[120.66261,24.1401],[120.66419,24.1401],[120.66429,24.1401]]]}},{"type":"Feature","properties":{"c":"66000040015","t":"西區","v":"昇平里"},"geometry":{"type":"Polygon","coordinates":[[[120.6643,24.14553],[120.66428,24.14435],[120.6617,24.14432],[120.6617,24.14298],[120.65623,24.14295],[120.65674,24.1434],[120.657,24.14401],[120.65699,24.1467],[120.6643,24.14674],[120.6643,24.14553]]]}},{"type":"Feature","properties":{"c":"66000040016","t":"西區","v":"忠明里"},"geometry":{"type":"Polygon","coordinates":[[[120.66092,24.15147],[120.65868,24.15146],[120.65868,24.15306],[120.65879,24.15348],[120.66306,24.16008],[120.6633,24.16061],[120.66366,24.16045],[120.66418,24.16043],[120.66473,24.16008],[120.6648,24.15994],[120.66479,24.15945],[120.66534,24.1591],[120.66479,24.15882],[120.6645,24.15858],[120.66388,24.15764],[120.66613,24.15597],[120.66372,24.15457],[120.66292,24.15324],[120.66295,24.15147],[120.66169,24.15147],[120.66092,24.15147]]]}},{"type":"Feature","properties":{"c":"66000040017","t":"西區","v":"公正里"},"geometry":{"type":"Polygon","coordinates":[[[120.65512,24.15045],[120.65512,24.14496],[120.65125,24.14501],[120.65125,24.14384],[120.64979,24.14381],[120.64978,24.14677],[120.65128,24.14678],[120.65137,24.14883],[120.65301,24.14882],[120.65302,24.15083],[120.65511,24.15088],[120.65512,24.15045]]]}},{"type":"Feature","properties":{"c":"66000040018","t":"西區","v":"土庫里"},"geometry":{"type":"Polygon","coordinates":[[[120.66429,24.1401],[120.66261,24.1401],[120.66262,24.13928],[120.66169,24.13928],[120.66169,24.13797],[120.6602,24.13797],[120.66019,24.13656],[120.65883,24.13656],[120.65884,24.13515],[120.65733,24.13515],[120.65731,24.14296],[120.6617,24.14298],[120.6617,24.14166],[120.66429,24.14166],[120.66429,24.1401]]]}},{"type":"Feature","properties":{"c":"66000040019","t":"西區","v":"忠誠里"},"geometry":{"type":"Polygon","coordinates":[[[120.66336,24.1606],[120.6633,24.16061],[120.66306,24.16008],[120.65879,24.15348],[120.65868,24.15306],[120.65868,24.15254],[120.6582,24.15254],[120.6582,24.1529],[120.65792,24.1529],[120.65792,24.15278],[120.65733,24.15278],[120.65734,24.15319],[120.65651,24.15321],[120.65651,24.15341],[120.65622,24.15342],[120.65622,24.15363],[120.65535,24.15364],[120.65535,24.15397],[120.65543,24.15398],[120.65558,24.15419],[120.65531,24.15434],[120.65566,24.15482],[120.65449,24.15546],[120.65527,24.15659],[120.65581,24.1563],[120.6561,24.15665],[120.65663,24.15636],[120.65814,24.15858],[120.66051,24.16229],[120.66253,24.16363],[120.66319,24.16341],[120.66337,24.16315],[120.66254,24.16208],[120.66258,24.16182],[120.66336,24.16061],[120.66336,24.1606]]]}},{"type":"Feature","properties":{"c":"66000040020","t":"西區","v":"公益里"},"geometry":{"type":"Polygon","coordinates":[[[120.65954,24.15146],[120.66021,24.15144],[120.66017,24.14674],[120.65699,24.1467],[120.65699,24.14934],[120.65706,24.14951],[120.65732,24.14965],[120.65731,24.15087],[120.65869,24.15085],[120.65868,24.15146],[120.65889,24.15146],[120.65954,24.15146]]]}},{"type":"Feature","properties":{"c":"66000040021","t":"西區","v":"中興里"},"geometry":{"type":"Polygon","coordinates":[[[120.6602,24.14787],[120.66021,24.15144],[120.66295,24.15147],[120.66297,24.15086],[120.6643,24.15086],[120.6643,24.14674],[120.66017,24.14674],[120.6602,24.14787]]]}},{"type":"Feature","properties":{"c":"66000040022","t":"西區","v":"公平里"},"geometry":{"type":"Polygon","coordinates":[[[120.65449,24.15546],[120.65566,24.15482],[120.65531,24.15434],[120.65558,24.15419],[120.65543,24.15398],[120.65535,24.15397],[120.65535,24.15364],[120.65622,24.15363],[120.65622,24.15342],[120.65651,24.15341],[120.65651,24.15321],[120.65734,24.15319],[120.65733,24.15278],[120.65792,24.15278],[120.65792,24.1529],[120.6582,24.1529],[120.6582,24.15254],[120.65868,24.15254],[120.65869,24.15085],[120.65511,24.15088],[120.65302,24.15083],[120.65299,24.15314],[120.65304,24.15457],[120.65383,24.1558],[120.65449,24.15546]]]}},{"type":"Feature","properties":{"c":"66000040023","t":"西區","v":"公德里"},"geometry":{"type":"Polygon","coordinates":[[[120.65675,24.15087],[120.65731,24.15087],[120.65732,24.14965],[120.65706,24.14951],[120.65699,24.14934],[120.657,24.14401],[120.65674,24.1434],[120.65596,24.14271],[120.65581,24.14243],[120.65567,24.14121],[120.65486,24.14037],[120.65486,24.14017],[120.6546,24.14017],[120.65459,24.14055],[120.65516,24.1412],[120.65505,24.14499],[120.65512,24.14496],[120.65511,24.15088],[120.65675,24.15087]]]}},{"type":"Feature","properties":{"c":"66000040024","t":"西區","v":"双龍里"},"geometry":{"type":"Polygon","coordinates":[[[120.66758,24.15026],[120.66758,24.14673],[120.66816,24.14673],[120.66817,24.14541],[120.66884,24.14478],[120.6688,24.14441],[120.6653,24.14431],[120.66428,24.14435],[120.6643,24.14902],[120.66529,24.14901],[120.66529,24.14943],[120.66598,24.14944],[120.66598,24.14965],[120.66663,24.14965],[120.66662,24.15084],[120.66758,24.15085],[120.66758,24.15026]]]}},{"type":"Feature","properties":{"c":"66000040025","t":"西區","v":"大忠里"},"geometry":{"type":"Polygon","coordinates":[[[120.65487,24.13785],[120.65486,24.14037],[120.65571,24.14129],[120.65581,24.14243],[120.65596,24.14271],[120.65623,24.14295],[120.65731,24.14296],[120.65733,24.13391],[120.65714,24.13396],[120.65489,24.13527],[120.65487,24.13785]]]}},{"type":"Feature","properties":{"c":"66000050001","t":"北區","v":"光大里"},"geometry":{"type":"Polygon","coordinates":[[[120.67789,24.15516],[120.67788,24.15392],[120.67794,24.15392],[120.67798,24.15328],[120.67811,24.15309],[120.6793,24.1535],[120.6797,24.15188],[120.67887,24.15157],[120.67894,24.15143],[120.67834,24.15122],[120.67846,24.15094],[120.6784,24.15091],[120.67819,24.15017],[120.67805,24.14992],[120.6778,24.14983],[120.67855,24.14783],[120.67846,24.14772],[120.67843,24.14746],[120.67748,24.14787],[120.6773,24.14783],[120.67713,24.14797],[120.67749,24.14835],[120.67711,24.14869],[120.67703,24.14861],[120.67675,24.14879],[120.67605,24.14814],[120.67493,24.14911],[120.67515,24.14936],[120.67523,24.14928],[120.67731,24.15128],[120.6773,24.15465],[120.67693,24.15573],[120.6779,24.15573],[120.67789,24.15516]]]}},{"type":"Feature","properties":{"c":"66000050002","t":"北區","v":"文莊里"},"geometry":{"type":"Polygon","coordinates":[[[120.67693,24.15573],[120.6773,24.15465],[120.67731,24.15128],[120.67523,24.14928],[120.67495,24.14972],[120.67521,24.15001],[120.67534,24.15058],[120.67526,24.1507],[120.67497,24.1509],[120.67493,24.1511],[120.67496,24.15122],[120.67529,24.15118],[120.67532,24.15131],[120.6749,24.15136],[120.67465,24.1515],[120.67396,24.15148],[120.67371,24.15153],[120.67366,24.15193],[120.67333,24.15224],[120.67316,24.15219],[120.67314,24.15381],[120.67324,24.15401],[120.67341,24.15407],[120.67474,24.15405],[120.67528,24.15574],[120.67622,24.15573],[120.67693,24.15573]]]}},{"type":"Feature","properties":{"c":"66000050003","t":"北區","v":"五常里"},"geometry":{"type":"Polygon","coordinates":[[[120.67789,24.15516],[120.6779,24.15573],[120.68154,24.15573],[120.68508,24.15726],[120.68621,24.15474],[120.67963,24.1522],[120.6793,24.1535],[120.67811,24.15309],[120.67793,24.1534],[120.6779,24.15419],[120.67789,24.15516]]]}},{"type":"Feature","properties":{"c":"66000050004","t":"北區","v":"新興里"},"geometry":{"type":"Polygon","coordinates":[[[120.68669,24.14784],[120.68684,24.14778],[120.68709,24.14786],[120.68713,24.14775],[120.68805,24.14774],[120.68817,24.14756],[120.68868,24.1474],[120.68902,24.14739],[120.68907,24.14733],[120.68871,24.14704],[120.68865,24.14675],[120.69062,24.14735],[120.69068,24.14707],[120.69063,24.14686],[120.6904,24.14653],[120.69013,24.14648],[120.68915,24.14658],[120.68757,24.14618],[120.68648,24.14577],[120.68642,24.14563],[120.68642,24.14522],[120.68577,24.14327],[120.68531,24.14323],[120.68433,24.14231],[120.68311,24.14345],[120.68179,24.14454],[120.68173,24.14465],[120.68165,24.14489],[120.68192,24.1453],[120.6822,24.14594],[120.68186,24.14625],[120.68199,24.14657],[120.68194,24.14665],[120.68257,24.14732],[120.683,24.14717],[120.68417,24.14988],[120.68452,24.14976],[120.68385,24.14815],[120.68643,24.14724],[120.68669,24.14784]]]}},{"type":"Feature","properties":{"c":"66000050005","t":"北區","v":"新北里"},"geometry":{"type":"Polygon","coordinates":[[[120.68731,24.15568],[120.68736,24.15572],[120.68767,24.1556],[120.68717,24.15436],[120.68916,24.15364],[120.68812,24.15103],[120.68643,24.14724],[120.68385,24.14815],[120.68452,24.14976],[120.68417,24.14988],[120.68542,24.15299],[120.68621,24.15474],[120.68731,24.15568]]]}},{"type":"Feature","properties":{"c":"66000050006","t":"北區","v":"樂英里"},"geometry":{"type":"Polygon","coordinates":[[[120.68709,24.14786],[120.68684,24.14778],[120.68669,24.14784],[120.68812,24.15103],[120.68916,24.15364],[120.68717,24.15436],[120.68767,24.1556],[120.68969,24.15491],[120.68989,24.15546],[120.69059,24.15522],[120.69053,24.15508],[120.69125,24.15485],[120.69134,24.15508],[120.69274,24.15455],[120.69281,24.15448],[120.69293,24.15448],[120.69264,24.15266],[120.69222,24.15271],[120.69199,24.15264],[120.69177,24.15219],[120.69165,24.15175],[120.69061,24.15206],[120.69056,24.15199],[120.69057,24.15178],[120.69081,24.15149],[120.69095,24.1511],[120.69092,24.15094],[120.69062,24.15041],[120.69062,24.15027],[120.69116,24.15004],[120.69138,24.14976],[120.6912,24.1492],[120.69099,24.14877],[120.69024,24.14827],[120.69024,24.1481],[120.69035,24.14775],[120.69062,24.14735],[120.68865,24.14675],[120.68871,24.14704],[120.68907,24.14733],[120.68902,24.14739],[120.68868,24.1474],[120.68817,24.14756],[120.68805,24.14774],[120.68713,24.14775],[120.68709,24.14786]]]}},{"type":"Feature","properties":{"c":"66000050007","t":"北區","v":"錦村里"},"geometry":{"type":"Polygon","coordinates":[[[120.69866,24.15542],[120.69813,24.1515],[120.6978,24.15163],[120.69699,24.15173],[120.69614,24.15209],[120.69558,24.15214],[120.69458,24.15246],[120.69264,24.15266],[120.69281,24.15385],[120.69442,24.15394],[120.69441,24.1546],[120.69508,24.15454],[120.69532,24.15483],[120.69535,24.15503],[120.69523,24.15548],[120.69831,24.15543],[120.69866,24.15542]]]}},{"type":"Feature","properties":{"c":"66000050008","t":"北區","v":"建成里"},"geometry":{"type":"Polygon","coordinates":[[[120.69998,24.16029],[120.70391,24.15937],[120.70391,24.15845],[120.70383,24.15773],[120.70312,24.15727],[120.70263,24.15669],[120.70142,24.15469],[120.70076,24.15398],[120.69974,24.15143],[120.69919,24.15156],[120.69867,24.15135],[120.69849,24.15137],[120.69813,24.1515],[120.69935,24.1604],[120.69998,24.16029]]]}},{"type":"Feature","properties":{"c":"66000050009","t":"北區","v":"錦洲里"},"geometry":{"type":"Polygon","coordinates":[[[120.69734,24.15989],[120.69734,24.15978],[120.69697,24.15924],[120.69688,24.15884],[120.69676,24.1587],[120.69638,24.1587],[120.69619,24.15838],[120.6961,24.15797],[120.69596,24.15797],[120.69596,24.15671],[120.69577,24.15671],[120.69566,24.1564],[120.69523,24.15594],[120.69523,24.15548],[120.6944,24.15547],[120.69442,24.16033],[120.69437,24.1608],[120.69416,24.16131],[120.69739,24.16074],[120.69735,24.16032],[120.69734,24.15989]]]}},{"type":"Feature","properties":{"c":"66000050010","t":"北區","v":"金華里"},"geometry":{"type":"Polygon","coordinates":[[[120.691,24.15885],[120.69138,24.15917],[120.69142,24.1591],[120.69111,24.15851],[120.69027,24.15641],[120.69236,24.15573],[120.69248,24.15603],[120.69357,24.15583],[120.69353,24.15547],[120.69523,24.15548],[120.69535,24.15503],[120.69532,24.15483],[120.69508,24.15454],[120.69441,24.1546],[120.69442,24.15394],[120.69281,24.15385],[120.69293,24.15448],[120.69281,24.15448],[120.69274,24.15455],[120.69134,24.15508],[120.69125,24.15485],[120.69053,24.15508],[120.69059,24.15522],[120.68989,24.15546],[120.68969,24.15491],[120.68736,24.15572],[120.69089,24.1587],[120.691,24.15885]]]}},{"type":"Feature","properties":{"c":"66000050011","t":"北區","v":"金龍里"},"geometry":{"type":"Polygon","coordinates":[[[120.69231,24.1614],[120.69134,24.15912],[120.68621,24.15474],[120.68521,24.15702],[120.68561,24.15734],[120.68562,24.15914],[120.68568,24.15927],[120.6861,24.15971],[120.68644,24.16106],[120.68681,24.16113],[120.68758,24.16111],[120.68798,24.16087],[120.68826,24.16085],[120.68842,24.16108],[120.68848,24.16138],[120.68844,24.16162],[120.68862,24.16229],[120.69228,24.16166],[120.6923,24.16141],[120.69231,24.1614]]]}},{"type":"Feature","properties":{"c":"66000050012","t":"北區","v":"邱厝里"},"geometry":{"type":"Polygon","coordinates":[[[120.68561,24.15839],[120.68561,24.15736],[120.68521,24.15702],[120.68508,24.15726],[120.68154,24.15573],[120.67528,24.15574],[120.67572,24.15716],[120.67647,24.15715],[120.67641,24.15734],[120.67989,24.15738],[120.68075,24.15839],[120.68083,24.15914],[120.68561,24.15905],[120.68561,24.15867],[120.68561,24.15839]]]}},{"type":"Feature","properties":{"c":"66000050013","t":"北區","v":"建興里"},"geometry":{"type":"Polygon","coordinates":[[[120.68752,24.16273],[120.68839,24.16273],[120.68852,24.16255],[120.68849,24.16236],[120.68862,24.16229],[120.68844,24.16162],[120.68848,24.16138],[120.68842,24.16108],[120.68834,24.16091],[120.6881,24.16083],[120.68758,24.16111],[120.68651,24.16111],[120.68638,24.16096],[120.6861,24.15971],[120.68568,24.15927],[120.68561,24.15905],[120.68095,24.15913],[120.68097,24.1624],[120.6819,24.16228],[120.68366,24.16248],[120.68497,24.1627],[120.68507,24.16262],[120.6852,24.16275],[120.68668,24.16274],[120.68752,24.16273]]]}},{"type":"Feature","properties":{"c":"66000050014","t":"北區","v":"頂厝里"},"geometry":{"type":"Polygon","coordinates":[[[120.68252,24.16619],[120.68294,24.16855],[120.68506,24.16842],[120.68499,24.16751],[120.68499,24.16698],[120.68502,24.1669],[120.68514,24.16695],[120.68507,24.16262],[120.68497,24.1627],[120.68366,24.16248],[120.6819,24.16228],[120.68097,24.1624],[120.68097,24.16311],[120.68139,24.1631],[120.6815,24.16396],[120.68166,24.16394],[120.68167,24.1645],[120.68238,24.16448],[120.68239,24.16537],[120.68252,24.16618],[120.68252,24.16619]]]}},{"type":"Feature","properties":{"c":"66000050015","t":"北區","v":"賴厝里"},"geometry":{"type":"Polygon","coordinates":[[[120.67542,24.16533],[120.6739,24.16502],[120.67326,24.16693],[120.67992,24.16714],[120.68268,24.16704],[120.68239,24.16522],[120.6755,24.16535],[120.67542,24.16533]]]}},{"type":"Feature","properties":{"c":"66000050016","t":"北區","v":"賴村里"},"geometry":{"type":"Polygon","coordinates":[[[120.67518,24.16106],[120.67461,24.1629],[120.67582,24.16319],[120.68097,24.16311],[120.68095,24.15913],[120.67579,24.15922],[120.67538,24.16045],[120.67518,24.16106]]]}},{"type":"Feature","properties":{"c":"66000050017","t":"北區","v":"育德里"},"geometry":{"type":"Polygon","coordinates":[[[120.67208,24.15777],[120.67207,24.15922],[120.68083,24.15914],[120.68075,24.15839],[120.67989,24.15738],[120.67641,24.15734],[120.67647,24.15715],[120.67438,24.15718],[120.67436,24.15737],[120.67207,24.15739],[120.67207,24.15749],[120.67208,24.15777]]]}},{"type":"Feature","properties":{"c":"66000050018","t":"北區","v":"淡溝里"},"geometry":{"type":"Polygon","coordinates":[[[120.66803,24.15921],[120.67207,24.15922],[120.67206,24.1572],[120.67061,24.15574],[120.6705,24.15574],[120.6705,24.15401],[120.67034,24.15404],[120.6702,24.15417],[120.66982,24.15407],[120.66978,24.15377],[120.66929,24.15367],[120.66917,24.15358],[120.66635,24.15376],[120.66584,24.15369],[120.66397,24.15464],[120.66406,24.15476],[120.66613,24.15597],[120.66388,24.15764],[120.6645,24.15858],[120.66479,24.15882],[120.66534,24.1591],[120.66543,24.15907],[120.66625,24.15923],[120.66746,24.1592],[120.66803,24.15921]]]}},{"type":"Feature","properties":{"c":"66000050019","t":"北區","v":"中達里"},"geometry":{"type":"Polygon","coordinates":[[[120.6705,24.15574],[120.67061,24.15574],[120.67206,24.1572],[120.67206,24.15739],[120.67436,24.15737],[120.67438,24.15718],[120.67572,24.15716],[120.67474,24.15405],[120.67341,24.15407],[120.67324,24.15401],[120.67314,24.15381],[120.67316,24.15219],[120.67299,24.15217],[120.67287,24.15222],[120.67242,24.15261],[120.67156,24.15321],[120.67157,24.1534],[120.67194,24.15389],[120.67194,24.15413],[120.67184,24.15431],[120.67141,24.15436],[120.6711,24.15409],[120.6705,24.15401],[120.6705,24.15445],[120.6705,24.15574]]]}},{"type":"Feature","properties":{"c":"66000050020","t":"北區","v":"錦祥里"},"geometry":{"type":"Polygon","coordinates":[[[120.69192,24.16046],[120.69231,24.1614],[120.69279,24.16131],[120.69292,24.16154],[120.69416,24.16131],[120.69422,24.16119],[120.69437,24.1608],[120.69442,24.16033],[120.6944,24.15547],[120.69353,24.15547],[120.69357,24.15583],[120.69248,24.15603],[120.69236,24.15573],[120.69027,24.15641],[120.69111,24.15851],[120.69142,24.1591],[120.69138,24.15917],[120.6918,24.16017],[120.69192,24.16046]]]}},{"type":"Feature","properties":{"c":"66000050021","t":"北區","v":"健行里"},"geometry":{"type":"Polygon","coordinates":[[[120.66413,24.16209],[120.66502,24.16263],[120.66562,24.16285],[120.67461,24.1629],[120.67579,24.15922],[120.66625,24.15923],[120.66543,24.15907],[120.66479,24.15945],[120.6648,24.15994],[120.66463,24.16016],[120.66418,24.16043],[120.66366,24.16045],[120.66336,24.16061],[120.66292,24.16133],[120.66362,24.16177],[120.66413,24.16209]]]}},{"type":"Feature","properties":{"c":"66000050022","t":"北區","v":"明德里"},"geometry":{"type":"Polygon","coordinates":[[[120.67053,24.16629],[120.67052,24.16288],[120.66562,24.16285],[120.66502,24.16263],[120.66292,24.16133],[120.66258,24.16182],[120.66254,24.16208],[120.66447,24.16459],[120.66464,24.16472],[120.66506,24.16579],[120.66558,24.1668],[120.67052,24.16686],[120.67053,24.16629]]]}},{"type":"Feature","properties":{"c":"66000050023","t":"北區","v":"長青里"},"geometry":{"type":"Polygon","coordinates":[[[120.67326,24.16693],[120.66558,24.1668],[120.66652,24.16977],[120.66826,24.16978],[120.66826,24.17003],[120.67223,24.17008],[120.67306,24.16749],[120.67326,24.16693]]]}},{"type":"Feature","properties":{"c":"66000050024","t":"北區","v":"賴明里"},"geometry":{"type":"Polygon","coordinates":[[[120.67223,24.17008],[120.67687,24.16991],[120.67665,24.16703],[120.67326,24.16693],[120.67242,24.16949],[120.67223,24.17008]]]}},{"type":"Feature","properties":{"c":"66000050025","t":"北區","v":"賴興里"},"geometry":{"type":"Polygon","coordinates":[[[120.6751,24.17076],[120.67516,24.17149],[120.67505,24.17372],[120.67611,24.17345],[120.67904,24.17304],[120.67959,24.1729],[120.67925,24.171],[120.67925,24.16982],[120.67504,24.16998],[120.6751,24.17076]]]}},{"type":"Feature","properties":{"c":"66000050026","t":"北區","v":"中正里"},"geometry":{"type":"Polygon","coordinates":[[[120.67411,24.14715],[120.67606,24.1455],[120.67571,24.14516],[120.67516,24.1453],[120.6752,24.14501],[120.67517,24.14482],[120.67443,24.14411],[120.67453,24.14402],[120.67376,24.14327],[120.67178,24.14503],[120.67301,24.14614],[120.67326,24.14617],[120.67366,24.14607],[120.67394,24.14619],[120.674,24.14626],[120.674,24.1464],[120.67389,24.14701],[120.67407,24.14718],[120.67411,24.14715]]]}},{"type":"Feature","properties":{"c":"66000050027","t":"北區","v":"六合里"},"geometry":{"type":"Polygon","coordinates":[[[120.67499,24.14905],[120.67605,24.14814],[120.67675,24.14879],[120.67703,24.14861],[120.67711,24.14869],[120.67749,24.14835],[120.67713,24.14797],[120.6773,24.14783],[120.67748,24.14787],[120.67843,24.14746],[120.67812,24.14676],[120.67803,24.14674],[120.67801,24.14687],[120.67782,24.14696],[120.67754,24.14693],[120.67606,24.1455],[120.67411,24.14715],[120.67407,24.14718],[120.67416,24.14727],[120.67392,24.14745],[120.67397,24.14759],[120.67417,24.14778],[120.67437,24.14812],[120.6744,24.14833],[120.67432,24.14848],[120.67493,24.14911],[120.67499,24.14905]]]}},{"type":"Feature","properties":{"c":"66000050028","t":"北區","v":"大湖里"},"geometry":{"type":"Polygon","coordinates":[[[120.68305,24.14729],[120.683,24.14717],[120.68257,24.14732],[120.68194,24.14665],[120.68199,24.14657],[120.68186,24.14624],[120.68137,24.14666],[120.68104,24.14669],[120.67921,24.14821],[120.67912,24.14825],[120.67895,24.1482],[120.67855,24.14783],[120.6778,24.14983],[120.67805,24.14992],[120.67819,24.15017],[120.6784,24.15091],[120.67846,24.15094],[120.67834,24.15122],[120.67894,24.15143],[120.67887,24.15157],[120.6797,24.15188],[120.67983,24.15135],[120.67984,24.15102],[120.67979,24.15078],[120.67955,24.15042],[120.67994,24.15027],[120.67986,24.15008],[120.68038,24.14986],[120.68019,24.14944],[120.68213,24.14876],[120.68207,24.14861],[120.68223,24.14837],[120.68208,24.14804],[120.68253,24.14786],[120.68249,24.14777],[120.68276,24.14768],[120.68266,24.14749],[120.68296,24.14736],[120.68305,24.14729]]]}},{"type":"Feature","properties":{"c":"66000050029","t":"北區","v":"錦平里"},"geometry":{"type":"Polygon","coordinates":[[[120.68449,24.15407],[120.68621,24.15474],[120.68542,24.15299],[120.68305,24.14729],[120.68266,24.14749],[120.68276,24.14768],[120.68249,24.14777],[120.68253,24.14786],[120.68208,24.14804],[120.68223,24.14837],[120.68207,24.14861],[120.68213,24.14876],[120.68019,24.14944],[120.68038,24.14986],[120.67986,24.15008],[120.67994,24.15027],[120.67955,24.15042],[120.67979,24.15078],[120.67985,24.15115],[120.67963,24.1522],[120.68339,24.15363],[120.68449,24.15407]]]}},{"type":"Feature","properties":{"c":"66000050030","t":"北區","v":"建德里"},"geometry":{"type":"Polygon","coordinates":[[[120.69697,24.15924],[120.69734,24.15978],[120.69739,24.16074],[120.69935,24.1604],[120.69866,24.15542],[120.69523,24.15548],[120.69523,24.15594],[120.69566,24.1564],[120.69577,24.15671],[120.69596,24.15671],[120.69596,24.15797],[120.6961,24.15797],[120.69619,24.15838],[120.69638,24.1587],[120.69676,24.1587],[120.69686,24.15881],[120.69696,24.15919],[120.69697,24.15924]]]}},{"type":"Feature","properties":{"c":"66000050031","t":"北區","v":"崇德里"},"geometry":{"type":"Polygon","coordinates":[[[120.6851,24.166],[120.68514,24.16695],[120.68518,24.16696],[120.68647,24.1669],[120.68787,24.16698],[120.68847,24.1669],[120.68843,24.16669],[120.68788,24.1658],[120.68784,24.1656],[120.68788,24.1654],[120.68804,24.16522],[120.68897,24.16455],[120.6889,24.16433],[120.68843,24.16386],[120.68828,24.16357],[120.68826,24.16303],[120.68839,24.16273],[120.6852,24.16275],[120.68507,24.16262],[120.68509,24.16533],[120.6851,24.166]]]}},{"type":"Feature","properties":{"c":"66000050032","t":"北區","v":"賴旺里"},"geometry":{"type":"Polygon","coordinates":[[[120.6751,24.17076],[120.67504,24.16998],[120.67223,24.17008],[120.67139,24.1738],[120.67285,24.17397],[120.67431,24.17388],[120.67505,24.17372],[120.67516,24.17149],[120.6751,24.17076]]]}},{"type":"Feature","properties":{"c":"66000050033","t":"北區","v":"明新里"},"geometry":{"type":"Polygon","coordinates":[[[120.67209,24.1669],[120.67326,24.16693],[120.67461,24.1629],[120.67052,24.16288],[120.67052,24.16686],[120.67209,24.1669]]]}},{"type":"Feature","properties":{"c":"66000050034","t":"北區","v":"立人里"},"geometry":{"type":"Polygon","coordinates":[[[120.67223,24.17008],[120.66826,24.17003],[120.66826,24.16978],[120.66652,24.16977],[120.66684,24.17088],[120.66686,24.17106],[120.66672,24.17157],[120.66692,24.17225],[120.66706,24.17307],[120.66767,24.17316],[120.66884,24.17345],[120.67139,24.1738],[120.67186,24.17164],[120.67223,24.17008]]]}},{"type":"Feature","properties":{"c":"66000050035","t":"北區","v":"梅川里"},"geometry":{"type":"Polygon","coordinates":[[[120.67687,24.16991],[120.67925,24.16982],[120.67917,24.16941],[120.67868,24.16855],[120.68033,24.1685],[120.68294,24.16855],[120.68268,24.16704],[120.67992,24.16714],[120.67665,24.16703],[120.67685,24.16964],[120.67687,24.16991]]]}},{"type":"Feature","properties":{"c":"66000050036","t":"北區","v":"賴福里"},"geometry":{"type":"Polygon","coordinates":[[[120.68144,24.1636],[120.68139,24.1631],[120.67582,24.16319],[120.67461,24.1629],[120.6739,24.16502],[120.6755,24.16535],[120.68239,24.16522],[120.68238,24.16448],[120.68167,24.1645],[120.68166,24.16394],[120.6815,24.16396],[120.68145,24.16363],[120.68144,24.1636]]]}},{"type":"Feature","properties":{"c":"66000060001","t":"西屯區","v":"西安里"},"geometry":{"type":"Polygon","coordinates":[[[120.64143,24.18655],[120.64181,24.18555],[120.64224,24.18487],[120.64317,24.184],[120.64376,24.18362],[120.6444,24.18334],[120.6444,24.183],[120.64432,24.1829],[120.64412,24.18287],[120.64422,24.18233],[120.64251,24.18231],[120.64259,24.18022],[120.64254,24.17966],[120.64233,24.17915],[120.64172,24.17826],[120.64226,24.1778],[120.64137,24.17705],[120.63949,24.17465],[120.63803,24.17556],[120.63888,24.18019],[120.63912,24.18057],[120.63947,24.18135],[120.63959,24.18213],[120.63959,24.18387],[120.64031,24.18656],[120.64136,24.18655],[120.64143,24.18655]]]}},{"type":"Feature","properties":{"c":"66000060002","t":"西屯區","v":"西墩里"},"geometry":{"type":"Polygon","coordinates":[[[120.64434,24.18744],[120.6443,24.18725],[120.64141,24.18727],[120.64143,24.18655],[120.64031,24.18656],[120.63959,24.18387],[120.63959,24.18213],[120.63947,24.18135],[120.63912,24.18057],[120.63888,24.18019],[120.63804,24.17557],[120.63746,24.17377],[120.63467,24.17421],[120.63516,24.17548],[120.6318,24.17601],[120.63164,24.17548],[120.63127,24.17502],[120.62974,24.17595],[120.62831,24.1767],[120.63015,24.17669],[120.63103,24.17681],[120.63142,24.17699],[120.63195,24.17735],[120.63235,24.17782],[120.63243,24.17807],[120.63256,24.17824],[120.63289,24.1781],[120.6333,24.17885],[120.63208,24.1792],[120.63214,24.17941],[120.63211,24.1798],[120.632,24.18019],[120.63183,24.18036],[120.63164,24.18125],[120.63201,24.18182],[120.63235,24.18204],[120.63224,24.18225],[120.63238,24.18262],[120.63249,24.18287],[120.63263,24.18284],[120.63288,24.18329],[120.63347,24.18351],[120.63386,24.18346],[120.63479,24.18437],[120.63567,24.18733],[120.63561,24.18832],[120.63545,24.18862],[120.63587,24.18865],[120.63579,24.18881],[120.63575,24.18938],[120.63581,24.18966],[120.63592,24.18982],[120.63622,24.19],[120.6366,24.19061],[120.63679,24.19071],[120.63716,24.19073],[120.6382,24.19064],[120.63812,24.19153],[120.63839,24.19179],[120.63888,24.1919],[120.63958,24.19149],[120.63968,24.19154],[120.63983,24.1915],[120.63991,24.19161],[120.64039,24.19133],[120.6409,24.19083],[120.64071,24.19038],[120.6419,24.19035],[120.6422,24.19067],[120.64334,24.19157],[120.64445,24.19218],[120.64541,24.19257],[120.64607,24.19135],[120.6461,24.19068],[120.64606,24.1905],[120.64549,24.19032],[120.64504,24.18993],[120.6449,24.18971],[120.64489,24.18895],[120.64453,24.18812],[120.64434,24.18812],[120.64434,24.18797],[120.64434,24.18744]]]}},{"type":"Feature","properties":{"c":"66000060003","t":"西屯區","v":"潮洋里"},"geometry":{"type":"Polygon","coordinates":[[[120.63746,24.17377],[120.63664,24.17099],[120.64093,24.16775],[120.63641,24.16077],[120.63627,24.16006],[120.63639,24.15699],[120.63628,24.157],[120.63606,24.15716],[120.63597,24.15715],[120.63578,24.15686],[120.63536,24.15671],[120.63489,24.1564],[120.6345,24.1558],[120.63442,24.15603],[120.63441,24.15633],[120.63448,24.1567],[120.63461,24.15697],[120.63448,24.15726],[120.63446,24.1577],[120.6346,24.15827],[120.63495,24.15909],[120.63506,24.15993],[120.63442,24.16002],[120.63389,24.15999],[120.63382,24.16059],[120.63039,24.16136],[120.63025,24.161],[120.62945,24.16119],[120.63036,24.16262],[120.62936,24.16291],[120.63206,24.16862],[120.63091,24.16897],[120.63171,24.17118],[120.63172,24.17138],[120.63191,24.17158],[120.63216,24.17243],[120.63177,24.17238],[120.63051,24.17327],[120.63127,24.17503],[120.63164,24.17548],[120.6318,24.17601],[120.63516,24.17548],[120.63467,24.17421],[120.63731,24.17379],[120.63746,24.17377]]]}},{"type":"Feature","properties":{"c":"66000060004","t":"西屯區","v":"龍潭里"},"geometry":{"type":"Polygon","coordinates":[[[120.63286,24.16081],[120.63382,24.16059],[120.63389,24.15999],[120.63354,24.15993],[120.63345,24.15979],[120.63341,24.15959],[120.6335,24.15896],[120.63342,24.15879],[120.63313,24.1587],[120.63252,24.15883],[120.63222,24.15881],[120.63183,24.15855],[120.63091,24.15772],[120.63056,24.15755],[120.63013,24.15751],[120.62994,24.15723],[120.62965,24.15631],[120.62937,24.15575],[120.62843,24.15511],[120.62784,24.15481],[120.62684,24.15444],[120.62606,24.15433],[120.62583,24.1545],[120.62562,24.15447],[120.62524,24.1541],[120.62487,24.15355],[120.62477,24.15417],[120.62449,24.15448],[120.62411,24.15464],[120.62396,24.1555],[120.62388,24.15649],[120.62322,24.15649],[120.62309,24.15619],[120.62286,24.15619],[120.62271,24.156],[120.62249,24.15598],[120.62236,24.15588],[120.62221,24.15776],[120.62246,24.15851],[120.62226,24.15877],[120.62247,24.15972],[120.62308,24.16098],[120.62348,24.1616],[120.62381,24.16188],[120.62491,24.16322],[120.62526,24.16379],[120.62551,24.16495],[120.62566,24.16826],[120.62574,24.16888],[120.62585,24.16908],[120.62589,24.16937],[120.62576,24.16992],[120.62607,24.17056],[120.62645,24.17055],[120.62721,24.17068],[120.62881,24.17217],[120.62972,24.17292],[120.63051,24.17327],[120.63177,24.17238],[120.63216,24.17239],[120.63191,24.17158],[120.63172,24.17138],[120.63171,24.17118],[120.63091,24.16897],[120.63206,24.16862],[120.62936,24.16291],[120.63036,24.16262],[120.62946,24.16119],[120.63025,24.161],[120.63039,24.16136],[120.63286,24.16081]]]}},{"type":"Feature","properties":{"c":"66000060005","t":"西屯區","v":"惠來里"},"geometry":{"type":"Polygon","coordinates":[[[120.65034,24.16996],[120.65083,24.16969],[120.65097,24.16956],[120.65091,24.16952],[120.65126,24.1692],[120.65076,24.16875],[120.65111,24.16839],[120.65071,24.168],[120.65053,24.1672],[120.65034,24.16674],[120.65031,24.16625],[120.64972,24.16652],[120.64926,24.16567],[120.6503,24.16512],[120.64962,24.16414],[120.65031,24.16377],[120.64686,24.15847],[120.64674,24.15466],[120.64567,24.15471],[120.64328,24.15467],[120.63906,24.15472],[120.63787,24.15466],[120.63671,24.15449],[120.63649,24.1555],[120.63634,24.15701],[120.63639,24.15699],[120.63642,24.15714],[120.63627,24.16006],[120.63634,24.16059],[120.64093,24.16775],[120.64277,24.16642],[120.64359,24.16599],[120.64802,24.16963],[120.64869,24.17012],[120.64941,24.1699],[120.6497,24.17033],[120.65034,24.16996]]]}},{"type":"Feature","properties":{"c":"66000060006","t":"西屯區","v":"上石里"},"geometry":{"type":"Polygon","coordinates":[[[120.64645,24.17139],[120.64802,24.16963],[120.6471,24.16886],[120.64575,24.17013],[120.64426,24.17137],[120.64116,24.17349],[120.64192,24.17441],[120.64247,24.17521],[120.64311,24.1769],[120.64409,24.1758],[120.64461,24.17357],[120.64482,24.17326],[120.64613,24.17173],[120.64645,24.17139]]]}},{"type":"Feature","properties":{"c":"66000060007","t":"西屯區","v":"逢甲里"},"geometry":{"type":"Polygon","coordinates":[[[120.64526,24.17644],[120.64548,24.1759],[120.64792,24.17417],[120.65014,24.17218],[120.64872,24.17014],[120.64802,24.16963],[120.64553,24.17241],[120.64461,24.17357],[120.64409,24.1758],[120.64311,24.1769],[120.64323,24.17723],[120.64327,24.17757],[120.64513,24.17772],[120.64522,24.17655],[120.64526,24.17644]]]}},{"type":"Feature","properties":{"c":"66000060008","t":"西屯區","v":"鵬程里"},"geometry":{"type":"Polygon","coordinates":[[[120.6502,24.18197],[120.65508,24.18652],[120.65514,24.17618],[120.65237,24.17618],[120.65163,24.17612],[120.65071,24.17589],[120.65036,24.1766],[120.64639,24.17649],[120.64662,24.17671],[120.64663,24.17697],[120.64658,24.17804],[120.6465,24.1782],[120.64643,24.18055],[120.64636,24.1808],[120.6463,24.18191],[120.64822,24.18195],[120.6502,24.18197]]]}},{"type":"Feature","properties":{"c":"66000060009","t":"西屯區","v":"何安里"},"geometry":{"type":"Polygon","coordinates":[[[120.65252,24.16651],[120.65751,24.16506],[120.65661,24.16359],[120.65638,24.16356],[120.6558,24.16319],[120.65521,24.1626],[120.65502,24.1621],[120.65479,24.16198],[120.65465,24.16199],[120.6542,24.16173],[120.65354,24.16102],[120.65312,24.16073],[120.64961,24.16265],[120.65031,24.16377],[120.64962,24.16414],[120.6503,24.16512],[120.64926,24.16567],[120.64943,24.16601],[120.64972,24.16652],[120.65031,24.16625],[120.65034,24.16674],[120.65049,24.16712],[120.65187,24.16671],[120.65252,24.16651]]]}},{"type":"Feature","properties":{"c":"66000060010","t":"西屯區","v":"何厝里"},"geometry":{"type":"Polygon","coordinates":[[[120.65644,24.16038],[120.65601,24.15914],[120.65312,24.16073],[120.65354,24.16102],[120.6542,24.16173],[120.65465,24.16199],[120.65479,24.16198],[120.65502,24.1621],[120.65521,24.1626],[120.6558,24.16319],[120.65638,24.16356],[120.65661,24.16359],[120.65751,24.16506],[120.6601,24.1643],[120.65882,24.16364],[120.65758,24.16318],[120.65741,24.16317],[120.65664,24.16097],[120.65644,24.16038]]]}},{"type":"Feature","properties":{"c":"66000060011","t":"西屯區","v":"大河里"},"geometry":{"type":"Polygon","coordinates":[[[120.66138,24.17258],[120.6608,24.17242],[120.6611,24.17164],[120.65788,24.17055],[120.65762,24.17098],[120.6576,24.17135],[120.65591,24.17045],[120.65584,24.17097],[120.65418,24.17096],[120.654,24.171],[120.65389,24.17112],[120.65356,24.1712],[120.65277,24.17121],[120.65232,24.17107],[120.65205,24.17078],[120.65199,24.17066],[120.65201,24.17026],[120.65185,24.17013],[120.65197,24.17001],[120.65097,24.16956],[120.65083,24.16969],[120.65155,24.1704],[120.65135,24.17057],[120.65165,24.17093],[120.65142,24.17105],[120.65184,24.17171],[120.65164,24.17183],[120.65193,24.17232],[120.65183,24.17261],[120.65194,24.17331],[120.65202,24.17345],[120.65194,24.17357],[120.65172,24.17368],[120.65204,24.17388],[120.65196,24.174],[120.65321,24.17472],[120.65438,24.17619],[120.65866,24.17619],[120.65896,24.17634],[120.65919,24.17635],[120.66144,24.17636],[120.66271,24.1763],[120.66269,24.17616],[120.66227,24.17546],[120.6618,24.17271],[120.66138,24.17258]]]}},{"type":"Feature","properties":{"c":"66000060012","t":"西屯區","v":"大石里"},"geometry":{"type":"Polygon","coordinates":[[[120.65657,24.18707],[120.65765,24.18705],[120.65746,24.18679],[120.65745,24.18667],[120.6576,24.18458],[120.65758,24.18424],[120.65781,24.18303],[120.65803,24.18054],[120.65796,24.17979],[120.65803,24.17753],[120.65815,24.17741],[120.66311,24.17749],[120.66293,24.18263],[120.66458,24.18267],[120.66455,24.17907],[120.66463,24.17904],[120.66465,24.17679],[120.66444,24.17644],[120.66423,24.17635],[120.66377,24.1763],[120.65919,24.17635],[120.65896,24.17634],[120.65866,24.17619],[120.65514,24.17618],[120.65508,24.18652],[120.65655,24.18764],[120.65657,24.18707]]]}},{"type":"Feature","properties":{"c":"66000060013","t":"西屯區","v":"大福里"},"geometry":{"type":"Polygon","coordinates":[[[120.66621,24.17849],[120.66634,24.17825],[120.66857,24.17827],[120.66953,24.17709],[120.66899,24.17662],[120.66892,24.17639],[120.66874,24.17613],[120.66868,24.17586],[120.66847,24.17566],[120.66829,24.17509],[120.66727,24.17356],[120.66677,24.17388],[120.66616,24.17359],[120.6657,24.17447],[120.66611,24.17536],[120.66578,24.1755],[120.66606,24.17731],[120.66599,24.17817],[120.66615,24.17821],[120.66615,24.17851],[120.66621,24.17849]]]}},{"type":"Feature","properties":{"c":"66000060014","t":"西屯區","v":"大鵬里"},"geometry":{"type":"Polygon","coordinates":[[[120.66615,24.17851],[120.66615,24.17821],[120.66599,24.17817],[120.66606,24.17731],[120.66578,24.1755],[120.66611,24.17536],[120.6657,24.17447],[120.66615,24.17362],[120.66578,24.17349],[120.66624,24.17298],[120.66413,24.17251],[120.66111,24.17162],[120.6608,24.17242],[120.6618,24.17271],[120.66227,24.17546],[120.66269,24.17616],[120.66271,24.1763],[120.66423,24.17635],[120.66451,24.1765],[120.66463,24.17671],[120.66463,24.17904],[120.66615,24.17851]]]}},{"type":"Feature","properties":{"c":"66000060015","t":"西屯區","v":"港尾里"},"geometry":{"type":"Polygon","coordinates":[[[120.65172,24.20979],[120.65404,24.20942],[120.65402,24.20887],[120.65432,24.20855],[120.65552,24.20802],[120.65575,24.20812],[120.65644,24.20867],[120.65768,24.20851],[120.65926,24.20724],[120.65964,24.20717],[120.66242,24.20707],[120.66481,24.20715],[120.66463,24.20545],[120.66462,24.20466],[120.66506,24.20362],[120.66504,24.20328],[120.66502,24.20313],[120.66471,24.20277],[120.66452,24.20233],[120.66458,24.20206],[120.66447,24.20157],[120.66431,24.20128],[120.66246,24.20032],[120.66195,24.19999],[120.66186,24.19985],[120.66133,24.19825],[120.66125,24.19816],[120.6611,24.19721],[120.65947,24.19261],[120.65917,24.19202],[120.65854,24.19033],[120.65845,24.19018],[120.65829,24.19008],[120.65802,24.19012],[120.65779,24.19004],[120.65766,24.1899],[120.65754,24.18962],[120.65744,24.18911],[120.65744,24.18832],[120.65751,24.18775],[120.65766,24.18769],[120.65777,24.18754],[120.65765,24.18705],[120.65657,24.18707],[120.65655,24.18764],[120.65508,24.18652],[120.6502,24.18197],[120.65,24.18757],[120.64617,24.18753],[120.64434,24.18744],[120.64434,24.18812],[120.64453,24.18812],[120.64489,24.18895],[120.6449,24.18971],[120.64504,24.18993],[120.64549,24.19032],[120.64606,24.1905],[120.64613,24.1909],[120.64607,24.19135],[120.64577,24.19197],[120.64571,24.19196],[120.64548,24.19238],[120.64463,24.19427],[120.64292,24.19627],[120.64346,24.19681],[120.6461,24.19667],[120.64625,24.1968],[120.6471,24.19721],[120.64738,24.19731],[120.6478,24.19732],[120.64757,24.19817],[120.64944,24.19879],[120.64943,24.19905],[120.6497,24.19912],[120.64977,24.19924],[120.65028,24.19917],[120.65084,24.19969],[120.65201,24.19929],[120.65216,24.19915],[120.65228,24.19991],[120.65261,24.20099],[120.65314,24.20201],[120.65322,24.20299],[120.65339,24.2035],[120.65302,24.20423],[120.65201,24.20662],[120.65025,24.20657],[120.65014,24.2069],[120.65007,24.20778],[120.64996,24.20763],[120.64949,24.20792],[120.65002,24.20834],[120.65117,24.20958],[120.6516,24.20981],[120.65172,24.20979]]]}},{"type":"Feature","properties":{"c":"66000060016","t":"西屯區","v":"廣福里"},"geometry":{"type":"Polygon","coordinates":[[[120.63559,24.19864],[120.63583,24.19975],[120.63693,24.20177],[120.63724,24.20278],[120.63763,24.20354],[120.63805,24.20359],[120.63845,24.20351],[120.63865,24.2034],[120.63891,24.20339],[120.639,24.20346],[120.63904,24.20437],[120.64092,24.20341],[120.64153,24.20321],[120.64213,24.20401],[120.64243,24.20501],[120.64445,24.20407],[120.64513,24.2039],[120.64535,24.20394],[120.646,24.20423],[120.64635,24.20478],[120.64685,24.20537],[120.6471,24.20592],[120.64738,24.20633],[120.64833,24.20702],[120.64874,24.20721],[120.64949,24.20792],[120.64996,24.20763],[120.65007,24.20778],[120.65014,24.2069],[120.65025,24.20657],[120.65201,24.20662],[120.65302,24.20423],[120.65339,24.2035],[120.65322,24.20299],[120.65314,24.20201],[120.65261,24.20099],[120.65228,24.19991],[120.65216,24.19915],[120.65201,24.19929],[120.65084,24.19969],[120.65028,24.19917],[120.64977,24.19924],[120.6497,24.19912],[120.64943,24.19905],[120.64944,24.19879],[120.64757,24.19817],[120.6478,24.19732],[120.64738,24.19731],[120.6471,24.19721],[120.64625,24.1968],[120.6461,24.19667],[120.64346,24.19681],[120.64292,24.19627],[120.64463,24.19427],[120.64541,24.19257],[120.64445,24.19218],[120.64334,24.19157],[120.6422,24.19067],[120.6419,24.19035],[120.64071,24.19038],[120.6409,24.19083],[120.64039,24.19133],[120.63991,24.19161],[120.63983,24.1915],[120.63968,24.19154],[120.63958,24.19149],[120.63888,24.1919],[120.63839,24.19179],[120.63812,24.19153],[120.6382,24.19064],[120.63716,24.19073],[120.63672,24.19068],[120.63687,24.19103],[120.63689,24.19167],[120.63737,24.19243],[120.63768,24.19257],[120.63788,24.19283],[120.63713,24.19295],[120.63506,24.19298],[120.635,24.19311],[120.63487,24.19314],[120.63485,24.19368],[120.63477,24.19408],[120.63459,24.19416],[120.63408,24.19383],[120.63332,24.19401],[120.63332,24.19421],[120.63286,24.19418],[120.63428,24.19808],[120.63551,24.19849],[120.63559,24.19864]]]}},{"type":"Feature","properties":{"c":"66000060017","t":"西屯區","v":"林厝里"},"geometry":{"type":"Polygon","coordinates":[[[120.60098,24.21471],[120.60074,24.21337],[120.60086,24.2134],[120.60249,24.21275],[120.60289,24.2125],[120.60345,24.21237],[120.60422,24.21235],[120.60536,24.2121],[120.60568,24.21188],[120.60606,24.2119],[120.60662,24.21168],[120.60813,24.2113],[120.60974,24.21137],[120.61015,24.21124],[120.61065,24.21089],[120.61127,24.21056],[120.61192,24.2105],[120.6132,24.21054],[120.61385,24.21028],[120.61444,24.20994],[120.61518,24.20975],[120.61605,24.20964],[120.61758,24.20916],[120.61916,24.20884],[120.62037,24.20869],[120.62077,24.20882],[120.62108,24.20881],[120.62407,24.20741],[120.62429,24.20763],[120.62455,24.20758],[120.62529,24.20723],[120.63167,24.20521],[120.63361,24.2045],[120.63558,24.20389],[120.63571,24.20381],[120.63561,24.20292],[120.63568,24.20229],[120.63586,24.20212],[120.63637,24.2019],[120.63694,24.20182],[120.63693,24.20177],[120.63583,24.19975],[120.63559,24.19864],[120.63551,24.19849],[120.63388,24.19796],[120.63275,24.1975],[120.63188,24.19711],[120.63139,24.19679],[120.63121,24.19655],[120.63091,24.19512],[120.63022,24.19385],[120.62982,24.19326],[120.62913,24.19257],[120.6288,24.1932],[120.6288,24.19335],[120.62854,24.19362],[120.6282,24.19343],[120.62755,24.19401],[120.62722,24.19422],[120.62654,24.19438],[120.62651,24.19451],[120.62642,24.19455],[120.62647,24.19463],[120.62643,24.19496],[120.62632,24.19502],[120.62606,24.19506],[120.62556,24.19496],[120.62537,24.19464],[120.62521,24.19467],[120.62514,24.19458],[120.62489,24.19452],[120.6249,24.19446],[120.62448,24.19401],[120.62408,24.19419],[120.62258,24.19206],[120.62017,24.19278],[120.61995,24.192],[120.61949,24.19091],[120.6197,24.19022],[120.61968,24.19004],[120.61912,24.18938],[120.6187,24.18902],[120.61651,24.19108],[120.6164,24.19088],[120.61512,24.19187],[120.61489,24.19197],[120.61287,24.19251],[120.6102,24.19415],[120.60872,24.19434],[120.60742,24.19511],[120.60652,24.19519],[120.60272,24.19506],[120.60243,24.1957],[120.60201,24.19618],[120.60159,24.19698],[120.60161,24.19723],[120.60178,24.1978],[120.59872,24.19849],[120.59787,24.19887],[120.59302,24.20043],[120.59263,24.20058],[120.59229,24.20085],[120.59283,24.20147],[120.59351,24.20301],[120.59396,24.20382],[120.59495,24.20628],[120.59507,24.2072],[120.59503,24.20801],[120.59556,24.21076],[120.5956,24.21138],[120.59556,24.21206],[120.59569,24.21269],[120.59633,24.21416],[120.59705,24.21401],[120.5977,24.214],[120.59826,24.21436],[120.59852,24.21444],[120.59937,24.21456],[120.59997,24.21474],[120.60058,24.2148],[120.60098,24.21471]]]}},{"type":"Feature","properties":{"c":"66000060018","t":"西屯區","v":"永安里"},"geometry":{"type":"Polygon","coordinates":[[[120.59444,24.19995],[120.59787,24.19887],[120.59872,24.19849],[120.60178,24.1978],[120.60161,24.19723],[120.60159,24.19698],[120.60201,24.19618],[120.60243,24.1957],[120.60272,24.19506],[120.60652,24.19519],[120.60742,24.19511],[120.60872,24.19434],[120.6102,24.19415],[120.61287,24.19251],[120.61489,24.19197],[120.61512,24.19187],[120.6164,24.19088],[120.61651,24.19108],[120.6187,24.18902],[120.61912,24.18938],[120.61968,24.19004],[120.6197,24.19022],[120.61949,24.19091],[120.61995,24.192],[120.62017,24.19278],[120.62258,24.19206],[120.62408,24.19419],[120.62448,24.19401],[120.6249,24.19446],[120.62489,24.19452],[120.62514,24.19458],[120.62521,24.19467],[120.62537,24.19464],[120.62556,24.19496],[120.62614,24.19506],[120.62643,24.19496],[120.62647,24.19463],[120.62642,24.19455],[120.62651,24.19451],[120.62654,24.19438],[120.62722,24.19422],[120.62755,24.19401],[120.6282,24.19343],[120.62831,24.19345],[120.62846,24.19362],[120.62864,24.19355],[120.6288,24.19335],[120.6288,24.1932],[120.62913,24.19257],[120.62982,24.19326],[120.63022,24.19385],[120.63091,24.19512],[120.63121,24.19655],[120.63139,24.19679],[120.63188,24.19711],[120.63275,24.1975],[120.63428,24.19808],[120.63286,24.19418],[120.63332,24.19421],[120.63332,24.19401],[120.63408,24.19383],[120.63459,24.19416],[120.63477,24.19408],[120.63485,24.19368],[120.63487,24.19314],[120.635,24.19311],[120.63506,24.19298],[120.63713,24.19295],[120.63788,24.19283],[120.63768,24.19257],[120.63733,24.19237],[120.63686,24.1916],[120.63687,24.19103],[120.63672,24.19068],[120.6364,24.19037],[120.63622,24.19],[120.63592,24.18982],[120.63581,24.18966],[120.63575,24.18938],[120.63579,24.18881],[120.63587,24.18865],[120.63545,24.18862],[120.63561,24.18832],[120.63567,24.18733],[120.63479,24.18437],[120.63386,24.18346],[120.63347,24.18351],[120.63288,24.18329],[120.63263,24.18284],[120.62609,24.18458],[120.61688,24.18861],[120.60433,24.19367],[120.60408,24.19369],[120.60369,24.19353],[120.60341,24.19328],[120.60314,24.19288],[120.6028,24.19256],[120.60088,24.19191],[120.60039,24.19187],[120.59954,24.192],[120.59901,24.19218],[120.59769,24.19324],[120.59757,24.19342],[120.59719,24.19347],[120.59657,24.19394],[120.59638,24.19421],[120.59602,24.19439],[120.59582,24.19436],[120.59533,24.19369],[120.59519,24.19367],[120.59489,24.19374],[120.59483,24.19439],[120.59467,24.19508],[120.59466,24.19568],[120.59473,24.19609],[120.59004,24.19757],[120.59073,24.19836],[120.59155,24.19979],[120.59229,24.20085],[120.59263,24.20058],[120.59351,24.20025],[120.59444,24.19995]]]}},{"type":"Feature","properties":{"c":"66000060019","t":"西屯區","v":"福安里"},"geometry":{"type":"Polygon","coordinates":[[[120.62609,24.18458],[120.63249,24.18287],[120.63224,24.18225],[120.63235,24.18204],[120.63215,24.18194],[120.63181,24.18157],[120.63164,24.18125],[120.63164,24.1811],[120.63183,24.18036],[120.63196,24.18026],[120.63205,24.18007],[120.63214,24.17958],[120.63208,24.1792],[120.6333,24.17885],[120.63289,24.1781],[120.63256,24.17824],[120.63243,24.17807],[120.63235,24.17782],[120.63195,24.17735],[120.63142,24.17699],[120.63103,24.17681],[120.63015,24.17669],[120.62831,24.1767],[120.62158,24.18002],[120.62325,24.18279],[120.62266,24.18305],[120.6239,24.18544],[120.62394,24.1855],[120.6248,24.18512],[120.62609,24.18458]]]}},{"type":"Feature","properties":{"c":"66000060020","t":"西屯區","v":"協和里"},"geometry":{"type":"Polygon","coordinates":[[[120.59521,24.17962],[120.59558,24.17929],[120.59567,24.17946],[120.59614,24.17936],[120.59626,24.1797],[120.60008,24.17865],[120.60037,24.17945],[120.60118,24.17909],[120.60095,24.17984],[120.60132,24.17982],[120.60189,24.17959],[120.60255,24.17976],[120.60465,24.17931],[120.60556,24.17893],[120.60662,24.17868],[120.60669,24.17863],[120.60676,24.17832],[120.60695,24.17798],[120.60719,24.17788],[120.60732,24.17749],[120.60774,24.17719],[120.60821,24.1764],[120.60896,24.17586],[120.60928,24.17534],[120.60974,24.17518],[120.60984,24.17498],[120.61029,24.17499],[120.61065,24.17486],[120.61094,24.17463],[120.61133,24.17409],[120.61158,24.17387],[120.61282,24.17317],[120.6136,24.17295],[120.61384,24.17279],[120.6144,24.17224],[120.61483,24.172],[120.61574,24.17133],[120.61616,24.17117],[120.61652,24.17115],[120.6167,24.17146],[120.61687,24.17195],[120.61789,24.17384],[120.61832,24.17425],[120.61899,24.17593],[120.61921,24.17708],[120.61962,24.17771],[120.61993,24.17779],[120.6201,24.17791],[120.62329,24.17633],[120.62379,24.17733],[120.6272,24.17572],[120.62686,24.175],[120.62585,24.17199],[120.62598,24.17072],[120.62607,24.17056],[120.62576,24.16992],[120.62589,24.16937],[120.62585,24.16908],[120.62574,24.16888],[120.62566,24.16826],[120.62551,24.16495],[120.62526,24.16379],[120.62491,24.16322],[120.62381,24.16188],[120.62348,24.1616],[120.62308,24.16098],[120.62247,24.15972],[120.62226,24.15877],[120.62246,24.15851],[120.62221,24.15776],[120.62223,24.1572],[120.62235,24.1564],[120.62233,24.15561],[120.62168,24.15565],[120.62141,24.15584],[120.62129,24.15611],[120.62105,24.1571],[120.62082,24.1575],[120.62019,24.15803],[120.62011,24.15835],[120.62016,24.15886],[120.62003,24.15906],[120.61932,24.15931],[120.61824,24.15949],[120.6169,24.1596],[120.61517,24.15951],[120.61445,24.15959],[120.61261,24.15993],[120.61113,24.16092],[120.60639,24.16474],[120.60557,24.16516],[120.60508,24.16532],[120.60415,24.16549],[120.60305,24.16555],[120.60259,24.16544],[120.60152,24.16502],[120.60135,24.16499],[120.60085,24.16509],[120.60045,24.16506],[120.60009,24.16481],[120.59961,24.16422],[120.59946,24.16412],[120.5989,24.16404],[120.59864,24.16289],[120.5986,24.16288],[120.59731,24.1632],[120.59492,24.16339],[120.59367,24.16374],[120.59286,24.16412],[120.5923,24.16463],[120.59109,24.16533],[120.59027,24.16564],[120.58947,24.16582],[120.58814,24.1664],[120.58739,24.16682],[120.58838,24.1695],[120.58805,24.16959],[120.58713,24.17008],[120.58569,24.1705],[120.5852,24.1706],[120.58491,24.17057],[120.58457,24.17039],[120.58437,24.17035],[120.58398,24.17073],[120.58388,24.1709],[120.58358,24.17173],[120.58309,24.17273],[120.58316,24.17356],[120.58374,24.17432],[120.58524,24.17601],[120.58722,24.17795],[120.58822,24.17814],[120.58917,24.1785],[120.59005,24.17915],[120.59244,24.18035],[120.59367,24.18126],[120.59378,24.18122],[120.59427,24.18048],[120.59481,24.17999],[120.59521,24.17962]]]}},{"type":"Feature","properties":{"c":"66000060021","t":"西屯區","v":"何仁里"},"geometry":{"type":"Polygon","coordinates":[[[120.66111,24.17162],[120.66192,24.17011],[120.65757,24.16779],[120.6569,24.16697],[120.65596,24.16551],[120.6505,24.16711],[120.65071,24.168],[120.65111,24.16839],[120.65076,24.16875],[120.65126,24.1692],[120.65091,24.16952],[120.65197,24.17001],[120.65185,24.17013],[120.65201,24.17026],[120.65201,24.17071],[120.65219,24.17099],[120.65244,24.17113],[120.65277,24.17121],[120.65356,24.1712],[120.65389,24.17112],[120.654,24.171],[120.65418,24.17096],[120.65584,24.17097],[120.65591,24.17045],[120.6576,24.17135],[120.65762,24.17098],[120.65788,24.17055],[120.6611,24.17164],[120.66111,24.17162]]]}},{"type":"Feature","properties":{"c":"66000060022","t":"西屯區","v":"何德里"},"geometry":{"type":"Polygon","coordinates":[[[120.66071,24.16461],[120.6601,24.1643],[120.65596,24.16551],[120.6569,24.16697],[120.65757,24.16779],[120.66004,24.16909],[120.66215,24.16535],[120.66151,24.165],[120.66071,24.16461]]]}},{"type":"Feature","properties":{"c":"66000060023","t":"西屯區","v":"何源里"},"geometry":{"type":"Polygon","coordinates":[[[120.66727,24.17356],[120.6672,24.17334],[120.6671,24.17327],[120.66692,24.17225],[120.66672,24.17157],[120.66686,24.17106],[120.66674,24.17042],[120.66562,24.16686],[120.66558,24.1668],[120.66506,24.16685],[120.66399,24.16629],[120.66111,24.17162],[120.66413,24.17251],[120.66624,24.17298],[120.66578,24.17349],[120.66621,24.1736],[120.66677,24.17388],[120.66692,24.17378],[120.66727,24.17356]]]}},{"type":"Feature","properties":{"c":"66000060024","t":"西屯區","v":"西平里"},"geometry":{"type":"Polygon","coordinates":[[[120.6502,24.18197],[120.6463,24.18191],[120.64636,24.1808],[120.64643,24.18055],[120.64648,24.17886],[120.64573,24.17886],[120.64574,24.17794],[120.64513,24.17792],[120.64513,24.17772],[120.64327,24.17757],[120.64323,24.17723],[120.64311,24.1769],[120.64226,24.1778],[120.64172,24.17826],[120.64233,24.17915],[120.64254,24.17966],[120.64259,24.18022],[120.64251,24.18231],[120.64422,24.18233],[120.64412,24.18287],[120.64439,24.18294],[120.6444,24.18334],[120.64376,24.18362],[120.64317,24.184],[120.64224,24.18487],[120.64181,24.18555],[120.64141,24.18658],[120.64141,24.18727],[120.6443,24.18725],[120.64434,24.18744],[120.64617,24.18753],[120.65,24.18757],[120.65019,24.1829],[120.6502,24.18197]]]}},{"type":"Feature","properties":{"c":"66000060025","t":"西屯區","v":"何南里"},"geometry":{"type":"Polygon","coordinates":[[[120.65375,24.16038],[120.65784,24.15812],[120.65663,24.15636],[120.6561,24.15665],[120.65581,24.1563],[120.65527,24.15659],[120.65449,24.15546],[120.65093,24.15741],[120.65312,24.16073],[120.65375,24.16038]]]}},{"type":"Feature","properties":{"c":"66000060026","t":"西屯區","v":"至善里"},"geometry":{"type":"Polygon","coordinates":[[[120.64311,24.1769],[120.64247,24.17521],[120.64216,24.17473],[120.64075,24.17297],[120.63908,24.17125],[120.63884,24.17051],[120.63879,24.16972],[120.63862,24.1695],[120.63664,24.17099],[120.63737,24.17354],[120.63761,24.17414],[120.63803,24.17556],[120.63949,24.17465],[120.64137,24.17705],[120.64189,24.17752],[120.64226,24.1778],[120.64271,24.17732],[120.64311,24.1769]]]}},{"type":"Feature","properties":{"c":"66000060027","t":"西屯區","v":"上安里"},"geometry":{"type":"Polygon","coordinates":[[[120.64426,24.17137],[120.64237,24.16941],[120.64112,24.16802],[120.64099,24.1677],[120.63862,24.1695],[120.63879,24.16972],[120.63884,24.17051],[120.63908,24.17125],[120.6399,24.17205],[120.64116,24.17349],[120.64271,24.17241],[120.64426,24.17137]]]}},{"type":"Feature","properties":{"c":"66000060028","t":"西屯區","v":"上德里"},"geometry":{"type":"Polygon","coordinates":[[[120.64604,24.168],[120.64359,24.16599],[120.64277,24.16642],[120.64099,24.1677],[120.64112,24.16802],[120.64237,24.16941],[120.64426,24.17137],[120.64575,24.17013],[120.6471,24.16886],[120.64604,24.168],[120.64604,24.168]]]}},{"type":"Feature","properties":{"c":"66000060029","t":"西屯區","v":"逢福里"},"geometry":{"type":"Polygon","coordinates":[[[120.65438,24.17619],[120.65321,24.17472],[120.65196,24.174],[120.65204,24.17388],[120.65172,24.17368],[120.65194,24.17357],[120.65202,24.17345],[120.65194,24.17331],[120.65183,24.17261],[120.65193,24.17232],[120.65164,24.17183],[120.65184,24.17171],[120.65142,24.17105],[120.65165,24.17093],[120.65135,24.17057],[120.65155,24.1704],[120.65083,24.16969],[120.6497,24.17033],[120.64941,24.1699],[120.64869,24.17012],[120.65014,24.17218],[120.64792,24.17417],[120.64548,24.1759],[120.64521,24.17658],[120.64513,24.17792],[120.64574,24.17794],[120.64573,24.17886],[120.64648,24.17886],[120.6465,24.1782],[120.64658,24.17804],[120.64662,24.17677],[120.64653,24.17659],[120.64639,24.17649],[120.65036,24.1766],[120.65071,24.17589],[120.65163,24.17612],[120.65273,24.17619],[120.65438,24.17619]]]}},{"type":"Feature","properties":{"c":"66000060030","t":"西屯區","v":"何明里"},"geometry":{"type":"Polygon","coordinates":[[[120.66249,24.1636],[120.66051,24.16229],[120.65784,24.15812],[120.65601,24.15914],[120.65741,24.16317],[120.65758,24.16318],[120.65882,24.16364],[120.66039,24.16445],[120.66061,24.16415],[120.66204,24.16373],[120.66249,24.1636]]]}},{"type":"Feature","properties":{"c":"66000060031","t":"西屯區","v":"何成里"},"geometry":{"type":"Polygon","coordinates":[[[120.65171,24.16152],[120.65312,24.16073],[120.64976,24.15562],[120.6468,24.1556],[120.64686,24.15847],[120.64961,24.16265],[120.65171,24.16152]]]}},{"type":"Feature","properties":{"c":"66000060032","t":"西屯區","v":"何福里"},"geometry":{"type":"Polygon","coordinates":[[[120.66209,24.16981],[120.66399,24.16629],[120.66506,24.16685],[120.66558,24.1668],[120.66506,24.16579],[120.66464,24.16472],[120.66447,24.16459],[120.66337,24.16315],[120.66319,24.16341],[120.66061,24.16415],[120.66039,24.16445],[120.66215,24.16535],[120.66004,24.16909],[120.66192,24.17011],[120.66209,24.16981]]]}},{"type":"Feature","properties":{"c":"66000060033","t":"西屯區","v":"福和里"},"geometry":{"type":"Polygon","coordinates":[[[120.61543,24.17409],[120.61551,24.17449],[120.61583,24.17446],[120.6161,24.17617],[120.61576,24.17627],[120.61672,24.18241],[120.62837,24.17667],[120.62974,24.17595],[120.63127,24.17503],[120.63051,24.17327],[120.62972,24.17292],[120.62881,24.17217],[120.62733,24.17076],[120.62699,24.17063],[120.62625,24.17053],[120.62608,24.17055],[120.62598,24.17072],[120.62585,24.17199],[120.62686,24.175],[120.6272,24.17572],[120.62379,24.17733],[120.62329,24.17633],[120.6201,24.17791],[120.61997,24.1778],[120.6196,24.1777],[120.61921,24.17708],[120.61899,24.17593],[120.61832,24.17425],[120.61789,24.17384],[120.61687,24.17195],[120.6167,24.17146],[120.61652,24.17115],[120.61597,24.17121],[120.61511,24.1718],[120.61543,24.17409],[120.61543,24.17409]]]}},{"type":"Feature","properties":{"c":"66000060034","t":"西屯區","v":"福中里"},"geometry":{"type":"Polygon","coordinates":[[[120.61589,24.17485],[120.61583,24.17446],[120.61551,24.17449],[120.61511,24.1718],[120.6144,24.17224],[120.61364,24.17292],[120.61384,24.17367],[120.61402,24.17477],[120.61517,24.1824],[120.61536,24.18308],[120.61672,24.18241],[120.61576,24.17627],[120.6161,24.17617],[120.61589,24.17485]]]}},{"type":"Feature","properties":{"c":"66000060035","t":"西屯區","v":"福恩里"},"geometry":{"type":"Polygon","coordinates":[[[120.59666,24.18199],[120.59746,24.18193],[120.59921,24.18198],[120.60033,24.18217],[120.60248,24.18269],[120.60305,24.18291],[120.60673,24.18375],[120.60939,24.18443],[120.61042,24.18453],[120.61175,24.18451],[120.61293,24.18422],[120.61406,24.18376],[120.61536,24.18308],[120.61517,24.1824],[120.61402,24.17477],[120.61384,24.17367],[120.61364,24.17292],[120.61282,24.17317],[120.61158,24.17387],[120.61133,24.17409],[120.61094,24.17463],[120.61065,24.17486],[120.61029,24.17499],[120.60984,24.17498],[120.60974,24.17518],[120.60928,24.17534],[120.60896,24.17586],[120.60821,24.1764],[120.60774,24.17719],[120.60732,24.17749],[120.60719,24.17788],[120.60695,24.17798],[120.60676,24.17832],[120.60669,24.17863],[120.60662,24.17868],[120.60556,24.17893],[120.60465,24.17931],[120.60245,24.17977],[120.60189,24.17959],[120.60132,24.17982],[120.60095,24.17984],[120.60118,24.17909],[120.60037,24.17945],[120.60008,24.17865],[120.59626,24.1797],[120.59614,24.17936],[120.59567,24.17946],[120.59558,24.17929],[120.59427,24.18048],[120.59378,24.18122],[120.59367,24.18126],[120.59364,24.18121],[120.59357,24.18132],[120.59281,24.18153],[120.59317,24.18294],[120.59448,24.18242],[120.59599,24.18207],[120.59666,24.18199]]]}},{"type":"Feature","properties":{"c":"66000060036","t":"西屯區","v":"福聯里"},"geometry":{"type":"Polygon","coordinates":[[[120.59038,24.19746],[120.59473,24.19609],[120.59466,24.19568],[120.59467,24.19508],[120.59483,24.19439],[120.59489,24.19374],[120.59519,24.19367],[120.59533,24.19369],[120.59582,24.19436],[120.59602,24.19439],[120.59638,24.19421],[120.59657,24.19394],[120.59719,24.19347],[120.59757,24.19342],[120.59769,24.19324],[120.59901,24.19218],[120.59954,24.192],[120.60008,24.19188],[120.60088,24.19191],[120.6028,24.19256],[120.60314,24.19288],[120.60341,24.19328],[120.60369,24.19353],[120.60408,24.19369],[120.60433,24.19367],[120.60653,24.19278],[120.60556,24.18892],[120.60476,24.18756],[120.61016,24.18709],[120.60997,24.18601],[120.60961,24.18471],[120.60962,24.18445],[120.60305,24.18291],[120.60248,24.18269],[120.60033,24.18217],[120.59921,24.18198],[120.59746,24.18193],[120.59599,24.18207],[120.59448,24.18242],[120.59328,24.18288],[120.59317,24.18294],[120.5932,24.18304],[120.5876,24.18541],[120.58835,24.18653],[120.58861,24.18727],[120.59081,24.18694],[120.59236,24.18664],[120.5933,24.18636],[120.59479,24.18573],[120.59504,24.18598],[120.5954,24.18655],[120.59613,24.18674],[120.59733,24.18829],[120.59786,24.18934],[120.59783,24.18943],[120.59762,24.18954],[120.59616,24.19019],[120.59471,24.19068],[120.5924,24.19141],[120.58773,24.19264],[120.58803,24.19339],[120.58812,24.19398],[120.58842,24.19455],[120.58856,24.1947],[120.58888,24.19552],[120.58959,24.19685],[120.59004,24.19757],[120.59038,24.19746]]]}},{"type":"Feature","properties":{"c":"66000060037","t":"西屯區","v":"福瑞里"},"geometry":{"type":"Polygon","coordinates":[[[120.60766,24.19233],[120.6108,24.19106],[120.61056,24.18918],[120.61016,24.18709],[120.60476,24.18756],[120.60556,24.18892],[120.60653,24.19278],[120.60732,24.19246],[120.60766,24.19233]]]}},{"type":"Feature","properties":{"c":"66000060038","t":"西屯區","v":"福林里"},"geometry":{"type":"Polygon","coordinates":[[[120.62016,24.18717],[120.61898,24.18469],[120.61747,24.18204],[120.61406,24.18376],[120.61293,24.18422],[120.61175,24.18451],[120.61042,24.18453],[120.60962,24.18445],[120.60961,24.18471],[120.60997,24.18601],[120.61056,24.18918],[120.6108,24.19106],[120.61688,24.18861],[120.61986,24.1873],[120.62016,24.18717]]]}},{"type":"Feature","properties":{"c":"66000060039","t":"西屯區","v":"福雅里"},"geometry":{"type":"Polygon","coordinates":[[[120.61996,24.18083],[120.61747,24.18204],[120.61898,24.18469],[120.62016,24.18717],[120.62394,24.1855],[120.62266,24.18305],[120.62325,24.18279],[120.62158,24.18002],[120.62033,24.18064],[120.61996,24.18083]]]}},{"type":"Feature","properties":{"c":"66000070001","t":"南屯區","v":"南屯里"},"geometry":{"type":"Polygon","coordinates":[[[120.63826,24.13534],[120.63478,24.13625],[120.63497,24.13654],[120.635,24.1369],[120.63475,24.13745],[120.63487,24.13765],[120.63531,24.13789],[120.63552,24.13792],[120.63578,24.13785],[120.63592,24.13823],[120.63629,24.13839],[120.63643,24.13835],[120.63653,24.13856],[120.63674,24.13865],[120.63669,24.13889],[120.63677,24.13945],[120.63684,24.13954],[120.63679,24.13958],[120.63708,24.1399],[120.63675,24.14011],[120.6368,24.14032],[120.63713,24.14073],[120.63726,24.14108],[120.63762,24.14139],[120.63771,24.14149],[120.63768,24.14156],[120.63779,24.14159],[120.6376,24.14207],[120.6378,24.14235],[120.63771,24.1426],[120.63796,24.14267],[120.63834,24.14254],[120.63842,24.14275],[120.63784,24.14291],[120.63794,24.14361],[120.63737,24.14517],[120.6376,24.14524],[120.63762,24.14517],[120.63795,24.14526],[120.63792,24.14535],[120.63834,24.14548],[120.63825,24.14571],[120.63877,24.14588],[120.63928,24.14447],[120.63952,24.14439],[120.64067,24.14428],[120.64068,24.14263],[120.64076,24.14158],[120.6407,24.14138],[120.64094,24.14077],[120.64021,24.13955],[120.6401,24.13914],[120.64015,24.13907],[120.64084,24.13883],[120.64093,24.13875],[120.64103,24.13838],[120.64099,24.13826],[120.6404,24.13769],[120.63996,24.1375],[120.63939,24.13736],[120.63929,24.13689],[120.63935,24.13655],[120.63932,24.13636],[120.63909,24.13591],[120.63903,24.13557],[120.63911,24.13518],[120.63904,24.13506],[120.63886,24.13511],[120.63826,24.13534]]]}},{"type":"Feature","properties":{"c":"66000070002","t":"南屯區","v":"豐樂里"},"geometry":{"type":"Polygon","coordinates":[[[120.64249,24.13846],[120.64314,24.13835],[120.64302,24.1376],[120.64305,24.13477],[120.64395,24.13474],[120.64395,24.13338],[120.65487,24.13327],[120.65485,24.12865],[120.65476,24.12838],[120.65448,24.1279],[120.65403,24.12749],[120.64113,24.11743],[120.64088,24.11779],[120.6407,24.11829],[120.64059,24.1198],[120.6403,24.12076],[120.64013,24.12104],[120.63968,24.1214],[120.63827,24.12217],[120.63727,24.12318],[120.6369,24.12344],[120.63663,24.12384],[120.63647,24.12431],[120.63599,24.12445],[120.63572,24.12463],[120.63517,24.12442],[120.635,24.12441],[120.63451,24.12481],[120.6341,24.1249],[120.63493,24.12594],[120.63604,24.1277],[120.63583,24.12833],[120.6357,24.12952],[120.63531,24.12977],[120.63543,24.12996],[120.63539,24.13037],[120.63528,24.13067],[120.63529,24.13105],[120.63508,24.13106],[120.63431,24.13127],[120.63431,24.13171],[120.63453,24.13294],[120.6346,24.13386],[120.63437,24.13494],[120.63502,24.13567],[120.63513,24.13616],[120.63826,24.13534],[120.63904,24.13506],[120.63911,24.13518],[120.63903,24.13557],[120.63909,24.13591],[120.63932,24.13636],[120.63935,24.13655],[120.63929,24.13689],[120.63939,24.13736],[120.63996,24.1375],[120.6404,24.13769],[120.64099,24.13826],[120.64103,24.13838],[120.6419,24.13847],[120.64249,24.13846]]]}},{"type":"Feature","properties":{"c":"66000070003","t":"南屯區","v":"楓樹里"},"geometry":{"type":"Polygon","coordinates":[[[120.63444,24.12482],[120.635,24.12441],[120.63517,24.12442],[120.63572,24.12463],[120.63599,24.12445],[120.63647,24.12431],[120.63663,24.12384],[120.6369,24.12344],[120.63727,24.12318],[120.63827,24.12217],[120.63968,24.1214],[120.64013,24.12104],[120.6403,24.12076],[120.64059,24.1198],[120.6407,24.11829],[120.64088,24.11779],[120.64113,24.11743],[120.64016,24.11667],[120.64013,24.11591],[120.64002,24.1157],[120.63969,24.11546],[120.63898,24.11519],[120.6386,24.11479],[120.63824,24.11424],[120.6375,24.1137],[120.63691,24.11297],[120.63656,24.11292],[120.63614,24.11298],[120.6358,24.11309],[120.63561,24.11328],[120.63406,24.11193],[120.63312,24.1109],[120.63217,24.11041],[120.63178,24.11013],[120.63151,24.10983],[120.63139,24.10956],[120.62998,24.10917],[120.62962,24.11016],[120.63015,24.11094],[120.6301,24.11114],[120.62937,24.1116],[120.62888,24.11179],[120.62713,24.11194],[120.62602,24.11224],[120.62602,24.11376],[120.62662,24.11572],[120.6281,24.1193],[120.62879,24.12072],[120.62935,24.12042],[120.62991,24.12135],[120.63043,24.12111],[120.63117,24.12227],[120.63137,24.12217],[120.63173,24.12263],[120.63323,24.12393],[120.63412,24.1249],[120.63444,24.12482]]]}},{"type":"Feature","properties":{"c":"66000070004","t":"南屯區","v":"中和里"},"geometry":{"type":"Polygon","coordinates":[[[120.625,24.12154],[120.6266,24.1214],[120.62699,24.12147],[120.62752,24.12096],[120.62769,24.12122],[120.62879,24.12072],[120.62809,24.11928],[120.62638,24.11507],[120.62602,24.11376],[120.62602,24.11224],[120.62249,24.11314],[120.62135,24.11313],[120.6212,24.11295],[120.61998,24.11265],[120.61987,24.11319],[120.61981,24.11428],[120.61985,24.11684],[120.61916,24.11848],[120.61894,24.12013],[120.62086,24.12064],[120.62132,24.12092],[120.62166,24.12143],[120.62219,24.12129],[120.62223,24.1212],[120.62288,24.12114],[120.62315,24.12154],[120.62462,24.12145],[120.6247,24.12158],[120.625,24.12154]]]}},{"type":"Feature","properties":{"c":"66000070005","t":"南屯區","v":"春社里"},"geometry":{"type":"Polygon","coordinates":[[[120.57539,24.15576],[120.57736,24.1557],[120.5776,24.15576],[120.58465,24.15432],[120.58582,24.154],[120.58833,24.15215],[120.58873,24.15203],[120.59041,24.15215],[120.59068,24.15224],[120.59095,24.15225],[120.59152,24.15196],[120.59197,24.15145],[120.59245,24.15111],[120.59626,24.14965],[120.59861,24.14707],[120.59941,24.1465],[120.60113,24.14573],[120.60688,24.14398],[120.60749,24.14354],[120.60796,24.14346],[120.60811,24.14338],[120.60874,24.14271],[120.6092,24.14262],[120.60964,24.14229],[120.60984,24.14223],[120.61015,24.14227],[120.61169,24.14213],[120.61363,24.14145],[120.61383,24.14129],[120.61441,24.14114],[120.61485,24.14085],[120.61523,24.14025],[120.61566,24.13985],[120.61622,24.13983],[120.62018,24.14037],[120.61996,24.13925],[120.61963,24.13837],[120.61948,24.13803],[120.61881,24.13715],[120.61858,24.13665],[120.61849,24.13628],[120.61846,24.1358],[120.61853,24.13489],[120.61847,24.13326],[120.61858,24.13244],[120.61873,24.13193],[120.61897,24.13023],[120.61902,24.12864],[120.61888,24.12393],[120.61855,24.12404],[120.61843,24.12425],[120.61812,24.12419],[120.61774,24.12478],[120.61698,24.12475],[120.61687,24.12451],[120.61675,24.12445],[120.61552,24.12509],[120.61486,24.1252],[120.61445,24.12536],[120.61408,24.12532],[120.61386,24.12523],[120.61304,24.12474],[120.61267,24.12491],[120.61221,24.125],[120.6119,24.1252],[120.61105,24.12541],[120.61043,24.12514],[120.60895,24.12565],[120.60815,24.12615],[120.60746,24.12647],[120.6076,24.12684],[120.6064,24.12712],[120.60508,24.12769],[120.60365,24.12845],[120.60141,24.12915],[120.59993,24.12973],[120.59976,24.13012],[120.59879,24.13086],[120.59814,24.13123],[120.5977,24.13132],[120.59754,24.13161],[120.59721,24.13258],[120.59687,24.13308],[120.59645,24.13349],[120.59594,24.13375],[120.59567,24.13416],[120.59476,24.13478],[120.59443,24.13515],[120.5944,24.13534],[120.59445,24.13571],[120.59408,24.13612],[120.59329,24.13674],[120.59229,24.13726],[120.59116,24.13775],[120.59074,24.13837],[120.59054,24.13852],[120.59016,24.13858],[120.58989,24.13855],[120.58871,24.13803],[120.58814,24.13793],[120.5872,24.13798],[120.58626,24.1379],[120.58587,24.13831],[120.58517,24.13885],[120.5847,24.13908],[120.58337,24.14109],[120.58305,24.14169],[120.58249,24.14188],[120.58219,24.14212],[120.58184,24.14309],[120.58151,24.14352],[120.58129,24.14363],[120.58044,24.14363],[120.57953,24.14396],[120.5787,24.14456],[120.57739,24.1457],[120.5767,24.14613],[120.57585,24.14646],[120.57513,24.14696],[120.57468,24.14746],[120.57445,24.14804],[120.57427,24.14942],[120.57448,24.15154],[120.57446,24.15246],[120.57455,24.15382],[120.57442,24.15547],[120.57444,24.15576],[120.57454,24.15581],[120.57539,24.15576]],[[120.60837,24.13681],[120.60687,24.1363],[120.6047,24.13621],[120.60353,24.136],[120.60495,24.13493],[120.60586,24.13393],[120.60752,24.13297],[120.60919,24.13219],[120.61014,24.13371],[120.61029,24.1345],[120.61037,24.1363],[120.60906,24.1368],[120.60858,24.13681],[120.60837,24.13681]]]}},{"type":"Feature","properties":{"c":"66000070006","t":"南屯區","v":"春安里"},"geometry":{"type":"Polygon","coordinates":[[[120.60741,24.13648],[120.60825,24.13679],[120.60906,24.1368],[120.61037,24.1363],[120.61029,24.1345],[120.61014,24.13371],[120.60919,24.13219],[120.60752,24.13297],[120.60586,24.13393],[120.60495,24.13493],[120.60353,24.136],[120.6047,24.13621],[120.6065,24.13627],[120.60705,24.13636],[120.60741,24.13648]]]}},{"type":"Feature","properties":{"c":"66000070007","t":"南屯區","v":"文山里"},"geometry":{"type":"Polygon","coordinates":[[[120.62132,24.14979],[120.62128,24.14915],[120.6208,24.14655],[120.62011,24.14338],[120.62016,24.14243],[120.62031,24.14163],[120.62018,24.14037],[120.61622,24.13983],[120.61578,24.13983],[120.61566,24.13985],[120.61523,24.14025],[120.61485,24.14085],[120.61441,24.14114],[120.61383,24.14129],[120.61363,24.14145],[120.61169,24.14213],[120.61015,24.14227],[120.60984,24.14223],[120.60964,24.14229],[120.6092,24.14262],[120.60874,24.14271],[120.60811,24.14338],[120.60796,24.14346],[120.60749,24.14354],[120.60688,24.14398],[120.60113,24.14573],[120.59941,24.1465],[120.59861,24.14707],[120.59626,24.14965],[120.59245,24.15111],[120.59197,24.15145],[120.59152,24.15196],[120.59095,24.15225],[120.59068,24.15224],[120.59041,24.15215],[120.58873,24.15203],[120.58833,24.15215],[120.58582,24.154],[120.58465,24.15432],[120.5776,24.15576],[120.5777,24.15586],[120.5777,24.15671],[120.57861,24.15911],[120.57901,24.16058],[120.57935,24.16108],[120.58038,24.16322],[120.58094,24.1642],[120.58135,24.16512],[120.58211,24.1663],[120.58269,24.16706],[120.58311,24.16739],[120.58367,24.16805],[120.58409,24.16812],[120.58476,24.16769],[120.58495,24.16729],[120.58521,24.16693],[120.58544,24.16637],[120.58667,24.16202],[120.58711,24.16129],[120.58789,24.16059],[120.59065,24.15905],[120.59487,24.15684],[120.60335,24.1525],[120.60513,24.15163],[120.60585,24.15135],[120.60648,24.1512],[120.60706,24.15111],[120.60821,24.15111],[120.61027,24.15134],[120.61134,24.15113],[120.61172,24.15099],[120.61209,24.1508],[120.61228,24.15055],[120.61251,24.15225],[120.61264,24.15224],[120.6136,24.15196],[120.61357,24.15188],[120.61589,24.15119],[120.61577,24.15054],[120.61614,24.15048],[120.61604,24.15],[120.61637,24.15007],[120.61693,24.15003],[120.61779,24.14982],[120.61769,24.14952],[120.61743,24.14915],[120.61727,24.14871],[120.61747,24.14858],[120.61821,24.14839],[120.61838,24.14827],[120.61937,24.14823],[120.61963,24.1483],[120.61983,24.1492],[120.62016,24.14945],[120.62066,24.14963],[120.62132,24.14979]]]}},{"type":"Feature","properties":{"c":"66000070008","t":"南屯區","v":"新生里"},"geometry":{"type":"Polygon","coordinates":[[[120.62905,24.15172],[120.62955,24.15144],[120.62963,24.15111],[120.62994,24.15057],[120.63026,24.15042],[120.63029,24.15024],[120.63041,24.15013],[120.63033,24.14976],[120.63037,24.14932],[120.63055,24.14885],[120.63063,24.1484],[120.63001,24.1471],[120.62983,24.14702],[120.62892,24.14706],[120.62882,24.14627],[120.62853,24.14524],[120.62853,24.14494],[120.62841,24.14489],[120.62835,24.14448],[120.6284,24.14431],[120.6282,24.14335],[120.62808,24.14322],[120.628,24.14279],[120.62774,24.1421],[120.62758,24.14126],[120.62727,24.14036],[120.62832,24.14021],[120.62811,24.13927],[120.62814,24.13908],[120.62777,24.13877],[120.62765,24.1383],[120.62697,24.13805],[120.62685,24.13787],[120.62681,24.13753],[120.62651,24.13721],[120.62672,24.13686],[120.62675,24.13661],[120.62682,24.13654],[120.62677,24.13607],[120.62692,24.13542],[120.62684,24.13488],[120.62656,24.13479],[120.62637,24.13503],[120.62554,24.13495],[120.62529,24.13501],[120.62544,24.13534],[120.62552,24.13533],[120.62559,24.13542],[120.62549,24.13561],[120.62536,24.1357],[120.62512,24.13575],[120.62416,24.13638],[120.6241,24.1361],[120.6244,24.1357],[120.6245,24.13467],[120.6245,24.13367],[120.62418,24.13374],[120.62359,24.13493],[120.62324,24.13484],[120.62318,24.13477],[120.62316,24.13484],[120.62287,24.13493],[120.62287,24.13476],[120.62268,24.13448],[120.62197,24.13413],[120.62139,24.1342],[120.62189,24.13553],[120.62154,24.13552],[120.62137,24.13542],[120.62118,24.13552],[120.62088,24.1354],[120.62039,24.13534],[120.61995,24.13517],[120.61852,24.13506],[120.61846,24.1358],[120.61858,24.13665],[120.61881,24.13715],[120.61948,24.13803],[120.61996,24.13925],[120.62013,24.13992],[120.62031,24.14163],[120.62016,24.14243],[120.62011,24.14338],[120.6208,24.14655],[120.62128,24.14915],[120.62138,24.15104],[120.62132,24.15178],[120.62155,24.15405],[120.62142,24.15447],[120.6213,24.15455],[120.62208,24.15525],[120.62233,24.15561],[120.62241,24.15594],[120.62271,24.156],[120.62286,24.15619],[120.62309,24.15619],[120.62322,24.15649],[120.62381,24.15652],[120.62388,24.15649],[120.62392,24.1563],[120.62396,24.1555],[120.62411,24.15464],[120.62449,24.15448],[120.62477,24.15417],[120.62483,24.15356],[120.62492,24.1536],[120.62544,24.15435],[120.62562,24.15447],[120.62583,24.1545],[120.62606,24.15433],[120.62684,24.15444],[120.62759,24.1547],[120.62784,24.15305],[120.62803,24.1524],[120.62844,24.15207],[120.62905,24.15172]]]}},{"type":"Feature","properties":{"c":"66000070009","t":"南屯區","v":"永定里"},"geometry":{"type":"Polygon","coordinates":[[[120.63377,24.13554],[120.63366,24.13574],[120.63366,24.13613],[120.63359,24.13621],[120.63258,24.13667],[120.63087,24.1371],[120.62894,24.13735],[120.62656,24.13727],[120.62681,24.13753],[120.62685,24.13787],[120.62697,24.13805],[120.62765,24.1383],[120.62777,24.13877],[120.62814,24.13908],[120.62811,24.13927],[120.62832,24.14021],[120.62727,24.14036],[120.62768,24.1417],[120.62942,24.14203],[120.63065,24.14275],[120.63107,24.14268],[120.63142,24.14276],[120.63396,24.14272],[120.63425,24.14407],[120.63419,24.14485],[120.6352,24.14479],[120.63751,24.14549],[120.6376,24.14524],[120.63737,24.14517],[120.63794,24.14361],[120.63784,24.14291],[120.63842,24.14275],[120.63834,24.14254],[120.63796,24.14267],[120.63771,24.1426],[120.6378,24.14235],[120.6376,24.14207],[120.63779,24.14159],[120.63768,24.14156],[120.63771,24.14149],[120.63762,24.14139],[120.63726,24.14108],[120.63713,24.14073],[120.6368,24.14032],[120.63675,24.14011],[120.63708,24.1399],[120.63679,24.13958],[120.63684,24.13954],[120.63677,24.13945],[120.63669,24.13889],[120.63674,24.13865],[120.63653,24.13856],[120.63643,24.13835],[120.63629,24.13839],[120.63592,24.13823],[120.63578,24.13785],[120.63543,24.13793],[120.63479,24.13758],[120.63475,24.13738],[120.63497,24.13706],[120.635,24.1369],[120.63497,24.13654],[120.63478,24.13625],[120.63513,24.13616],[120.63502,24.13567],[120.63451,24.13512],[120.63401,24.13531],[120.63377,24.13554]]]}},{"type":"Feature","properties":{"c":"66000070010","t":"南屯區","v":"三厝里"},"geometry":{"type":"Polygon","coordinates":[[[120.63075,24.14834],[120.63365,24.14828],[120.63782,24.14876],[120.64068,24.14875],[120.64067,24.14428],[120.63952,24.14439],[120.63928,24.14447],[120.63877,24.14588],[120.63825,24.14571],[120.63834,24.14548],[120.63792,24.14535],[120.63795,24.14526],[120.63762,24.14517],[120.63751,24.14549],[120.6352,24.14479],[120.63419,24.14485],[120.63425,24.14407],[120.63396,24.14272],[120.63142,24.14276],[120.63107,24.14268],[120.63065,24.14275],[120.62942,24.14203],[120.62768,24.1417],[120.62774,24.1421],[120.628,24.14279],[120.62808,24.14322],[120.6282,24.14335],[120.6284,24.14431],[120.62835,24.14448],[120.62841,24.14489],[120.62853,24.14494],[120.62853,24.14524],[120.62882,24.14627],[120.62892,24.14706],[120.62983,24.14702],[120.63001,24.1471],[120.63063,24.1484],[120.63074,24.14834],[120.63075,24.14834]]]}},{"type":"Feature","properties":{"c":"66000070011","t":"南屯區","v":"溝墘里"},"geometry":{"type":"Polygon","coordinates":[[[120.64975,24.15559],[120.64982,24.15084],[120.64677,24.15082],[120.64068,24.15121],[120.64071,24.15469],[120.64567,24.15471],[120.64674,24.15466],[120.64676,24.1556],[120.64975,24.15562],[120.64975,24.15559]]]}},{"type":"Feature","properties":{"c":"66000070012","t":"南屯區","v":"田心里"},"geometry":{"type":"Polygon","coordinates":[[[120.64672,24.14092],[120.64673,24.13999],[120.64654,24.13742],[120.6439,24.13822],[120.64249,24.13846],[120.6419,24.13847],[120.64103,24.13838],[120.64093,24.13875],[120.64084,24.13883],[120.64015,24.13907],[120.6401,24.13914],[120.64021,24.13955],[120.64094,24.14077],[120.6407,24.14138],[120.64076,24.14158],[120.64068,24.14263],[120.64067,24.14428],[120.64317,24.14405],[120.64383,24.14684],[120.64673,24.14679],[120.64672,24.14114],[120.64672,24.14092]]]}},{"type":"Feature","properties":{"c":"66000070013","t":"南屯區","v":"黎明里"},"geometry":{"type":"Polygon","coordinates":[[[120.63123,24.15558],[120.63445,24.15572],[120.63502,24.15258],[120.63366,24.15236],[120.63343,24.151],[120.63298,24.15095],[120.63062,24.15117],[120.62956,24.15143],[120.62844,24.15207],[120.62803,24.1524],[120.62784,24.15305],[120.62759,24.1547],[120.62843,24.15511],[120.62937,24.15575],[120.62965,24.15631],[120.62994,24.15723],[120.63013,24.15751],[120.63056,24.15755],[120.63081,24.15766],[120.6309,24.15738],[120.63123,24.15558]]]}},{"type":"Feature","properties":{"c":"66000070014","t":"南屯區","v":"鎮平里"},"geometry":{"type":"Polygon","coordinates":[[[120.63087,24.1371],[120.63258,24.13667],[120.63359,24.13621],[120.63366,24.13613],[120.63366,24.13574],[120.63377,24.13554],[120.63401,24.13531],[120.63451,24.13512],[120.63437,24.13494],[120.6346,24.13386],[120.63458,24.13331],[120.63431,24.13171],[120.63431,24.13127],[120.63508,24.13106],[120.63529,24.13105],[120.63528,24.13067],[120.63539,24.13037],[120.63543,24.12996],[120.63531,24.12977],[120.6357,24.12952],[120.63583,24.12833],[120.63604,24.1277],[120.63493,24.12594],[120.63412,24.1249],[120.63323,24.12393],[120.63173,24.12263],[120.63137,24.12217],[120.63117,24.12227],[120.63043,24.12111],[120.62991,24.12135],[120.62935,24.12042],[120.62769,24.12122],[120.62752,24.12096],[120.62699,24.12147],[120.6266,24.1214],[120.6247,24.12158],[120.62462,24.12145],[120.62315,24.12154],[120.62288,24.12114],[120.62223,24.1212],[120.62219,24.12129],[120.62166,24.12143],[120.62132,24.12092],[120.62086,24.12064],[120.61894,24.12013],[120.61886,24.12073],[120.61887,24.12205],[120.61876,24.12263],[120.61889,24.12328],[120.61901,24.12346],[120.619,24.12369],[120.61888,24.12393],[120.61902,24.12864],[120.61897,24.13023],[120.61873,24.13193],[120.61858,24.13244],[120.61847,24.13326],[120.61852,24.13506],[120.61995,24.13517],[120.62039,24.13534],[120.62088,24.1354],[120.62118,24.13552],[120.62137,24.13542],[120.62154,24.13552],[120.62189,24.13553],[120.62139,24.1342],[120.62197,24.13413],[120.62268,24.13448],[120.62287,24.13476],[120.62287,24.13493],[120.62316,24.13484],[120.62318,24.13477],[120.62324,24.13484],[120.62359,24.13493],[120.62418,24.13374],[120.6245,24.13367],[120.6245,24.13467],[120.6244,24.1357],[120.6241,24.1361],[120.62416,24.13638],[120.62512,24.13575],[120.62536,24.1357],[120.62549,24.13561],[120.62559,24.13542],[120.62552,24.13533],[120.62544,24.13534],[120.62529,24.13501],[120.62554,24.13495],[120.62637,24.13503],[120.62656,24.13479],[120.6268,24.13483],[120.62687,24.13493],[120.62692,24.13542],[120.62677,24.13607],[120.62682,24.13654],[120.62653,24.13723],[120.62894,24.13735],[120.63087,24.1371]]]}},{"type":"Feature","properties":{"c":"66000070015","t":"南屯區","v":"大同里"},"geometry":{"type":"Polygon","coordinates":[[[120.65505,24.14499],[120.65516,24.1412],[120.6546,24.14056],[120.65408,24.14096],[120.65393,24.141],[120.64992,24.14094],[120.64988,24.14381],[120.65125,24.14384],[120.65125,24.14501],[120.65505,24.14499]]]}},{"type":"Feature","properties":{"c":"66000070016","t":"南屯區","v":"文心里"},"geometry":{"type":"Polygon","coordinates":[[[120.64875,24.14677],[120.64978,24.14675],[120.64979,24.14381],[120.64988,24.14381],[120.6499,24.14261],[120.6467,24.1426],[120.64673,24.14679],[120.64824,24.14678],[120.64875,24.14677]]]}},{"type":"Feature","properties":{"c":"66000070017","t":"南屯區","v":"同心里"},"geometry":{"type":"Polygon","coordinates":[[[120.64991,24.13789],[120.64995,24.13665],[120.64654,24.13742],[120.64673,24.13999],[120.6467,24.1426],[120.6499,24.14261],[120.64992,24.13886],[120.64991,24.13789]]]}},{"type":"Feature","properties":{"c":"66000070018","t":"南屯區","v":"向心里"},"geometry":{"type":"Polygon","coordinates":[[[120.64996,24.13481],[120.64996,24.13332],[120.64395,24.13338],[120.64395,24.13474],[120.64305,24.13477],[120.64302,24.1376],[120.64314,24.13835],[120.64472,24.13801],[120.64708,24.13726],[120.64995,24.13665],[120.64995,24.13547],[120.64996,24.13481]]]}},{"type":"Feature","properties":{"c":"66000070019","t":"南屯區","v":"大誠里"},"geometry":{"type":"Polygon","coordinates":[[[120.65216,24.14099],[120.65393,24.141],[120.65408,24.14096],[120.6546,24.14056],[120.6546,24.14017],[120.65485,24.14017],[120.65487,24.13785],[120.64991,24.13789],[120.64992,24.14094],[120.65133,24.14096],[120.65216,24.14099]]]}},{"type":"Feature","properties":{"c":"66000070020","t":"南屯區","v":"大興里"},"geometry":{"type":"Polygon","coordinates":[[[120.65241,24.1333],[120.64996,24.13332],[120.64991,24.13789],[120.65487,24.13785],[120.65487,24.13327],[120.6531,24.1333],[120.65241,24.1333]]]}},{"type":"Feature","properties":{"c":"66000070021","t":"南屯區","v":"大業里"},"geometry":{"type":"Polygon","coordinates":[[[120.65383,24.1558],[120.65304,24.15457],[120.65299,24.15314],[120.65301,24.14882],[120.64985,24.14884],[120.64975,24.15562],[120.65093,24.15741],[120.65383,24.1558]]]}},{"type":"Feature","properties":{"c":"66000070022","t":"南屯區","v":"惠中里"},"geometry":{"type":"Polygon","coordinates":[[[120.6417,24.15115],[120.64677,24.15082],[120.64982,24.15084],[120.64985,24.14884],[120.65137,24.14883],[120.65128,24.14678],[120.64978,24.14675],[120.64383,24.14684],[120.64317,24.14405],[120.64067,24.14428],[120.64068,24.15121],[120.64093,24.15121],[120.6417,24.15115]]]}},{"type":"Feature","properties":{"c":"66000070023","t":"南屯區","v":"寶山里"},"geometry":{"type":"Polygon","coordinates":[[[120.58739,24.16682],[120.58814,24.1664],[120.58947,24.16582],[120.59027,24.16564],[120.59109,24.16533],[120.5923,24.16463],[120.59286,24.16412],[120.59367,24.16374],[120.59492,24.16339],[120.59731,24.1632],[120.5986,24.16288],[120.59864,24.16289],[120.5989,24.16404],[120.59946,24.16412],[120.59961,24.16422],[120.60009,24.16481],[120.60045,24.16506],[120.60085,24.16509],[120.60135,24.16499],[120.60152,24.16502],[120.60259,24.16544],[120.60305,24.16555],[120.60415,24.16549],[120.60508,24.16532],[120.60557,24.16516],[120.60639,24.16474],[120.61113,24.16092],[120.61261,24.15993],[120.61445,24.15959],[120.61517,24.15951],[120.6169,24.1596],[120.61824,24.15949],[120.61932,24.15931],[120.62003,24.15906],[120.62016,24.15886],[120.62011,24.15835],[120.62019,24.15803],[120.62082,24.1575],[120.62105,24.1571],[120.62129,24.15611],[120.62141,24.15584],[120.62168,24.15565],[120.62227,24.15558],[120.62208,24.15525],[120.6213,24.15455],[120.62142,24.15447],[120.62155,24.15405],[120.62132,24.15178],[120.62138,24.15104],[120.62132,24.14979],[120.6204,24.14954],[120.61996,24.14933],[120.61976,24.14901],[120.61963,24.1483],[120.61937,24.14823],[120.61838,24.14827],[120.61821,24.14839],[120.61747,24.14858],[120.61727,24.14871],[120.61743,24.14915],[120.61769,24.14952],[120.61779,24.14982],[120.61693,24.15003],[120.61637,24.15007],[120.61604,24.15],[120.61614,24.15048],[120.61577,24.15054],[120.61589,24.15119],[120.61357,24.15188],[120.6136,24.15196],[120.61264,24.15224],[120.61251,24.15225],[120.61228,24.15055],[120.61209,24.1508],[120.61172,24.15099],[120.61134,24.15113],[120.61027,24.15134],[120.60821,24.15111],[120.60706,24.15111],[120.60648,24.1512],[120.60585,24.15135],[120.60513,24.15163],[120.60335,24.1525],[120.59065,24.15905],[120.58789,24.16059],[120.58744,24.16096],[120.58711,24.16129],[120.58667,24.16202],[120.58544,24.16637],[120.58521,24.16693],[120.58495,24.16729],[120.58476,24.16769],[120.58409,24.16812],[120.58367,24.16805],[120.58483,24.16949],[120.58486,24.16959],[120.58469,24.16999],[120.58437,24.17035],[120.58457,24.17039],[120.58491,24.17057],[120.5852,24.1706],[120.58569,24.1705],[120.58713,24.17008],[120.58805,24.16959],[120.58838,24.1695],[120.58746,24.16699],[120.58739,24.16682]]]}},{"type":"Feature","properties":{"c":"66000070024","t":"南屯區","v":"三和里"},"geometry":{"type":"Polygon","coordinates":[[[120.63038,24.14928],[120.63033,24.14976],[120.63041,24.15013],[120.63029,24.15024],[120.63026,24.15042],[120.62994,24.15057],[120.62963,24.15111],[120.62956,24.15143],[120.63062,24.15117],[120.63298,24.15095],[120.63343,24.151],[120.63366,24.15236],[120.63502,24.15258],[120.63528,24.15124],[120.6373,24.15149],[120.64068,24.15121],[120.64068,24.14875],[120.63782,24.14876],[120.63365,24.14828],[120.63063,24.14836],[120.63055,24.14885],[120.63038,24.14928]]]}},{"type":"Feature","properties":{"c":"66000070025","t":"南屯區","v":"三義里"},"geometry":{"type":"Polygon","coordinates":[[[120.63634,24.15701],[120.63649,24.1555],[120.63671,24.15449],[120.63845,24.15471],[120.64071,24.15469],[120.64068,24.15121],[120.6373,24.15149],[120.63528,24.15124],[120.63445,24.15572],[120.63123,24.15558],[120.63081,24.15766],[120.63183,24.15855],[120.63222,24.15881],[120.63252,24.15883],[120.63313,24.1587],[120.63342,24.15879],[120.6335,24.15896],[120.63342,24.15966],[120.63354,24.15993],[120.63405,24.16002],[120.63471,24.15999],[120.63503,24.15995],[120.63508,24.15984],[120.63497,24.15954],[120.63495,24.15909],[120.6346,24.15827],[120.63446,24.1577],[120.63448,24.15726],[120.63461,24.15697],[120.63448,24.1567],[120.63441,24.15633],[120.63448,24.15582],[120.63455,24.15583],[120.63489,24.1564],[120.63536,24.15671],[120.63578,24.15686],[120.63597,24.15715],[120.63606,24.15716],[120.63633,24.157],[120.63634,24.15701]]]}},{"type":"Feature","properties":{"c":"66000080001","t":"北屯區","v":"北興里"},"geometry":{"type":"Polygon","coordinates":[[[120.6999,24.16488],[120.70489,24.16481],[120.70464,24.16439],[120.70427,24.16344],[120.70423,24.16292],[120.70333,24.16273],[120.70316,24.16264],[120.70307,24.16243],[120.7032,24.16161],[120.70346,24.16081],[120.70372,24.16029],[120.70438,24.15925],[120.70067,24.16016],[120.69739,24.16074],[120.69755,24.16218],[120.69383,24.16257],[120.69382,24.16268],[120.69366,24.16278],[120.69311,24.16303],[120.69401,24.16457],[120.6947,24.16413],[120.69569,24.16364],[120.6967,24.16478],[120.6967,24.16492],[120.69962,24.16488],[120.6999,24.16488]]]}},{"type":"Feature","properties":{"c":"66000080002","t":"北屯區","v":"北屯里"},"geometry":{"type":"Polygon","coordinates":[[[120.69385,24.16669],[120.69389,24.16654],[120.69466,24.16566],[120.6942,24.16494],[120.6894,24.16496],[120.68963,24.16522],[120.68963,24.16691],[120.69146,24.16697],[120.69284,24.16811],[120.69381,24.16675],[120.69385,24.16669]]]}},{"type":"Feature","properties":{"c":"66000080003","t":"北屯區","v":"三光里"},"geometry":{"type":"Polygon","coordinates":[[[120.70052,24.17008],[120.70059,24.17007],[120.6999,24.16488],[120.6967,24.16492],[120.6967,24.16478],[120.69569,24.16364],[120.6947,24.16413],[120.69401,24.16457],[120.69466,24.16566],[120.69449,24.1658],[120.69383,24.16668],[120.69462,24.16706],[120.69664,24.1708],[120.69768,24.17041],[120.69934,24.17022],[120.70052,24.17008]]]}},{"type":"Feature","properties":{"c":"66000080004","t":"北屯區","v":"平田里"},"geometry":{"type":"Polygon","coordinates":[[[120.69498,24.17106],[120.69065,24.17153],[120.69171,24.17283],[120.69298,24.17422],[120.69323,24.17487],[120.69552,24.17439],[120.69685,24.17427],[120.69676,24.17317],[120.69791,24.17294],[120.69734,24.17197],[120.69711,24.17184],[120.69738,24.17052],[120.69621,24.17091],[120.69498,24.17106]]]}},{"type":"Feature","properties":{"c":"66000080005","t":"北屯區","v":"平和里"},"geometry":{"type":"Polygon","coordinates":[[[120.67413,24.17452],[120.67432,24.17537],[120.67476,24.17596],[120.67547,24.17644],[120.67659,24.17695],[120.67687,24.1769],[120.67644,24.17496],[120.67986,24.17456],[120.68007,24.17512],[120.68566,24.17453],[120.6855,24.17214],[120.6798,24.17285],[120.67904,24.17304],[120.67611,24.17345],[120.67454,24.17384],[120.67388,24.17391],[120.67407,24.17425],[120.67413,24.17452]]]}},{"type":"Feature","properties":{"c":"66000080006","t":"北屯區","v":"東光里"},"geometry":{"type":"Polygon","coordinates":[[[120.70088,24.17289],[120.70156,24.1728],[120.70226,24.17258],[120.70254,24.17195],[120.70375,24.17189],[120.70518,24.1709],[120.70548,24.16951],[120.70383,24.16949],[120.70213,24.16989],[120.69768,24.17041],[120.69738,24.17052],[120.69711,24.17184],[120.69832,24.17252],[120.69828,24.17325],[120.6993,24.17416],[120.70095,24.17602],[120.70132,24.17601],[120.70088,24.17289]]]}},{"type":"Feature","properties":{"c":"66000080007","t":"北屯區","v":"舊社里"},"geometry":{"type":"Polygon","coordinates":[[[120.7074,24.19929],[120.70749,24.1991],[120.70758,24.19851],[120.70757,24.19726],[120.70765,24.19716],[120.70812,24.1972],[120.70841,24.19711],[120.70851,24.19707],[120.70855,24.19691],[120.70825,24.19624],[120.70822,24.19587],[120.70865,24.19528],[120.7089,24.19478],[120.70947,24.19414],[120.7098,24.19365],[120.71002,24.19359],[120.7102,24.19313],[120.71036,24.19315],[120.7105,24.19305],[120.71028,24.19242],[120.7103,24.19228],[120.71155,24.19109],[120.71209,24.19042],[120.71225,24.18976],[120.71093,24.18793],[120.71228,24.18705],[120.71218,24.18683],[120.71251,24.18658],[120.71119,24.18232],[120.71139,24.18231],[120.71054,24.18011],[120.70993,24.17789],[120.70993,24.17716],[120.71024,24.17613],[120.71031,24.17448],[120.71,24.17386],[120.70938,24.1734],[120.70647,24.17266],[120.70591,24.17237],[120.70542,24.17192],[120.70517,24.17146],[120.70518,24.1709],[120.70375,24.17189],[120.70254,24.17195],[120.70226,24.17258],[120.70156,24.1728],[120.70088,24.17289],[120.70132,24.17601],[120.70048,24.17604],[120.70023,24.1757],[120.70009,24.17563],[120.69923,24.17592],[120.69772,24.17608],[120.69791,24.17711],[120.69759,24.1771],[120.69759,24.17731],[120.69733,24.17751],[120.69719,24.17772],[120.69717,24.17797],[120.69668,24.17795],[120.69654,24.17958],[120.69708,24.1802],[120.69818,24.1808],[120.69852,24.18109],[120.69885,24.18198],[120.69925,24.18258],[120.69964,24.18287],[120.70035,24.18326],[120.70226,24.18469],[120.70247,24.1864],[120.70247,24.18704],[120.70332,24.187],[120.70409,24.18709],[120.70417,24.18757],[120.70412,24.18773],[120.704,24.18782],[120.70338,24.18788],[120.70328,24.18807],[120.70344,24.18867],[120.70448,24.18873],[120.70484,24.18898],[120.70486,24.18912],[120.70429,24.18957],[120.70423,24.18971],[120.70428,24.18981],[120.70498,24.19026],[120.70517,24.19057],[120.70531,24.19138],[120.70531,24.19213],[120.70456,24.19221],[120.70448,24.1923],[120.70443,24.19252],[120.70449,24.19269],[120.705,24.19334],[120.70524,24.19395],[120.70535,24.19441],[120.70538,24.19468],[120.70529,24.19492],[120.70484,24.19487],[120.70484,24.19518],[120.70506,24.19549],[120.70536,24.1957],[120.70551,24.1959],[120.70564,24.19627],[120.70555,24.19648],[120.70506,24.19699],[120.70501,24.1974],[120.70504,24.1975],[120.70544,24.19763],[120.70553,24.19771],[120.7056,24.1981],[120.70607,24.19835],[120.70704,24.19925],[120.70723,24.19939],[120.70734,24.1994],[120.7074,24.19929]]]}},{"type":"Feature","properties":{"c":"66000080008","t":"北屯區","v":"水景里"},"geometry":{"type":"Polygon","coordinates":[[[120.71903,24.17421],[120.71855,24.17018],[120.72439,24.16959],[120.72442,24.16838],[120.72397,24.1684],[120.72397,24.16827],[120.72256,24.16843],[120.72258,24.1669],[120.7225,24.16633],[120.72218,24.16562],[120.72049,24.16276],[120.71934,24.16305],[120.71881,24.16181],[120.71837,24.16019],[120.71821,24.15979],[120.71761,24.15985],[120.71366,24.16058],[120.71294,24.16094],[120.71242,24.16102],[120.71105,24.16102],[120.7102,24.16071],[120.70971,24.16071],[120.70932,24.16082],[120.70693,24.1628],[120.70648,24.16307],[120.70595,24.16314],[120.70423,24.16292],[120.70427,24.16344],[120.70464,24.16439],[120.70486,24.16477],[120.7056,24.16558],[120.70589,24.16623],[120.70615,24.16733],[120.70608,24.16773],[120.70549,24.16947],[120.7052,24.17062],[120.70517,24.17146],[120.70542,24.17192],[120.70591,24.17237],[120.70647,24.17266],[120.70938,24.1734],[120.71,24.17386],[120.71031,24.17448],[120.7103,24.17522],[120.71024,24.17613],[120.70993,24.17716],[120.70993,24.17789],[120.71054,24.18011],[120.71341,24.18012],[120.71339,24.17726],[120.71314,24.1767],[120.71278,24.17619],[120.71338,24.1758],[120.7129,24.17522],[120.71267,24.1748],[120.71285,24.17433],[120.71307,24.17416],[120.71404,24.17353],[120.71426,24.17369],[120.71443,24.17339],[120.71455,24.17291],[120.71454,24.17266],[120.71432,24.17203],[120.71437,24.17174],[120.71594,24.17173],[120.71654,24.17191],[120.71717,24.17229],[120.71764,24.17361],[120.71793,24.17389],[120.71842,24.17414],[120.71894,24.1742],[120.71903,24.17421]]]}},{"type":"Feature","properties":{"c":"66000080009","t":"北屯區","v":"軍功里"},"geometry":{"type":"Polygon","coordinates":[[[120.7299,24.1933],[120.72996,24.19284],[120.72987,24.19246],[120.72979,24.19235],[120.73019,24.19157],[120.7303,24.19055],[120.73028,24.19043],[120.72997,24.19018],[120.72978,24.18974],[120.72991,24.18964],[120.73007,24.18921],[120.73046,24.18856],[120.73047,24.1883],[120.73027,24.18734],[120.72969,24.1863],[120.72964,24.18582],[120.72969,24.1857],[120.73049,24.1854],[120.73058,24.18525],[120.73039,24.18513],[120.72924,24.18481],[120.72926,24.18443],[120.72933,24.1843],[120.72908,24.18365],[120.7287,24.18312],[120.72842,24.18244],[120.72827,24.18229],[120.72791,24.18213],[120.72774,24.18197],[120.72757,24.18164],[120.72749,24.18123],[120.72761,24.18099],[120.72769,24.18057],[120.72764,24.18017],[120.72753,24.17994],[120.72731,24.17974],[120.72572,24.18058],[120.7244,24.18116],[120.72303,24.18165],[120.72193,24.18191],[120.72166,24.18192],[120.7209,24.17594],[120.71917,24.17585],[120.71903,24.17421],[120.71842,24.17414],[120.71793,24.17389],[120.71764,24.17361],[120.71717,24.17229],[120.71654,24.17191],[120.71594,24.17173],[120.71437,24.17174],[120.71432,24.17203],[120.71454,24.17266],[120.71455,24.17291],[120.71443,24.17339],[120.71426,24.17369],[120.71404,24.17353],[120.71307,24.17416],[120.71285,24.17433],[120.71267,24.1748],[120.7129,24.17522],[120.71338,24.1758],[120.71278,24.17619],[120.71314,24.1767],[120.71339,24.17726],[120.71341,24.18012],[120.71054,24.18011],[120.71139,24.18231],[120.71119,24.18232],[120.71251,24.18658],[120.7129,24.18611],[120.71323,24.18586],[120.71339,24.1859],[120.71369,24.18659],[120.71357,24.18709],[120.71329,24.18755],[120.71335,24.18782],[120.71454,24.18763],[120.71462,24.18771],[120.7146,24.18805],[120.71484,24.18933],[120.71473,24.18985],[120.71474,24.19011],[120.71729,24.1904],[120.71773,24.19055],[120.71781,24.19067],[120.7178,24.19118],[120.71786,24.19127],[120.71871,24.19123],[120.71876,24.19132],[120.72001,24.19132],[120.72012,24.19124],[120.72024,24.19083],[120.72024,24.19043],[120.72077,24.19044],[120.72082,24.19019],[120.72099,24.19013],[120.7216,24.19011],[120.72179,24.19003],[120.72209,24.1902],[120.72334,24.19009],[120.72352,24.19039],[120.72391,24.19062],[120.72441,24.19197],[120.72496,24.192],[120.726,24.1918],[120.72665,24.19192],[120.72693,24.19188],[120.72718,24.19192],[120.72805,24.19178],[120.72824,24.19165],[120.72905,24.19156],[120.72932,24.19185],[120.72973,24.19289],[120.72973,24.19313],[120.7299,24.19331],[120.7299,24.1933]]]}},{"type":"Feature","properties":{"c":"66000080010","t":"北屯區","v":"和平里"},"geometry":{"type":"Polygon","coordinates":[[[120.73451,24.19416],[120.73461,24.1941],[120.73441,24.19395],[120.73434,24.19359],[120.73466,24.19318],[120.73465,24.19303],[120.73484,24.19305],[120.73491,24.19296],[120.73485,24.19286],[120.73498,24.1925],[120.73493,24.19223],[120.73503,24.19213],[120.73509,24.19184],[120.73492,24.19159],[120.7346,24.19139],[120.73454,24.19109],[120.73419,24.19081],[120.73379,24.19038],[120.73427,24.19029],[120.73438,24.19006],[120.73439,24.18971],[120.73449,24.18975],[120.73458,24.19006],[120.73507,24.19004],[120.73517,24.18991],[120.73527,24.18946],[120.73551,24.1893],[120.73546,24.1891],[120.73554,24.18886],[120.73551,24.18874],[120.73505,24.18843],[120.73505,24.18837],[120.7353,24.18838],[120.73549,24.18847],[120.73568,24.18843],[120.73582,24.1883],[120.7357,24.18784],[120.73584,24.18739],[120.73598,24.18717],[120.73637,24.18697],[120.7363,24.18673],[120.73605,24.18647],[120.73594,24.1862],[120.73595,24.18594],[120.73619,24.18575],[120.73628,24.18401],[120.73689,24.18397],[120.73775,24.18359],[120.73795,24.18343],[120.73813,24.18286],[120.73828,24.18265],[120.73848,24.18253],[120.73873,24.18192],[120.73861,24.18142],[120.73872,24.18098],[120.7387,24.18015],[120.73833,24.17988],[120.73803,24.17954],[120.73772,24.17846],[120.73785,24.17793],[120.73759,24.17726],[120.73721,24.17669],[120.73677,24.17628],[120.73609,24.17607],[120.73553,24.17579],[120.73419,24.17543],[120.73206,24.17441],[120.73158,24.17412],[120.73057,24.17328],[120.73002,24.17269],[120.72951,24.172],[120.72844,24.1702],[120.72803,24.16978],[120.72685,24.16927],[120.7245,24.16948],[120.72451,24.16958],[120.71855,24.17018],[120.71912,24.17492],[120.71917,24.17585],[120.7209,24.17594],[120.72166,24.18192],[120.72193,24.18191],[120.72303,24.18165],[120.7244,24.18116],[120.72572,24.18058],[120.72731,24.17974],[120.72753,24.17994],[120.72764,24.18017],[120.72769,24.18057],[120.72761,24.18099],[120.72749,24.18123],[120.72757,24.18164],[120.72774,24.18197],[120.72791,24.18213],[120.72827,24.18229],[120.72842,24.18244],[120.7287,24.18312],[120.72908,24.18365],[120.72933,24.1843],[120.72926,24.18443],[120.72924,24.18481],[120.73039,24.18513],[120.73058,24.18525],[120.73049,24.1854],[120.72969,24.1857],[120.72964,24.18582],[120.72969,24.1863],[120.73027,24.18734],[120.73047,24.1883],[120.73046,24.18856],[120.73007,24.18921],[120.72991,24.18964],[120.72978,24.18974],[120.72997,24.19018],[120.73028,24.19043],[120.7303,24.19055],[120.73019,24.19157],[120.72979,24.19235],[120.72987,24.19246],[120.72996,24.19284],[120.7299,24.19331],[120.73023,24.1936],[120.73061,24.1944],[120.73082,24.19461],[120.7318,24.19503],[120.73232,24.19508],[120.73275,24.19489],[120.73331,24.19441],[120.73367,24.19419],[120.73437,24.19417],[120.73451,24.19416]]]}},{"type":"Feature","properties":{"c":"66000080011","t":"北屯區","v":"東山里"},"geometry":{"type":"Polygon","coordinates":[[[120.79142,24.17673],[120.79119,24.17657],[120.79086,24.17646],[120.78999,24.17642],[120.78866,24.17603],[120.78829,24.1758],[120.78738,24.17583],[120.78698,24.17598],[120.7865,24.17569],[120.78623,24.17589],[120.78579,24.17601],[120.78559,24.17616],[120.78544,24.17618],[120.78513,24.17605],[120.78488,24.17615],[120.7845,24.17611],[120.78408,24.17623],[120.78377,24.17613],[120.78363,24.17594],[120.78346,24.1762],[120.78315,24.17643],[120.78196,24.1762],[120.78158,24.17626],[120.78096,24.17654],[120.78089,24.17677],[120.77998,24.1771],[120.7797,24.17741],[120.77918,24.17753],[120.7785,24.17758],[120.77831,24.17771],[120.77819,24.17788],[120.77806,24.17841],[120.77797,24.17848],[120.7778,24.17847],[120.77758,24.17836],[120.77718,24.17795],[120.77706,24.17794],[120.77692,24.17802],[120.77674,24.17832],[120.77662,24.17841],[120.77591,24.17866],[120.77401,24.17891],[120.7734,24.17943],[120.77309,24.17956],[120.7729,24.17953],[120.77263,24.17935],[120.77227,24.17867],[120.77216,24.17858],[120.77149,24.1783],[120.77067,24.17849],[120.7701,24.17853],[120.76927,24.17841],[120.76863,24.17882],[120.76835,24.17887],[120.76744,24.17882],[120.76699,24.17895],[120.76621,24.17936],[120.76597,24.17941],[120.76498,24.17928],[120.76484,24.17932],[120.76457,24.17955],[120.76426,24.17966],[120.76348,24.1792],[120.76297,24.17916],[120.76199,24.17953],[120.76112,24.17959],[120.76009,24.17994],[120.75944,24.1801],[120.75914,24.18003],[120.75894,24.18009],[120.7588,24.18021],[120.75843,24.18029],[120.75828,24.18042],[120.75803,24.18094],[120.75795,24.1809],[120.75795,24.18105],[120.75763,24.18165],[120.75736,24.18185],[120.75697,24.18196],[120.75619,24.18188],[120.75541,24.18164],[120.75435,24.18078],[120.75398,24.18034],[120.75379,24.18019],[120.75361,24.18014],[120.7536,24.18007],[120.75314,24.18022],[120.75255,24.18026],[120.75231,24.18011],[120.7523,24.17986],[120.75213,24.17977],[120.75102,24.17947],[120.7501,24.18045],[120.74971,24.18031],[120.74909,24.17989],[120.74779,24.17979],[120.74753,24.17959],[120.74656,24.17825],[120.7462,24.17789],[120.74573,24.17768],[120.74483,24.1777],[120.74454,24.1776],[120.74432,24.17736],[120.74378,24.17645],[120.74298,24.17611],[120.74241,24.17602],[120.74204,24.17612],[120.74192,24.17642],[120.74211,24.17706],[120.74195,24.17753],[120.74162,24.17779],[120.74134,24.1778],[120.74099,24.17771],[120.74034,24.17743],[120.74038,24.17738],[120.74012,24.17762],[120.73992,24.17799],[120.73969,24.17823],[120.73948,24.17833],[120.73917,24.17839],[120.73816,24.17801],[120.73783,24.17798],[120.73772,24.17846],[120.73803,24.17954],[120.73833,24.17988],[120.73924,24.18044],[120.74046,24.18072],[120.74078,24.18088],[120.74135,24.18126],[120.74257,24.18269],[120.74301,24.18355],[120.74305,24.18395],[120.74327,24.18475],[120.74316,24.18509],[120.74333,24.18577],[120.74353,24.18584],[120.74408,24.1859],[120.74449,24.18626],[120.74465,24.18665],[120.74591,24.18784],[120.74672,24.18927],[120.74696,24.18998],[120.74692,24.19056],[120.74726,24.19063],[120.74788,24.19119],[120.74804,24.19121],[120.74813,24.19142],[120.74858,24.19169],[120.74866,24.19198],[120.75175,24.1922],[120.75401,24.19221],[120.75626,24.19238],[120.75648,24.19244],[120.75664,24.19278],[120.75687,24.19301],[120.75748,24.19293],[120.75846,24.19315],[120.75857,24.19315],[120.75885,24.19274],[120.75924,24.19278],[120.75954,24.19263],[120.75977,24.19242],[120.76005,24.19232],[120.76105,24.19255],[120.76122,24.19292],[120.76147,24.19304],[120.76168,24.19344],[120.76212,24.19378],[120.76223,24.19409],[120.76236,24.19421],[120.76232,24.19445],[120.76283,24.1942],[120.76294,24.19395],[120.76334,24.19344],[120.76378,24.19243],[120.76416,24.19204],[120.76432,24.19166],[120.76469,24.19141],[120.76627,24.19104],[120.76641,24.19153],[120.7668,24.19189],[120.76715,24.19202],[120.76752,24.19226],[120.76815,24.19238],[120.769,24.19295],[120.76924,24.19291],[120.77006,24.19223],[120.77074,24.19188],[120.77092,24.19183],[120.77135,24.19185],[120.77143,24.19192],[120.77153,24.19239],[120.77175,24.19268],[120.7719,24.19319],[120.77221,24.19344],[120.77243,24.19349],[120.77275,24.19329],[120.77339,24.19253],[120.77419,24.19218],[120.77486,24.19178],[120.775,24.19135],[120.77497,24.19093],[120.77522,24.19064],[120.77528,24.19044],[120.77547,24.1902],[120.77583,24.18985],[120.77608,24.18932],[120.77606,24.18912],[120.77579,24.18863],[120.77621,24.18857],[120.77721,24.18813],[120.77748,24.18786],[120.77768,24.18749],[120.77865,24.18762],[120.77894,24.18759],[120.77953,24.18657],[120.78008,24.18621],[120.78035,24.18591],[120.78168,24.18635],[120.78189,24.18631],[120.78215,24.18557],[120.78241,24.18513],[120.78272,24.18487],[120.78322,24.18458],[120.78356,24.18465],[120.78393,24.18503],[120.78427,24.1852],[120.78453,24.18514],[120.7845,24.18504],[120.78456,24.18485],[120.78474,24.18467],[120.78504,24.18452],[120.78571,24.18426],[120.78593,24.18438],[120.78718,24.18388],[120.78845,24.18393],[120.78886,24.18406],[120.78916,24.18425],[120.78936,24.18481],[120.79044,24.18476],[120.79095,24.18484],[120.79126,24.18482],[120.79164,24.18461],[120.79213,24.18464],[120.79253,24.18449],[120.79312,24.18439],[120.79332,24.18439],[120.79397,24.1848],[120.79416,24.18479],[120.79387,24.18419],[120.79356,24.18387],[120.79388,24.18393],[120.79441,24.18421],[120.79464,24.1845],[120.79518,24.18438],[120.79555,24.18438],[120.79568,24.18417],[120.79559,24.184],[120.79559,24.18387],[120.79591,24.18383],[120.79619,24.18368],[120.79636,24.1835],[120.79643,24.18354],[120.79673,24.18352],[120.79736,24.18312],[120.79743,24.18282],[120.79732,24.18246],[120.79743,24.18234],[120.79772,24.18224],[120.79789,24.18184],[120.79838,24.18157],[120.79846,24.18078],[120.7987,24.18045],[120.79885,24.17979],[120.79917,24.1798],[120.79964,24.17947],[120.7999,24.17936],[120.7997,24.17924],[120.79928,24.17921],[120.7974,24.17826],[120.79673,24.17822],[120.79597,24.17833],[120.79552,24.17821],[120.79385,24.17818],[120.7934,24.17792],[120.79298,24.17777],[120.79241,24.17726],[120.7919,24.17699],[120.79142,24.17673]]]}},{"type":"Feature","properties":{"c":"66000080012","t":"北屯區","v":"民政里"},"geometry":{"type":"Polygon","coordinates":[[[120.79142,24.17673],[120.79241,24.17726],[120.79298,24.17777],[120.7934,24.17792],[120.79385,24.17818],[120.79552,24.17821],[120.79597,24.17833],[120.79673,24.17822],[120.7973,24.17824],[120.79861,24.17883],[120.79928,24.17921],[120.7997,24.17924],[120.7999,24.17936],[120.80004,24.17932],[120.80012,24.17923],[120.79994,24.17892],[120.79965,24.17762],[120.79982,24.17713],[120.79999,24.17627],[120.80031,24.17601],[120.80019,24.17548],[120.79988,24.17506],[120.79972,24.17472],[120.80006,24.17379],[120.80041,24.17362],[120.80057,24.17343],[120.80046,24.17292],[120.80056,24.17277],[120.80082,24.17278],[120.80102,24.17313],[120.80115,24.17321],[120.80156,24.17325],[120.80162,24.17266],[120.80171,24.17258],[120.80206,24.17249],[120.80213,24.17241],[120.80219,24.17195],[120.80214,24.17183],[120.80184,24.1716],[120.80175,24.17142],[120.80214,24.17085],[120.80222,24.17062],[120.80222,24.17038],[120.80212,24.17009],[120.80248,24.16982],[120.80263,24.16947],[120.80256,24.16939],[120.80173,24.16927],[120.80092,24.16894],[120.80019,24.16851],[120.79901,24.1682],[120.79814,24.16747],[120.79751,24.16662],[120.79724,24.16641],[120.79633,24.1662],[120.79569,24.16618],[120.79544,24.16607],[120.79472,24.16599],[120.79404,24.1658],[120.79376,24.16582],[120.79355,24.16593],[120.79234,24.1662],[120.79181,24.16648],[120.79109,24.167],[120.7901,24.16741],[120.7897,24.16749],[120.78875,24.16741],[120.78824,24.16744],[120.78775,24.16758],[120.78668,24.16771],[120.78626,24.16734],[120.78579,24.16712],[120.78516,24.16711],[120.7846,24.16695],[120.78389,24.16711],[120.78352,24.16711],[120.7821,24.16674],[120.78163,24.16671],[120.78111,24.16679],[120.78024,24.16708],[120.78002,24.16719],[120.77947,24.16775],[120.77922,24.16792],[120.77836,24.1681],[120.77775,24.16789],[120.77749,24.16789],[120.77703,24.16806],[120.77663,24.16841],[120.77635,24.16855],[120.77585,24.16858],[120.77449,24.16775],[120.77415,24.16748],[120.774,24.16727],[120.77352,24.16557],[120.77323,24.16493],[120.77302,24.16454],[120.77219,24.1635],[120.77215,24.16337],[120.77238,24.16276],[120.77225,24.16237],[120.77193,24.16202],[120.77099,24.16131],[120.77024,24.1609],[120.76945,24.16031],[120.76897,24.1601],[120.7682,24.16024],[120.76752,24.16014],[120.76707,24.15981],[120.76692,24.15958],[120.76615,24.15917],[120.76539,24.15897],[120.76462,24.15887],[120.76377,24.15892],[120.76333,24.15904],[120.76235,24.1598],[120.76189,24.15995],[120.76168,24.15993],[120.76114,24.15969],[120.76064,24.15923],[120.75976,24.15811],[120.75962,24.15799],[120.75912,24.15785],[120.75814,24.15781],[120.7577,24.158],[120.75685,24.1579],[120.75537,24.15794],[120.75471,24.15803],[120.754,24.15851],[120.75382,24.1587],[120.7535,24.15953],[120.75307,24.15995],[120.75159,24.16086],[120.75027,24.16148],[120.74953,24.16203],[120.749,24.16221],[120.74878,24.16213],[120.7487,24.16191],[120.74855,24.16176],[120.74799,24.16136],[120.74634,24.16065],[120.74468,24.15934],[120.74444,24.15927],[120.74346,24.15934],[120.74316,24.15947],[120.74301,24.15964],[120.74279,24.15976],[120.74249,24.1598],[120.73891,24.15999],[120.7389,24.1603],[120.73918,24.16164],[120.74083,24.16766],[120.74123,24.17364],[120.74143,24.17489],[120.74119,24.17588],[120.74092,24.17661],[120.74034,24.17743],[120.74099,24.17771],[120.7415,24.17781],[120.74182,24.17767],[120.74195,24.17753],[120.74211,24.17706],[120.74192,24.17642],[120.74204,24.17612],[120.74241,24.17602],[120.74298,24.17611],[120.74378,24.17645],[120.74432,24.17736],[120.74454,24.1776],[120.74483,24.1777],[120.74573,24.17768],[120.7462,24.17789],[120.74656,24.17825],[120.74753,24.17959],[120.74779,24.17979],[120.74909,24.17989],[120.74971,24.18031],[120.7501,24.18045],[120.75102,24.17947],[120.75213,24.17977],[120.7523,24.17986],[120.75231,24.18011],[120.75255,24.18026],[120.75314,24.18022],[120.7536,24.18007],[120.75361,24.18014],[120.75379,24.18019],[120.75398,24.18034],[120.75435,24.18078],[120.75541,24.18164],[120.75619,24.18188],[120.75697,24.18196],[120.75736,24.18185],[120.75763,24.18165],[120.75795,24.18105],[120.75795,24.1809],[120.75803,24.18094],[120.75828,24.18042],[120.75843,24.18029],[120.7588,24.18021],[120.75894,24.18009],[120.75914,24.18003],[120.75944,24.1801],[120.76009,24.17994],[120.76112,24.17959],[120.76199,24.17953],[120.76297,24.17916],[120.76348,24.1792],[120.76426,24.17966],[120.76457,24.17955],[120.76484,24.17932],[120.76498,24.17928],[120.76597,24.17941],[120.76621,24.17936],[120.76699,24.17895],[120.76744,24.17882],[120.76835,24.17887],[120.76863,24.17882],[120.76927,24.17841],[120.7701,24.17853],[120.77067,24.17849],[120.77149,24.1783],[120.77216,24.17858],[120.77227,24.17867],[120.77263,24.17935],[120.7729,24.17953],[120.77309,24.17956],[120.7734,24.17943],[120.77401,24.17891],[120.77591,24.17866],[120.77662,24.17841],[120.77674,24.17832],[120.77692,24.17802],[120.77706,24.17794],[120.77718,24.17795],[120.77758,24.17836],[120.7778,24.17847],[120.77797,24.17848],[120.77806,24.17841],[120.77819,24.17788],[120.77831,24.17771],[120.7785,24.17758],[120.77918,24.17753],[120.7797,24.17741],[120.77998,24.1771],[120.78089,24.17677],[120.78096,24.17654],[120.78158,24.17626],[120.78196,24.1762],[120.78315,24.17643],[120.78346,24.1762],[120.78363,24.17594],[120.78377,24.17613],[120.78408,24.17623],[120.7845,24.17611],[120.78488,24.17615],[120.78513,24.17605],[120.78544,24.17618],[120.78559,24.17616],[120.78579,24.17601],[120.78623,24.17589],[120.7865,24.17569],[120.78698,24.17598],[120.78738,24.17583],[120.78829,24.1758],[120.78866,24.17603],[120.78999,24.17642],[120.79086,24.17646],[120.79119,24.17657],[120.79141,24.17672],[120.79142,24.17673]]]}},{"type":"Feature","properties":{"c":"66000080013","t":"北屯區","v":"廍子里"},"geometry":{"type":"Polygon","coordinates":[[[120.74038,24.17738],[120.74092,24.17661],[120.74119,24.17588],[120.74143,24.17489],[120.74123,24.17364],[120.74083,24.16766],[120.73918,24.16164],[120.7389,24.1603],[120.73891,24.15999],[120.7385,24.15994],[120.73764,24.15941],[120.73544,24.15889],[120.73483,24.15868],[120.7335,24.15814],[120.73134,24.15713],[120.73036,24.15708],[120.72973,24.15722],[120.72937,24.15723],[120.72789,24.15719],[120.7266,24.15682],[120.72614,24.15678],[120.72501,24.15793],[120.72461,24.15843],[120.72367,24.15826],[120.72248,24.1585],[120.72184,24.15865],[120.71821,24.15979],[120.71837,24.16019],[120.71881,24.16181],[120.71934,24.16305],[120.72049,24.16276],[120.72218,24.16562],[120.7225,24.16633],[120.72258,24.1669],[120.72256,24.16843],[120.72397,24.16827],[120.72397,24.1684],[120.72442,24.16838],[120.72439,24.16959],[120.72451,24.16958],[120.7245,24.16948],[120.72685,24.16927],[120.72803,24.16978],[120.72844,24.1702],[120.72951,24.172],[120.73002,24.17269],[120.73057,24.17328],[120.73158,24.17412],[120.73325,24.175],[120.73419,24.17543],[120.73553,24.17579],[120.73609,24.17607],[120.73677,24.17628],[120.73721,24.17669],[120.73759,24.17726],[120.73783,24.17798],[120.73816,24.17801],[120.73917,24.17839],[120.73948,24.17833],[120.73969,24.17823],[120.73992,24.17799],[120.74012,24.17762],[120.74037,24.17738],[120.74038,24.17738]]]}},{"type":"Feature","properties":{"c":"66000080014","t":"北屯區","v":"大坑里"},"geometry":{"type":"Polygon","coordinates":[[[120.74798,24.20442],[120.74966,24.20444],[120.75022,24.20467],[120.75041,24.20487],[120.75103,24.2061],[120.75101,24.20622],[120.75048,24.20655],[120.7502,24.20685],[120.75021,24.20756],[120.75038,24.20833],[120.75035,24.20897],[120.74976,24.20923],[120.74903,24.21005],[120.74795,24.21092],[120.74795,24.21102],[120.74866,24.21183],[120.74932,24.21278],[120.7495,24.21325],[120.7495,24.21356],[120.74943,24.21384],[120.75006,24.2143],[120.75062,24.21517],[120.75073,24.21524],[120.75155,24.21539],[120.75173,24.21547],[120.75185,24.21564],[120.75208,24.21665],[120.75339,24.21894],[120.75367,24.21927],[120.75447,24.21867],[120.75493,24.21849],[120.75604,24.21852],[120.75642,24.21868],[120.75684,24.21867],[120.75744,24.21844],[120.75774,24.21819],[120.75806,24.21815],[120.75813,24.21808],[120.75853,24.21809],[120.75899,24.218],[120.75931,24.21776],[120.76011,24.2185],[120.76039,24.21868],[120.76061,24.21877],[120.7609,24.21872],[120.76179,24.21839],[120.76222,24.21811],[120.76286,24.21741],[120.76331,24.21746],[120.76377,24.21734],[120.76423,24.21738],[120.7645,24.21724],[120.76477,24.2168],[120.76489,24.21675],[120.76581,24.21679],[120.76621,24.21737],[120.7665,24.2176],[120.76735,24.21734],[120.76858,24.21683],[120.76867,24.21668],[120.77008,24.21586],[120.77046,24.21555],[120.7707,24.21528],[120.77081,24.21499],[120.7708,24.21473],[120.77094,24.21453],[120.77129,24.21438],[120.77146,24.21397],[120.77147,24.21378],[120.77133,24.21335],[120.77126,24.21337],[120.77035,24.21278],[120.77013,24.21248],[120.76956,24.21204],[120.76903,24.21191],[120.76851,24.2114],[120.76818,24.21126],[120.76825,24.21116],[120.76814,24.21114],[120.7682,24.21095],[120.76806,24.21046],[120.76813,24.20985],[120.76805,24.20967],[120.76815,24.20971],[120.76819,24.20964],[120.76826,24.20911],[120.76826,24.20821],[120.76787,24.20771],[120.76755,24.20772],[120.76727,24.20783],[120.76732,24.2076],[120.76752,24.20727],[120.76764,24.20715],[120.76784,24.20713],[120.7679,24.20687],[120.76784,24.20672],[120.76788,24.20645],[120.76745,24.20598],[120.7676,24.20573],[120.76739,24.20564],[120.76753,24.20544],[120.76739,24.20529],[120.76738,24.20507],[120.76728,24.20496],[120.76732,24.20461],[120.76723,24.20441],[120.767,24.20422],[120.76695,24.204],[120.76658,24.20378],[120.76644,24.20393],[120.76627,24.2037],[120.76602,24.20355],[120.76639,24.20314],[120.76647,24.20231],[120.76668,24.20215],[120.76679,24.20166],[120.76658,24.20147],[120.76634,24.20104],[120.7658,24.20087],[120.76583,24.20075],[120.76632,24.20056],[120.76634,24.20047],[120.76625,24.20036],[120.76621,24.20015],[120.76597,24.20005],[120.7654,24.19999],[120.76516,24.20003],[120.76491,24.19984],[120.76485,24.19967],[120.76494,24.1996],[120.76493,24.19946],[120.76472,24.19932],[120.76484,24.19877],[120.76472,24.19828],[120.76488,24.19804],[120.76483,24.1979],[120.76522,24.19799],[120.76537,24.19788],[120.76543,24.19775],[120.76577,24.19771],[120.76613,24.19751],[120.76622,24.19757],[120.76657,24.1975],[120.76659,24.19683],[120.76669,24.19666],[120.7671,24.19639],[120.76766,24.19625],[120.76805,24.19597],[120.76839,24.1961],[120.76879,24.19597],[120.76886,24.19589],[120.76875,24.19542],[120.76878,24.1953],[120.76908,24.19483],[120.76955,24.19429],[120.7698,24.19424],[120.77026,24.19427],[120.77135,24.19386],[120.77145,24.19371],[120.77189,24.19351],[120.77235,24.19349],[120.77203,24.19333],[120.7719,24.19319],[120.77175,24.19268],[120.77153,24.19239],[120.77143,24.19192],[120.77135,24.19185],[120.77092,24.19183],[120.77074,24.19188],[120.77006,24.19223],[120.76924,24.19291],[120.769,24.19295],[120.76815,24.19238],[120.76752,24.19226],[120.76715,24.19202],[120.7668,24.19189],[120.76641,24.19153],[120.76627,24.19104],[120.76469,24.19141],[120.76432,24.19166],[120.76416,24.19204],[120.76378,24.19243],[120.76334,24.19344],[120.76294,24.19395],[120.76283,24.1942],[120.76232,24.19445],[120.76236,24.19421],[120.76223,24.19409],[120.76212,24.19378],[120.76168,24.19344],[120.76147,24.19304],[120.76122,24.19292],[120.76105,24.19255],[120.76005,24.19232],[120.75977,24.19242],[120.75954,24.19263],[120.75924,24.19278],[120.75885,24.19274],[120.75857,24.19315],[120.75846,24.19315],[120.75748,24.19293],[120.75687,24.19301],[120.75664,24.19278],[120.75648,24.19244],[120.75626,24.19238],[120.75401,24.19221],[120.75175,24.1922],[120.74866,24.19198],[120.74858,24.19169],[120.74813,24.19142],[120.74804,24.19121],[120.74788,24.19119],[120.74726,24.19063],[120.74692,24.19056],[120.74696,24.18998],[120.74672,24.18927],[120.74591,24.18784],[120.74465,24.18665],[120.74449,24.18626],[120.74408,24.1859],[120.74353,24.18584],[120.74333,24.18577],[120.74316,24.18509],[120.74327,24.18475],[120.74305,24.18395],[120.74301,24.18355],[120.74257,24.18269],[120.74189,24.18185],[120.74135,24.18126],[120.74078,24.18088],[120.74046,24.18072],[120.73924,24.18044],[120.7387,24.18015],[120.73872,24.18098],[120.73861,24.18142],[120.73873,24.18192],[120.73848,24.18253],[120.73828,24.18265],[120.73813,24.18286],[120.73795,24.18343],[120.73775,24.18359],[120.73689,24.18397],[120.73628,24.18401],[120.73619,24.18575],[120.73595,24.18594],[120.73594,24.1862],[120.73605,24.18647],[120.7363,24.18673],[120.73637,24.18697],[120.73598,24.18717],[120.73584,24.18739],[120.7357,24.18784],[120.73582,24.1883],[120.73568,24.18843],[120.73549,24.18847],[120.7353,24.18838],[120.73505,24.18837],[120.73505,24.18843],[120.73551,24.18874],[120.73554,24.18886],[120.73546,24.1891],[120.73551,24.1893],[120.73527,24.18946],[120.73517,24.18991],[120.73507,24.19004],[120.73458,24.19006],[120.73449,24.18975],[120.73439,24.18971],[120.73438,24.19006],[120.73427,24.19029],[120.73379,24.19038],[120.73419,24.19081],[120.73454,24.19109],[120.7346,24.19139],[120.73492,24.19159],[120.73509,24.19184],[120.73503,24.19213],[120.73493,24.19223],[120.73498,24.1925],[120.73485,24.19286],[120.73491,24.19296],[120.73484,24.19305],[120.73465,24.19303],[120.73466,24.19318],[120.73434,24.19359],[120.73441,24.19395],[120.73461,24.1941],[120.73451,24.19416],[120.73533,24.19404],[120.73552,24.19409],[120.73596,24.19467],[120.73608,24.19475],[120.73642,24.19482],[120.73685,24.19515],[120.73754,24.19616],[120.73765,24.19649],[120.73735,24.19726],[120.7374,24.19844],[120.73721,24.19948],[120.73737,24.19971],[120.73771,24.19993],[120.73798,24.20021],[120.73801,24.20093],[120.73829,24.20138],[120.73838,24.2018],[120.73847,24.20194],[120.73893,24.20211],[120.74117,24.20226],[120.74209,24.20267],[120.74265,24.20299],[120.74303,24.2033],[120.74341,24.20337],[120.74422,24.20331],[120.74547,24.203],[120.74577,24.20302],[120.7459,24.20309],[120.74612,24.2034],[120.74625,24.20399],[120.74655,24.20411],[120.74726,24.20417],[120.74771,24.20443],[120.74798,24.20442]]]}},{"type":"Feature","properties":{"c":"66000080015","t":"北屯區","v":"民德里"},"geometry":{"type":"Polygon","coordinates":[[[120.77133,24.21335],[120.77277,24.2132],[120.77304,24.2131],[120.77319,24.21294],[120.77323,24.21267],[120.77363,24.21257],[120.77401,24.21251],[120.77545,24.21254],[120.77633,24.21228],[120.77731,24.21166],[120.77762,24.21159],[120.77836,24.21186],[120.77967,24.21122],[120.78026,24.21121],[120.78245,24.21065],[120.78316,24.2101],[120.78468,24.20918],[120.78547,24.20857],[120.78591,24.20831],[120.78635,24.2081],[120.78719,24.20788],[120.78768,24.20766],[120.78822,24.20698],[120.78858,24.20675],[120.78898,24.20669],[120.78915,24.20656],[120.78966,24.20637],[120.79007,24.20635],[120.79039,24.20621],[120.7918,24.20594],[120.79248,24.20593],[120.79266,24.20587],[120.79309,24.20555],[120.79377,24.20547],[120.79392,24.2054],[120.79472,24.20494],[120.79503,24.20464],[120.79604,24.20413],[120.7972,24.20298],[120.79785,24.2016],[120.79814,24.20123],[120.79859,24.20108],[120.79894,24.20069],[120.79968,24.20009],[120.79967,24.19991],[120.79994,24.1993],[120.79995,24.19905],[120.7995,24.19824],[120.80019,24.19776],[120.80082,24.19714],[120.80093,24.19702],[120.80116,24.19647],[120.80095,24.19596],[120.80079,24.19505],[120.80006,24.1939],[120.79982,24.19342],[120.79961,24.19272],[120.79946,24.19182],[120.79946,24.19131],[120.7996,24.19068],[120.79952,24.18987],[120.79958,24.1895],[120.79966,24.18936],[120.79997,24.18911],[120.80008,24.18884],[120.80013,24.1883],[120.80003,24.188],[120.79967,24.18759],[120.79932,24.18694],[120.79855,24.18579],[120.79826,24.1852],[120.79791,24.18423],[120.79745,24.18375],[120.79743,24.18282],[120.79736,24.18312],[120.79695,24.18342],[120.79668,24.18353],[120.79636,24.1835],[120.79619,24.18368],[120.79591,24.18383],[120.79559,24.18387],[120.79559,24.184],[120.79568,24.18417],[120.79558,24.18436],[120.79547,24.1844],[120.79518,24.18438],[120.79464,24.1845],[120.79441,24.18421],[120.79388,24.18393],[120.79356,24.18387],[120.79404,24.18446],[120.79416,24.18479],[120.79406,24.18481],[120.7939,24.18477],[120.79332,24.18439],[120.79312,24.18439],[120.79253,24.18449],[120.79213,24.18464],[120.79164,24.18461],[120.79126,24.18482],[120.79095,24.18484],[120.79044,24.18476],[120.78936,24.18481],[120.78916,24.18425],[120.78886,24.18406],[120.78845,24.18393],[120.78718,24.18388],[120.78593,24.18438],[120.78571,24.18426],[120.78493,24.18457],[120.78456,24.18485],[120.7845,24.18504],[120.78453,24.18514],[120.78447,24.18518],[120.78415,24.18518],[120.78356,24.18465],[120.78322,24.18458],[120.78247,24.18506],[120.78215,24.18557],[120.78189,24.18631],[120.78181,24.18635],[120.78144,24.18628],[120.78043,24.1859],[120.78027,24.18594],[120.78008,24.18621],[120.77953,24.18657],[120.77894,24.18759],[120.77865,24.18762],[120.77768,24.18749],[120.77748,24.18786],[120.77721,24.18813],[120.77621,24.18857],[120.77579,24.18863],[120.77606,24.18912],[120.77608,24.18932],[120.77583,24.18985],[120.77547,24.1902],[120.77528,24.19044],[120.77522,24.19064],[120.77497,24.19093],[120.775,24.19135],[120.77486,24.19178],[120.77419,24.19218],[120.77339,24.19253],[120.77275,24.19329],[120.77243,24.19349],[120.77189,24.19351],[120.77145,24.19371],[120.77135,24.19386],[120.77026,24.19427],[120.7698,24.19424],[120.76955,24.19429],[120.76908,24.19483],[120.76878,24.1953],[120.76875,24.19542],[120.76886,24.19589],[120.76879,24.19597],[120.76839,24.1961],[120.76805,24.19597],[120.76766,24.19625],[120.7671,24.19639],[120.76669,24.19666],[120.76657,24.19691],[120.76654,24.19751],[120.76622,24.19757],[120.76613,24.19751],[120.76577,24.19771],[120.76543,24.19775],[120.76537,24.19788],[120.76522,24.19799],[120.76483,24.1979],[120.76488,24.19804],[120.76472,24.19828],[120.76484,24.19877],[120.76472,24.19932],[120.76493,24.19946],[120.76494,24.1996],[120.76485,24.19967],[120.76489,24.19982],[120.76516,24.20003],[120.7654,24.19999],[120.76597,24.20005],[120.76621,24.20015],[120.76625,24.20036],[120.76634,24.20047],[120.76632,24.20056],[120.76583,24.20075],[120.7658,24.20087],[120.76634,24.20104],[120.76658,24.20147],[120.76679,24.20166],[120.76668,24.20215],[120.76647,24.20231],[120.76639,24.20314],[120.76602,24.20355],[120.76627,24.2037],[120.76644,24.20393],[120.76658,24.20378],[120.76695,24.204],[120.767,24.20422],[120.76723,24.20441],[120.76732,24.20461],[120.76728,24.20496],[120.76738,24.20507],[120.76739,24.20529],[120.76753,24.20544],[120.76739,24.20564],[120.7676,24.20573],[120.76745,24.20598],[120.76788,24.20645],[120.76784,24.20672],[120.7679,24.20687],[120.76784,24.20713],[120.76764,24.20715],[120.76752,24.20727],[120.76732,24.2076],[120.76727,24.20783],[120.76755,24.20772],[120.76787,24.20771],[120.76826,24.20821],[120.76826,24.20911],[120.76819,24.20964],[120.76815,24.20971],[120.76805,24.20967],[120.76813,24.20985],[120.76806,24.21046],[120.7682,24.21095],[120.76814,24.21114],[120.76825,24.21116],[120.76818,24.21126],[120.76851,24.2114],[120.76903,24.21191],[120.76956,24.21204],[120.77013,24.21248],[120.77035,24.21278],[120.77126,24.21337],[120.77133,24.21335]]]}},{"type":"Feature","properties":{"c":"66000080016","t":"北屯區","v":"松竹里"},"geometry":{"type":"Polygon","coordinates":[[[120.69038,24.17689],[120.68187,24.17791],[120.6789,24.17814],[120.67868,24.17892],[120.67858,24.17903],[120.67812,24.1792],[120.67806,24.1797],[120.67825,24.17992],[120.67867,24.18017],[120.6791,24.1806],[120.67923,24.18059],[120.67955,24.18034],[120.68011,24.1804],[120.68119,24.18031],[120.68141,24.18021],[120.68166,24.17996],[120.68202,24.17999],[120.68207,24.18182],[120.68616,24.18151],[120.68852,24.18197],[120.69063,24.17904],[120.69047,24.1776],[120.69038,24.17689]]]}},{"type":"Feature","properties":{"c":"66000080017","t":"北屯區","v":"仁和里"},"geometry":{"type":"Polygon","coordinates":[[[120.68248,24.19522],[120.68209,24.19406],[120.6814,24.19425],[120.68107,24.19335],[120.68118,24.19333],[120.6809,24.1928],[120.68069,24.19179],[120.68121,24.19169],[120.68169,24.19171],[120.68158,24.19147],[120.68148,24.19149],[120.68136,24.19096],[120.68162,24.19089],[120.6821,24.1915],[120.68224,24.19146],[120.68256,24.19205],[120.68347,24.19158],[120.68339,24.19099],[120.68355,24.19088],[120.68358,24.19099],[120.68383,24.19092],[120.68431,24.1906],[120.68439,24.19064],[120.68446,24.19058],[120.68462,24.19077],[120.68505,24.19048],[120.68634,24.18865],[120.68687,24.18735],[120.68695,24.18689],[120.68703,24.18518],[120.68801,24.18262],[120.68852,24.18197],[120.68616,24.18151],[120.68207,24.18182],[120.68202,24.17999],[120.68166,24.17996],[120.68141,24.18021],[120.68119,24.18031],[120.68011,24.1804],[120.67955,24.18034],[120.67919,24.1806],[120.67903,24.18057],[120.67859,24.18012],[120.67856,24.18098],[120.67832,24.18206],[120.67777,24.18188],[120.67604,24.1808],[120.67562,24.18061],[120.67513,24.18024],[120.67386,24.18109],[120.67465,24.18209],[120.67489,24.18251],[120.67415,24.1819],[120.67376,24.18167],[120.67221,24.18395],[120.67213,24.18421],[120.67223,24.18439],[120.67203,24.18461],[120.67205,24.1847],[120.67192,24.18496],[120.67237,24.18548],[120.67253,24.18579],[120.67219,24.18608],[120.67199,24.18634],[120.67137,24.1867],[120.67266,24.1875],[120.67217,24.1881],[120.67149,24.18908],[120.67352,24.19007],[120.673,24.19072],[120.67358,24.19134],[120.67363,24.19174],[120.67402,24.19236],[120.67474,24.19298],[120.67484,24.19346],[120.67514,24.1937],[120.6752,24.19402],[120.67561,24.19425],[120.6763,24.19421],[120.6764,24.19336],[120.67759,24.19337],[120.67823,24.19326],[120.67825,24.19662],[120.68052,24.19657],[120.68052,24.19689],[120.68132,24.19621],[120.68248,24.19522]]]}},{"type":"Feature","properties":{"c":"66000080018","t":"北屯區","v":"仁美里"},"geometry":{"type":"Polygon","coordinates":[[[120.69102,24.20618],[120.69068,24.20523],[120.69049,24.20422],[120.69205,24.20406],[120.69231,24.20418],[120.69248,24.20418],[120.69263,24.20402],[120.69284,24.20398],[120.69294,24.20403],[120.6938,24.20387],[120.69438,24.20417],[120.69483,24.20411],[120.69498,24.20386],[120.69487,24.20373],[120.69524,24.20356],[120.69552,24.20353],[120.69627,24.20314],[120.6965,24.2032],[120.69692,24.20307],[120.69693,24.20239],[120.69724,24.20075],[120.69737,24.2007],[120.69743,24.20045],[120.69746,24.20022],[120.69739,24.19996],[120.6973,24.19984],[120.69683,24.19956],[120.69609,24.19871],[120.69588,24.19863],[120.69525,24.19877],[120.69472,24.19859],[120.69469,24.19845],[120.69406,24.19835],[120.69397,24.19818],[120.69414,24.19806],[120.69397,24.19792],[120.69377,24.19795],[120.69371,24.19773],[120.69397,24.19739],[120.69438,24.19713],[120.6943,24.19691],[120.69476,24.19586],[120.69478,24.19532],[120.6951,24.1952],[120.69513,24.19513],[120.69513,24.19466],[120.69484,24.19441],[120.69493,24.19411],[120.69486,24.19399],[120.69497,24.1938],[120.69394,24.19291],[120.69522,24.19211],[120.6959,24.19199],[120.69643,24.19201],[120.69503,24.19141],[120.69362,24.19129],[120.69248,24.19054],[120.69217,24.19043],[120.69167,24.18964],[120.69038,24.18914],[120.69037,24.18825],[120.68647,24.18827],[120.68634,24.18865],[120.68505,24.19048],[120.68462,24.19077],[120.68446,24.19058],[120.68439,24.19064],[120.68431,24.1906],[120.68383,24.19092],[120.68358,24.19099],[120.68355,24.19088],[120.68339,24.19099],[120.68347,24.19158],[120.68316,24.19177],[120.68326,24.19208],[120.68305,24.1921],[120.68315,24.19251],[120.68288,24.19256],[120.68295,24.19288],[120.68344,24.19281],[120.68357,24.19328],[120.68329,24.19334],[120.68345,24.19388],[120.68348,24.19441],[120.68362,24.19466],[120.68387,24.19486],[120.68424,24.19486],[120.68459,24.19549],[120.68487,24.19575],[120.68505,24.19607],[120.68551,24.19645],[120.68573,24.19679],[120.68657,24.19766],[120.68666,24.20106],[120.68534,24.20106],[120.68554,24.20148],[120.68597,24.20285],[120.68592,24.20343],[120.68579,24.20389],[120.68593,24.20405],[120.68594,24.20515],[120.687,24.2055],[120.68817,24.20577],[120.69094,24.20626],[120.69102,24.20618]]]}},{"type":"Feature","properties":{"c":"66000080019","t":"北屯區","v":"四民里"},"geometry":{"type":"Polygon","coordinates":[[[120.6814,24.19425],[120.68209,24.19406],[120.68248,24.19522],[120.68305,24.19619],[120.68342,24.19756],[120.68387,24.19823],[120.68464,24.19878],[120.68475,24.19893],[120.68479,24.19905],[120.68473,24.19943],[120.6848,24.19966],[120.68503,24.20003],[120.68518,24.20082],[120.68534,24.20106],[120.68666,24.20106],[120.68657,24.19766],[120.68573,24.19679],[120.68551,24.19645],[120.68505,24.19607],[120.68487,24.19575],[120.68459,24.19549],[120.68424,24.19486],[120.68384,24.19485],[120.68355,24.19456],[120.68348,24.19441],[120.68345,24.19388],[120.68329,24.19334],[120.68357,24.19328],[120.68344,24.19281],[120.68295,24.19288],[120.68288,24.19256],[120.68315,24.19251],[120.68305,24.1921],[120.68326,24.19208],[120.68316,24.19177],[120.68256,24.19205],[120.68224,24.19146],[120.6821,24.1915],[120.68162,24.19089],[120.68136,24.19096],[120.68148,24.19149],[120.68158,24.19147],[120.68169,24.19171],[120.68121,24.19169],[120.68069,24.19179],[120.6809,24.1928],[120.68118,24.19333],[120.68107,24.19335],[120.68127,24.19389],[120.6814,24.19425]]]}},{"type":"Feature","properties":{"c":"66000080020","t":"北屯區","v":"后庄里"},"geometry":{"type":"Polygon","coordinates":[[[120.67561,24.19425],[120.67518,24.194],[120.67514,24.1937],[120.67484,24.19346],[120.67474,24.19298],[120.67402,24.19236],[120.67363,24.19174],[120.67358,24.19134],[120.673,24.19072],[120.67352,24.19007],[120.66952,24.18812],[120.66936,24.18837],[120.66405,24.18566],[120.65991,24.19273],[120.66038,24.19306],[120.66075,24.19373],[120.6619,24.19381],[120.66222,24.19391],[120.66228,24.19382],[120.66292,24.19409],[120.66375,24.19493],[120.66365,24.19506],[120.66452,24.19578],[120.66471,24.19604],[120.66544,24.19595],[120.66554,24.19571],[120.66589,24.1956],[120.66613,24.19577],[120.66622,24.196],[120.66616,24.19622],[120.66638,24.19623],[120.66664,24.19609],[120.66667,24.19565],[120.66678,24.19554],[120.66709,24.19566],[120.6672,24.19594],[120.66768,24.19605],[120.66832,24.19669],[120.66843,24.19664],[120.66864,24.19664],[120.66908,24.1964],[120.67028,24.19679],[120.67094,24.19668],[120.67093,24.1946],[120.67098,24.19425],[120.67194,24.19404],[120.67393,24.1941],[120.6743,24.19421],[120.67501,24.19427],[120.67561,24.19425]]]}},{"type":"Feature","properties":{"c":"66000080021","t":"北屯區","v":"同榮里"},"geometry":{"type":"Polygon","coordinates":[[[120.68593,24.20405],[120.68579,24.20389],[120.68579,24.20378],[120.68592,24.20343],[120.68597,24.20285],[120.68554,24.20148],[120.68518,24.20082],[120.68503,24.20003],[120.6848,24.19966],[120.68473,24.19943],[120.68479,24.19905],[120.68475,24.19893],[120.68464,24.19878],[120.68387,24.19823],[120.68365,24.19796],[120.68342,24.19756],[120.68305,24.19619],[120.68248,24.19522],[120.68052,24.19689],[120.68052,24.19657],[120.67825,24.19662],[120.67823,24.19326],[120.67759,24.19337],[120.6764,24.19336],[120.6763,24.19421],[120.67501,24.19427],[120.6743,24.19421],[120.67393,24.1941],[120.67194,24.19404],[120.67098,24.19425],[120.67093,24.1946],[120.67094,24.19668],[120.67028,24.19679],[120.66908,24.1964],[120.66864,24.19664],[120.6683,24.19669],[120.66768,24.19605],[120.6672,24.19594],[120.66709,24.19566],[120.66678,24.19554],[120.66667,24.19565],[120.66664,24.19609],[120.66638,24.19623],[120.66616,24.19622],[120.66622,24.196],[120.66613,24.19577],[120.66589,24.1956],[120.66554,24.19571],[120.66544,24.19595],[120.66471,24.19604],[120.66452,24.19578],[120.66365,24.19506],[120.66375,24.19493],[120.66292,24.19409],[120.66228,24.19382],[120.66222,24.19391],[120.6619,24.19381],[120.66075,24.19373],[120.66038,24.19306],[120.65991,24.19273],[120.65965,24.19315],[120.6611,24.19721],[120.66125,24.19816],[120.66133,24.19825],[120.66186,24.19985],[120.66195,24.19999],[120.66246,24.20032],[120.66431,24.20128],[120.66447,24.20157],[120.66468,24.20155],[120.66638,24.20216],[120.6676,24.20227],[120.6687,24.20322],[120.66983,24.20368],[120.67052,24.2036],[120.67164,24.20365],[120.67345,24.20398],[120.67413,24.20439],[120.67464,24.20295],[120.67472,24.20288],[120.67586,24.2031],[120.67851,24.20328],[120.67962,24.20379],[120.67987,24.20371],[120.67986,24.2035],[120.68004,24.2034],[120.68048,24.20331],[120.6818,24.20354],[120.68314,24.20424],[120.68427,24.20469],[120.68594,24.20515],[120.68593,24.20405]]]}},{"type":"Feature","properties":{"c":"66000080022","t":"北屯區","v":"仁愛里"},"geometry":{"type":"Polygon","coordinates":[[[120.67465,24.18209],[120.67386,24.18109],[120.67518,24.18024],[120.67514,24.18019],[120.67428,24.17984],[120.6739,24.1796],[120.67345,24.17916],[120.67363,24.17908],[120.67267,24.17817],[120.67257,24.17797],[120.67214,24.1781],[120.67068,24.17669],[120.67026,24.17665],[120.66983,24.17644],[120.66914,24.17599],[120.66868,24.17586],[120.66874,24.17613],[120.66892,24.17639],[120.66899,24.17662],[120.66953,24.17709],[120.6694,24.17725],[120.66973,24.17748],[120.67076,24.1787],[120.67003,24.17895],[120.67029,24.17978],[120.67125,24.18109],[120.67278,24.18189],[120.67325,24.18242],[120.67376,24.18167],[120.67415,24.1819],[120.67489,24.18251],[120.67465,24.18209]]]}},{"type":"Feature","properties":{"c":"66000080023","t":"北屯區","v":"水湳里"},"geometry":{"type":"Polygon","coordinates":[[[120.67859,24.18012],[120.67836,24.18001],[120.67808,24.17975],[120.67807,24.17937],[120.67812,24.1792],[120.67858,24.17903],[120.67868,24.17892],[120.6789,24.17814],[120.67686,24.17832],[120.67683,24.17691],[120.67659,24.17695],[120.67547,24.17644],[120.67476,24.17596],[120.67432,24.17537],[120.67407,24.17425],[120.67388,24.17391],[120.67285,24.17397],[120.67182,24.17387],[120.66884,24.17345],[120.66767,24.17316],[120.66706,24.17307],[120.6671,24.17327],[120.6672,24.17334],[120.66731,24.17368],[120.66829,24.17509],[120.66855,24.17576],[120.66868,24.17586],[120.66914,24.17599],[120.66983,24.17644],[120.67026,24.17665],[120.67068,24.17669],[120.67214,24.1781],[120.67257,24.17797],[120.67267,24.17817],[120.67363,24.17908],[120.67345,24.17916],[120.67356,24.17929],[120.67428,24.17984],[120.67508,24.18015],[120.67562,24.18061],[120.67604,24.1808],[120.67732,24.18162],[120.67777,24.18188],[120.67832,24.18206],[120.67856,24.18098],[120.67859,24.18025],[120.67859,24.18012]]]}},{"type":"Feature","properties":{"c":"66000080024","t":"北屯區","v":"陳平里"},"geometry":{"type":"Polygon","coordinates":[[[120.66838,24.18082],[120.66805,24.18038],[120.66745,24.17979],[120.66682,24.18063],[120.66571,24.1828],[120.66405,24.18566],[120.66601,24.18666],[120.66796,24.18357],[120.66874,24.18274],[120.66928,24.18256],[120.66907,24.18204],[120.6689,24.18187],[120.66871,24.18128],[120.66838,24.18082]]]}},{"type":"Feature","properties":{"c":"66000080025","t":"北屯區","v":"新平里"},"geometry":{"type":"Polygon","coordinates":[[[120.65966,24.19312],[120.6612,24.1906],[120.66511,24.18389],[120.66682,24.18063],[120.66857,24.17827],[120.66634,24.17825],[120.66621,24.17849],[120.66455,24.17907],[120.66458,24.18267],[120.66293,24.18263],[120.66311,24.17749],[120.65815,24.17741],[120.65803,24.17753],[120.65796,24.17979],[120.65803,24.18054],[120.65781,24.18303],[120.65758,24.18424],[120.6576,24.18458],[120.65745,24.18667],[120.65746,24.18679],[120.65772,24.1872],[120.65777,24.18754],[120.65766,24.18769],[120.65751,24.18775],[120.65744,24.18911],[120.65754,24.18962],[120.65772,24.18998],[120.65802,24.19012],[120.65829,24.19008],[120.65845,24.19018],[120.65854,24.19033],[120.65965,24.19315],[120.65966,24.19312]]]}},{"type":"Feature","properties":{"c":"66000080026","t":"北屯區","v":"平安里"},"geometry":{"type":"Polygon","coordinates":[[[120.68528,24.16947],[120.6855,24.17214],[120.69065,24.17153],[120.69051,24.17135],[120.69021,24.17003],[120.69003,24.1697],[120.68934,24.16879],[120.68881,24.16688],[120.6876,24.16699],[120.68647,24.1669],[120.68602,24.16696],[120.68559,24.16691],[120.6853,24.16697],[120.68502,24.1669],[120.68499,24.16751],[120.68506,24.16842],[120.68521,24.1684],[120.68528,24.16947]]]}},{"type":"Feature","properties":{"c":"66000080027","t":"北屯區","v":"平順里"},"geometry":{"type":"Polygon","coordinates":[[[120.69038,24.17689],[120.69368,24.17647],[120.69332,24.17582],[120.69322,24.17475],[120.69309,24.17442],[120.69259,24.17377],[120.69048,24.17399],[120.69038,24.17643],[120.69038,24.17689]]]}},{"type":"Feature","properties":{"c":"66000080028","t":"北屯區","v":"平德里"},"geometry":{"type":"Polygon","coordinates":[[[120.67897,24.16906],[120.67917,24.16941],[120.67928,24.16995],[120.67922,24.17047],[120.67925,24.171],[120.6796,24.17289],[120.68349,24.17235],[120.6855,24.17214],[120.68521,24.1684],[120.68335,24.16856],[120.68033,24.1685],[120.67867,24.16855],[120.67889,24.1689],[120.67897,24.16906]]]}},{"type":"Feature","properties":{"c":"66000080029","t":"北屯區","v":"松安里"},"geometry":{"type":"Polygon","coordinates":[[[120.69495,24.17792],[120.69415,24.17717],[120.69368,24.17647],[120.69297,24.17655],[120.69355,24.18143],[120.69326,24.18297],[120.69508,24.18325],[120.69621,24.18324],[120.69654,24.17958],[120.6958,24.17859],[120.69519,24.17804],[120.69495,24.17792]]]}},{"type":"Feature","properties":{"c":"66000080030","t":"北屯區","v":"松茂里"},"geometry":{"type":"Polygon","coordinates":[[[120.69789,24.18832],[120.69847,24.18815],[120.69824,24.18294],[120.6994,24.18268],[120.69925,24.18258],[120.69897,24.18223],[120.69852,24.18109],[120.69818,24.1808],[120.69708,24.1802],[120.69654,24.17958],[120.69622,24.18352],[120.69604,24.18396],[120.69566,24.18565],[120.69737,24.18765],[120.69779,24.18835],[120.69784,24.18833],[120.69789,24.18832]]]}},{"type":"Feature","properties":{"c":"66000080031","t":"北屯區","v":"大德里"},"geometry":{"type":"Polygon","coordinates":[[[120.67176,24.1865],[120.67199,24.18634],[120.67219,24.18608],[120.67253,24.18579],[120.67237,24.18548],[120.67192,24.18496],[120.67205,24.1847],[120.67203,24.18461],[120.67223,24.18439],[120.67213,24.18421],[120.67221,24.18395],[120.67325,24.18242],[120.67278,24.18189],[120.67125,24.18109],[120.67081,24.18055],[120.67029,24.17978],[120.67003,24.17895],[120.67076,24.1787],[120.66973,24.17748],[120.6694,24.17725],[120.66745,24.17979],[120.66805,24.18038],[120.66871,24.18128],[120.6689,24.18187],[120.66907,24.18204],[120.66941,24.18292],[120.66975,24.18347],[120.66993,24.18426],[120.67022,24.18489],[120.66967,24.18562],[120.67075,24.1862],[120.67137,24.1867],[120.67176,24.1865]]]}},{"type":"Feature","properties":{"c":"66000080032","t":"北屯區","v":"松強里"},"geometry":{"type":"Polygon","coordinates":[[[120.69944,24.19216],[120.69953,24.19212],[120.69945,24.19144],[120.69949,24.19103],[120.69936,24.19042],[120.6993,24.1897],[120.69904,24.18916],[120.69861,24.18884],[120.69805,24.18867],[120.69786,24.18844],[120.69789,24.18832],[120.69779,24.18835],[120.69737,24.18765],[120.69566,24.18565],[120.69604,24.18396],[120.69622,24.18352],[120.69621,24.18324],[120.69508,24.18325],[120.69424,24.18315],[120.69326,24.18297],[120.69112,24.18241],[120.68852,24.18197],[120.68801,24.18262],[120.68703,24.18518],[120.68691,24.18716],[120.68647,24.18827],[120.69037,24.18825],[120.69038,24.18914],[120.69167,24.18964],[120.69217,24.19043],[120.69248,24.19054],[120.69362,24.19129],[120.69503,24.19141],[120.69643,24.19201],[120.6969,24.19201],[120.69753,24.1916],[120.69873,24.19145],[120.69939,24.19218],[120.69944,24.19216]]]}},{"type":"Feature","properties":{"c":"66000080033","t":"北屯區","v":"松勇里"},"geometry":{"type":"Polygon","coordinates":[[[120.69833,24.1853],[120.69847,24.18815],[120.69914,24.18804],[120.70101,24.18737],[120.70111,24.18713],[120.70247,24.18704],[120.70247,24.1864],[120.70226,24.18469],[120.70035,24.18326],[120.69964,24.18287],[120.69947,24.18271],[120.6994,24.18268],[120.69824,24.18294],[120.69831,24.18452],[120.69833,24.1853]]]}},{"type":"Feature","properties":{"c":"66000080034","t":"北屯區","v":"北京里"},"geometry":{"type":"Polygon","coordinates":[[[120.6894,24.16496],[120.6942,24.16494],[120.69311,24.16303],[120.69366,24.16278],[120.69382,24.16268],[120.69383,24.16257],[120.69755,24.16218],[120.69739,24.16074],[120.69292,24.16154],[120.69279,24.16131],[120.69245,24.16135],[120.6923,24.16141],[120.69228,24.16166],[120.68852,24.16231],[120.68852,24.16255],[120.68827,24.16293],[120.68826,24.16345],[120.68843,24.16386],[120.68881,24.16422],[120.68897,24.1645],[120.68896,24.16458],[120.68842,24.16494],[120.68936,24.16496],[120.6894,24.16496]]]}},{"type":"Feature","properties":{"c":"66000080035","t":"北屯區","v":"平心里"},"geometry":{"type":"Polygon","coordinates":[[[120.69089,24.17178],[120.69065,24.17153],[120.6855,24.17214],[120.68566,24.17453],[120.69259,24.17377],[120.69171,24.17283],[120.69097,24.17187],[120.69089,24.17178]]]}},{"type":"Feature","properties":{"c":"66000080036","t":"北屯區","v":"平福里"},"geometry":{"type":"Polygon","coordinates":[[[120.68594,24.17744],[120.69038,24.17689],[120.69048,24.17399],[120.68566,24.17453],[120.68585,24.17746],[120.68594,24.17744]]]}},{"type":"Feature","properties":{"c":"66000080037","t":"北屯區","v":"松和里"},"geometry":{"type":"Polygon","coordinates":[[[120.69333,24.17968],[120.69297,24.17655],[120.69038,24.17689],[120.69063,24.17904],[120.68852,24.18197],[120.69112,24.18241],[120.69326,24.18297],[120.69355,24.18143],[120.69338,24.18004],[120.69333,24.17968]]]}},{"type":"Feature","properties":{"c":"66000080038","t":"北屯區","v":"平陽里"},"geometry":{"type":"Polygon","coordinates":[[[120.67655,24.17552],[120.67687,24.1769],[120.67686,24.17832],[120.68187,24.17791],[120.68585,24.17743],[120.68566,24.17453],[120.68007,24.17512],[120.67986,24.17456],[120.67644,24.17496],[120.67655,24.17552]]]}},{"type":"Feature","properties":{"c":"66000080039","t":"北屯區","v":"平興里"},"geometry":{"type":"Polygon","coordinates":[[[120.69719,24.17311],[120.69676,24.17317],[120.69685,24.17427],[120.69552,24.17439],[120.69323,24.17487],[120.69328,24.17566],[120.69336,24.17595],[120.69415,24.17717],[120.69488,24.17789],[120.69519,24.17804],[120.6958,24.17859],[120.69654,24.17958],[120.69668,24.17795],[120.69717,24.17797],[120.69719,24.17772],[120.69733,24.17751],[120.69759,24.17731],[120.69759,24.1771],[120.69791,24.17711],[120.69772,24.17608],[120.69923,24.17592],[120.70009,24.17563],[120.70023,24.1757],[120.70048,24.17604],[120.70095,24.17602],[120.6993,24.17416],[120.69828,24.17325],[120.69832,24.17252],[120.69734,24.17197],[120.69791,24.17294],[120.69752,24.17302],[120.69719,24.17311]]]}},{"type":"Feature","properties":{"c":"66000080040","t":"北屯區","v":"平昌里"},"geometry":{"type":"Polygon","coordinates":[[[120.69498,24.17106],[120.6964,24.17089],[120.69664,24.1708],[120.69462,24.16706],[120.69385,24.16669],[120.69284,24.16811],[120.69146,24.16697],[120.68963,24.16691],[120.68963,24.16522],[120.6894,24.16496],[120.68842,24.16494],[120.68804,24.16522],[120.68784,24.16552],[120.68788,24.1658],[120.68838,24.16658],[120.68847,24.1669],[120.68881,24.16688],[120.68934,24.16879],[120.69003,24.1697],[120.69021,24.17003],[120.69051,24.17135],[120.69065,24.17153],[120.69421,24.17114],[120.69498,24.17106]]]}},{"type":"Feature","properties":{"c":"66000080041","t":"北屯區","v":"三和里"},"geometry":{"type":"Polygon","coordinates":[[[120.70443,24.16482],[120.6999,24.16488],[120.70059,24.17007],[120.70213,24.16989],[120.70383,24.16949],[120.70548,24.16951],[120.70608,24.16773],[120.70615,24.16733],[120.70589,24.16623],[120.7056,24.16558],[120.70489,24.16481],[120.70443,24.16482]]]}},{"type":"Feature","properties":{"c":"66000080042","t":"北屯區","v":"忠平里"},"geometry":{"type":"Polygon","coordinates":[[[120.66936,24.18837],[120.66952,24.18812],[120.67149,24.18908],[120.67217,24.1881],[120.67266,24.1875],[120.67137,24.1867],[120.67075,24.1862],[120.66967,24.18562],[120.67022,24.18489],[120.66993,24.18426],[120.66975,24.18347],[120.66941,24.18292],[120.66928,24.18256],[120.66874,24.18274],[120.66796,24.18357],[120.66601,24.18666],[120.66918,24.18828],[120.66936,24.18837]]]}},{"type":"Feature","properties":{"c":"66000090001","t":"豐原區","v":"豐原里"},"geometry":{"type":"Polygon","coordinates":[[[120.72215,24.25695],[120.72249,24.25773],[120.72357,24.25865],[120.72392,24.25886],[120.72508,24.25884],[120.72569,24.25894],[120.72411,24.25519],[120.72475,24.25476],[120.72408,24.25388],[120.72395,24.25394],[120.72352,24.25343],[120.7222,24.2526],[120.72213,24.25242],[120.72161,24.25234],[120.72054,24.25323],[120.72168,24.25515],[120.72202,24.25538],[120.72163,24.25571],[120.72075,24.25583],[120.72139,24.25601],[120.72189,24.25631],[120.72232,24.2567],[120.72221,24.25686],[120.72215,24.25695]]]}},{"type":"Feature","properties":{"c":"66000090002","t":"豐原區","v":"頂街里"},"geometry":{"type":"Polygon","coordinates":[[[120.72065,24.25344],[120.72054,24.25323],[120.72161,24.25234],[120.72206,24.25244],[120.72267,24.25215],[120.722,24.25123],[120.72176,24.25119],[120.72145,24.25058],[120.72133,24.25064],[120.72091,24.25063],[120.7209,24.25179],[120.71898,24.25171],[120.71839,24.25179],[120.7183,24.25263],[120.72046,24.25337],[120.72065,24.25344]]]}},{"type":"Feature","properties":{"c":"66000090003","t":"豐原區","v":"中山里"},"geometry":{"type":"Polygon","coordinates":[[[120.71791,24.25185],[120.71898,24.25171],[120.7209,24.25179],[120.72091,24.25063],[120.72031,24.24939],[120.71891,24.24969],[120.71752,24.2495],[120.71753,24.25001],[120.71769,24.2508],[120.71791,24.25185]]]}},{"type":"Feature","properties":{"c":"66000090004","t":"豐原區","v":"豐榮里"},"geometry":{"type":"Polygon","coordinates":[[[120.71796,24.25451],[120.71884,24.25483],[120.7191,24.25507],[120.72075,24.25583],[120.72163,24.25571],[120.72202,24.25538],[120.72168,24.25515],[120.72065,24.25344],[120.7183,24.25263],[120.71839,24.25179],[120.71756,24.25189],[120.71768,24.25308],[120.71795,24.2545],[120.71796,24.25451]]]}},{"type":"Feature","properties":{"c":"66000090005","t":"豐原區","v":"下街里"},"geometry":{"type":"Polygon","coordinates":[[[120.71711,24.25463],[120.71798,24.25471],[120.71768,24.25308],[120.71756,24.25189],[120.71675,24.25187],[120.71558,24.25141],[120.71536,24.25205],[120.71656,24.25312],[120.71586,24.25448],[120.71619,24.25468],[120.71684,24.25462],[120.71711,24.25463]]]}},{"type":"Feature","properties":{"c":"66000090006","t":"豐原區","v":"富春里"},"geometry":{"type":"Polygon","coordinates":[[[120.71756,24.25189],[120.71791,24.25185],[120.71753,24.25001],[120.71752,24.2495],[120.7163,24.24933],[120.71626,24.24959],[120.71637,24.25088],[120.7166,24.25124],[120.71659,24.25181],[120.71675,24.25187],[120.71756,24.25189]]]}},{"type":"Feature","properties":{"c":"66000090007","t":"豐原區","v":"葫蘆里"},"geometry":{"type":"Polygon","coordinates":[[[120.71659,24.25181],[120.7166,24.25124],[120.71637,24.25088],[120.71633,24.25059],[120.71626,24.24959],[120.7163,24.24933],[120.71569,24.24926],[120.71539,24.24823],[120.71445,24.25109],[120.71559,24.25142],[120.71659,24.25181]]]}},{"type":"Feature","properties":{"c":"66000090008","t":"豐原區","v":"豐西里"},"geometry":{"type":"Polygon","coordinates":[[[120.7138,24.25382],[120.71393,24.25345],[120.71523,24.2541],[120.71581,24.25455],[120.71586,24.25448],[120.71656,24.25312],[120.71536,24.25205],[120.71558,24.25141],[120.71445,24.25109],[120.70914,24.25033],[120.70894,24.25149],[120.70828,24.25127],[120.70964,24.25301],[120.71104,24.25346],[120.71277,24.25377],[120.7138,24.25382]]]}},{"type":"Feature","properties":{"c":"66000090009","t":"豐原區","v":"西安里"},"geometry":{"type":"Polygon","coordinates":[[[120.714,24.25103],[120.71404,24.25037],[120.71372,24.24982],[120.71338,24.24953],[120.71328,24.24925],[120.713,24.24922],[120.71264,24.24756],[120.71132,24.24627],[120.71114,24.24631],[120.7102,24.24625],[120.70895,24.2455],[120.70887,24.2456],[120.70692,24.24379],[120.70631,24.24413],[120.70642,24.24687],[120.70687,24.24701],[120.70725,24.24727],[120.70916,24.25017],[120.70914,24.25033],[120.71393,24.25102],[120.714,24.25103]]]}},{"type":"Feature","properties":{"c":"66000090010","t":"豐原區","v":"西勢里"},"geometry":{"type":"Polygon","coordinates":[[[120.71445,24.25109],[120.71539,24.24822],[120.71535,24.24789],[120.71445,24.24495],[120.71376,24.24522],[120.71297,24.24497],[120.712,24.24517],[120.71173,24.24484],[120.71099,24.24419],[120.71077,24.24412],[120.70738,24.24407],[120.7073,24.24418],[120.70887,24.2456],[120.70895,24.2455],[120.7102,24.24625],[120.71114,24.24631],[120.71132,24.24627],[120.71264,24.24756],[120.713,24.24922],[120.71328,24.24925],[120.71338,24.24953],[120.71372,24.24982],[120.71404,24.25037],[120.714,24.25103],[120.71434,24.25108],[120.71445,24.25109]]]}},{"type":"Feature","properties":{"c":"66000090011","t":"豐原區","v":"東勢里"},"geometry":{"type":"Polygon","coordinates":[[[120.71789,24.24499],[120.717,24.24469],[120.71445,24.24495],[120.71535,24.24789],[120.71539,24.24822],[120.71716,24.24823],[120.71729,24.24617],[120.71789,24.24499]]]}},{"type":"Feature","properties":{"c":"66000090012","t":"豐原區","v":"民生里"},"geometry":{"type":"Polygon","coordinates":[[[120.71767,24.24953],[120.71807,24.24835],[120.71814,24.24711],[120.71846,24.2474],[120.71876,24.24483],[120.71816,24.24486],[120.71789,24.24499],[120.71729,24.24617],[120.71716,24.24823],[120.71539,24.24823],[120.71569,24.24926],[120.71752,24.2495],[120.71767,24.24953]]]}},{"type":"Feature","properties":{"c":"66000090013","t":"豐原區","v":"大湳里"},"geometry":{"type":"Polygon","coordinates":[[[120.71671,24.25701],[120.71789,24.25758],[120.71875,24.25877],[120.71979,24.25989],[120.72232,24.2567],[120.72156,24.25609],[120.72067,24.25581],[120.7191,24.25507],[120.71884,24.25483],[120.71796,24.25451],[120.71798,24.25471],[120.71711,24.25463],[120.71693,24.25594],[120.71655,24.25585],[120.71601,24.25597],[120.7162,24.25631],[120.71683,24.25644],[120.71671,24.25701]]]}},{"type":"Feature","properties":{"c":"66000090014","t":"豐原區","v":"北湳里"},"geometry":{"type":"Polygon","coordinates":[[[120.72851,24.26294],[120.72769,24.26097],[120.72569,24.25894],[120.72508,24.25884],[120.72392,24.25886],[120.72357,24.25865],[120.72249,24.25773],[120.72215,24.25695],[120.71962,24.26011],[120.72201,24.26148],[120.72341,24.26182],[120.72456,24.26174],[120.72496,24.26181],[120.72656,24.26306],[120.72778,24.26349],[120.72877,24.26356],[120.72851,24.26294]]]}},{"type":"Feature","properties":{"c":"66000090015","t":"豐原區","v":"東湳里"},"geometry":{"type":"Polygon","coordinates":[[[120.72097,24.26899],[120.72173,24.27175],[120.72223,24.27695],[120.7224,24.2782],[120.72263,24.28247],[120.72662,24.28223],[120.73318,24.28209],[120.73792,24.28175],[120.73935,24.28175],[120.74179,24.28147],[120.74035,24.27858],[120.73962,24.27785],[120.7392,24.27772],[120.73912,24.27764],[120.73896,24.27717],[120.73831,24.27654],[120.73754,24.27565],[120.73742,24.27556],[120.73649,24.2754],[120.73616,24.27528],[120.73597,24.2751],[120.73565,24.27495],[120.73472,24.27484],[120.73438,24.27472],[120.73396,24.27447],[120.73298,24.27372],[120.7328,24.2735],[120.73252,24.27273],[120.732,24.27168],[120.73164,24.27107],[120.73126,24.27075],[120.73103,24.27045],[120.731,24.26982],[120.7306,24.26899],[120.73051,24.26797],[120.73034,24.26745],[120.73049,24.2664],[120.73064,24.26593],[120.73065,24.26488],[120.73059,24.26451],[120.73021,24.26373],[120.72952,24.26297],[120.72868,24.26287],[120.72851,24.26294],[120.72877,24.26356],[120.72778,24.26349],[120.72656,24.26306],[120.72496,24.26181],[120.72456,24.26174],[120.72341,24.26182],[120.72201,24.26148],[120.71962,24.26011],[120.71952,24.26037],[120.72003,24.26213],[120.72021,24.26415],[120.72097,24.26899]]]}},{"type":"Feature","properties":{"c":"66000090016","t":"豐原區","v":"西湳里"},"geometry":{"type":"Polygon","coordinates":[[[120.71194,24.2596],[120.7118,24.26026],[120.71151,24.26087],[120.71136,24.26254],[120.71082,24.26355],[120.71089,24.26389],[120.71086,24.26414],[120.71044,24.26446],[120.71009,24.26497],[120.7101,24.26532],[120.70923,24.26577],[120.70902,24.26578],[120.70824,24.26611],[120.70772,24.26686],[120.70755,24.2674],[120.70778,24.26773],[120.70793,24.2684],[120.70795,24.26903],[120.7081,24.26947],[120.70796,24.26988],[120.70797,24.27018],[120.70812,24.27032],[120.70938,24.27071],[120.70948,24.27081],[120.7095,24.27143],[120.70932,24.27208],[120.70955,24.27275],[120.70975,24.27283],[120.7102,24.27343],[120.71084,24.27371],[120.7114,24.27419],[120.71166,24.27432],[120.71212,24.27439],[120.7124,24.27405],[120.71261,24.27397],[120.71262,24.27471],[120.71245,24.27489],[120.71244,24.27731],[120.71256,24.27745],[120.71271,24.28364],[120.72263,24.28247],[120.7224,24.2782],[120.72223,24.27695],[120.72173,24.27175],[120.72097,24.26899],[120.72021,24.26415],[120.72003,24.26213],[120.71952,24.26037],[120.71962,24.26011],[120.71979,24.25989],[120.71875,24.25877],[120.71789,24.25758],[120.71655,24.25695],[120.71477,24.25702],[120.71397,24.25673],[120.71381,24.25728],[120.71397,24.25775],[120.71396,24.25791],[120.71356,24.2583],[120.71338,24.25896],[120.71324,24.25923],[120.71253,24.25915],[120.71225,24.25922],[120.71203,24.25943],[120.71194,24.2596]]]}},{"type":"Feature","properties":{"c":"66000090017","t":"豐原區","v":"圳寮里"},"geometry":{"type":"Polygon","coordinates":[[[120.71231,24.25529],[120.71283,24.25581],[120.71278,24.25609],[120.7146,24.257],[120.71503,24.25703],[120.71632,24.25694],[120.71671,24.25701],[120.71683,24.25644],[120.7162,24.25631],[120.71601,24.25597],[120.71655,24.25585],[120.71693,24.25594],[120.71711,24.25463],[120.71619,24.25468],[120.71586,24.25448],[120.71581,24.25455],[120.71523,24.2541],[120.71393,24.25345],[120.71351,24.25456],[120.7132,24.25518],[120.71288,24.25517],[120.71263,24.25488],[120.7125,24.25485],[120.71225,24.2549],[120.71217,24.25498],[120.71222,24.2552],[120.71231,24.25529]]]}},{"type":"Feature","properties":{"c":"66000090018","t":"豐原區","v":"豐圳里"},"geometry":{"type":"Polygon","coordinates":[[[120.71222,24.2552],[120.71217,24.25498],[120.71225,24.2549],[120.7125,24.25485],[120.71263,24.25488],[120.71288,24.25517],[120.7132,24.25518],[120.7138,24.25382],[120.71277,24.25377],[120.71104,24.25346],[120.70964,24.25301],[120.70828,24.25127],[120.70789,24.25116],[120.70736,24.25111],[120.70607,24.25041],[120.70577,24.25033],[120.70558,24.25046],[120.70532,24.25094],[120.70508,24.25118],[120.70461,24.25114],[120.70406,24.25119],[120.70369,24.25086],[120.70326,24.25097],[120.70278,24.25099],[120.70216,24.25129],[120.70163,24.25118],[120.70119,24.25095],[120.70103,24.25094],[120.7013,24.25131],[120.70151,24.25216],[120.70192,24.25247],[120.70223,24.25301],[120.70268,24.2533],[120.70282,24.25351],[120.70297,24.25349],[120.70307,24.25354],[120.70348,24.2543],[120.70411,24.25474],[120.70407,24.25497],[120.70477,24.25597],[120.70492,24.25607],[120.70569,24.25623],[120.70637,24.25624],[120.70818,24.25591],[120.70879,24.25567],[120.71196,24.25587],[120.71278,24.25609],[120.71283,24.25581],[120.71231,24.25529],[120.71222,24.2552]]]}},{"type":"Feature","properties":{"c":"66000090019","t":"豐原區","v":"社皮里"},"geometry":{"type":"Polygon","coordinates":[[[120.70142,24.25107],[120.70216,24.25129],[120.70278,24.25099],[120.70326,24.25097],[120.70369,24.25086],[120.70406,24.25119],[120.70461,24.25114],[120.70508,24.25118],[120.70532,24.25094],[120.70558,24.25046],[120.70581,24.25033],[120.70626,24.25049],[120.70736,24.25111],[120.70789,24.25116],[120.70894,24.25149],[120.70916,24.25017],[120.70725,24.24727],[120.70687,24.24701],[120.70642,24.24687],[120.70628,24.24418],[120.70692,24.24379],[120.7061,24.24292],[120.70572,24.24267],[120.70564,24.24234],[120.7052,24.24213],[120.70467,24.24206],[120.70405,24.24207],[120.70387,24.24194],[120.7035,24.24183],[120.70292,24.24128],[120.70254,24.24057],[120.70175,24.24011],[120.70147,24.24004],[120.7002,24.23993],[120.69875,24.24026],[120.69796,24.23913],[120.69577,24.2391],[120.69566,24.23934],[120.69566,24.23971],[120.69674,24.24142],[120.69681,24.2416],[120.69698,24.24277],[120.69911,24.2468],[120.69919,24.24754],[120.69918,24.24934],[120.69924,24.24964],[120.69987,24.25011],[120.70028,24.25053],[120.70103,24.25094],[120.70127,24.25099],[120.70142,24.25107]]]}},{"type":"Feature","properties":{"c":"66000090020","t":"豐原區","v":"三村里"},"geometry":{"type":"Polygon","coordinates":[[[120.70808,24.24273],[120.70866,24.2416],[120.70927,24.24087],[120.71046,24.24173],[120.71102,24.24203],[120.71129,24.24206],[120.71164,24.24225],[120.7115,24.2421],[120.7103,24.24131],[120.70948,24.24057],[120.70933,24.23927],[120.70809,24.23786],[120.70756,24.23634],[120.70729,24.23633],[120.70689,24.23599],[120.70615,24.23483],[120.7056,24.23337],[120.7052,24.23186],[120.7044,24.23087],[120.70418,24.22983],[120.70375,24.22915],[120.70362,24.22864],[120.70304,24.22824],[120.70274,24.22776],[120.70262,24.2274],[120.70232,24.22707],[120.7021,24.22696],[120.70155,24.227],[120.70134,24.22423],[120.69957,24.22435],[120.69881,24.22446],[120.69872,24.22444],[120.69852,24.22404],[120.69842,24.22399],[120.69823,24.22402],[120.69818,24.22418],[120.69826,24.22562],[120.69697,24.22572],[120.69707,24.22765],[120.69615,24.22782],[120.69648,24.23007],[120.69661,24.23017],[120.69694,24.23011],[120.69703,24.23016],[120.69708,24.23059],[120.69723,24.23084],[120.69696,24.23117],[120.69701,24.23149],[120.69724,24.23173],[120.69821,24.23209],[120.69842,24.23228],[120.69845,24.23238],[120.69834,24.23275],[120.69841,24.23318],[120.69856,24.23368],[120.69908,24.23488],[120.6991,24.23502],[120.69899,24.23532],[120.69904,24.23561],[120.69825,24.23559],[120.69875,24.23814],[120.6982,24.23856],[120.69812,24.23909],[120.69796,24.23913],[120.69875,24.24026],[120.7002,24.23993],[120.70147,24.24004],[120.70175,24.24011],[120.70254,24.24057],[120.70292,24.24128],[120.7035,24.24183],[120.70387,24.24194],[120.70405,24.24207],[120.70467,24.24206],[120.7052,24.24213],[120.70564,24.24234],[120.70572,24.24267],[120.7061,24.24292],[120.7073,24.24418],[120.70783,24.24321],[120.70808,24.24273]]]}},{"type":"Feature","properties":{"c":"66000090021","t":"豐原區","v":"中興里"},"geometry":{"type":"Polygon","coordinates":[[[120.7139,24.24517],[120.71327,24.24445],[120.71266,24.24339],[120.71164,24.24225],[120.71129,24.24206],[120.71102,24.24203],[120.71046,24.24173],[120.70927,24.24087],[120.70866,24.2416],[120.70738,24.24407],[120.71077,24.24412],[120.71099,24.24419],[120.71173,24.24484],[120.712,24.24517],[120.71297,24.24497],[120.71376,24.24522],[120.7139,24.24517]]]}},{"type":"Feature","properties":{"c":"66000090022","t":"豐原區","v":"田心里"},"geometry":{"type":"Polygon","coordinates":[[[120.70933,24.23927],[120.70948,24.24057],[120.7103,24.24131],[120.7115,24.2421],[120.71266,24.24339],[120.71327,24.24445],[120.7139,24.24517],[120.71445,24.24495],[120.717,24.24469],[120.71789,24.24499],[120.71816,24.24486],[120.71876,24.24483],[120.71878,24.24393],[120.71903,24.24333],[120.71802,24.23935],[120.71774,24.23848],[120.71577,24.23943],[120.71534,24.23992],[120.71263,24.23994],[120.71114,24.23619],[120.70967,24.23635],[120.70958,24.23615],[120.70756,24.23634],[120.70809,24.23786],[120.70933,24.23927]]]}},{"type":"Feature","properties":{"c":"66000090023","t":"豐原區","v":"豐田里"},"geometry":{"type":"Polygon","coordinates":[[[120.71263,24.23994],[120.71534,24.23992],[120.71577,24.23943],[120.71774,24.23848],[120.71802,24.23935],[120.71903,24.24333],[120.72049,24.24291],[120.72234,24.24048],[120.72505,24.23988],[120.72556,24.23943],[120.72621,24.23907],[120.72669,24.23855],[120.72698,24.23834],[120.72784,24.23822],[120.7292,24.23792],[120.7296,24.2379],[120.73008,24.23764],[120.73107,24.23752],[120.73259,24.23722],[120.73412,24.23671],[120.73433,24.23671],[120.73442,24.23702],[120.7345,24.23709],[120.7346,24.23689],[120.73525,24.2367],[120.7355,24.23656],[120.73514,24.23636],[120.73413,24.23523],[120.7326,24.23476],[120.73157,24.23456],[120.72987,24.23455],[120.72848,24.23476],[120.7271,24.23506],[120.72595,24.23505],[120.72581,24.23495],[120.72519,24.23395],[120.72489,24.2336],[120.72418,24.23314],[120.72368,24.23293],[120.7233,24.23281],[120.72227,24.23267],[120.72049,24.23287],[120.72023,24.23283],[120.72005,24.23274],[120.71964,24.23234],[120.7194,24.23189],[120.71935,24.23144],[120.71951,24.23078],[120.71953,24.23002],[120.71972,24.22955],[120.71951,24.22936],[120.71924,24.22929],[120.71562,24.23034],[120.71456,24.23031],[120.71439,24.23014],[120.71434,24.22976],[120.71412,24.22961],[120.71393,24.23013],[120.71397,24.23064],[120.71407,24.23077],[120.71494,24.23131],[120.71509,24.23153],[120.71485,24.23156],[120.71478,24.23191],[120.71459,24.23204],[120.71436,24.23198],[120.71393,24.23154],[120.71364,24.23149],[120.71367,24.23117],[120.71354,24.23103],[120.71343,24.23101],[120.71305,24.23121],[120.71236,24.23123],[120.71208,24.23095],[120.71189,24.23091],[120.71179,24.23113],[120.71183,24.232],[120.71186,24.23205],[120.71225,24.23209],[120.71234,24.23313],[120.71176,24.23315],[120.71163,24.23337],[120.71192,24.23369],[120.71186,24.23434],[120.7119,24.23475],[120.71249,24.23555],[120.71155,24.23538],[120.71176,24.23603],[120.71188,24.23668],[120.71185,24.2368],[120.71174,24.23677],[120.71146,24.23615],[120.71114,24.23619],[120.71263,24.23994]]]}},{"type":"Feature","properties":{"c":"66000090024","t":"豐原區","v":"鎌村里"},"geometry":{"type":"Polygon","coordinates":[[[120.71944,24.2311],[120.71935,24.23144],[120.7194,24.23189],[120.71964,24.23234],[120.72005,24.23274],[120.72049,24.23287],[120.72227,24.23267],[120.7233,24.23281],[120.72368,24.23293],[120.72418,24.23314],[120.72489,24.2336],[120.72519,24.23395],[120.72581,24.23495],[120.72595,24.23505],[120.72688,24.23509],[120.72987,24.23455],[120.7312,24.23455],[120.73157,24.23456],[120.7326,24.23476],[120.73413,24.23523],[120.73458,24.23572],[120.73605,24.2353],[120.73591,24.23454],[120.73651,24.23316],[120.738,24.2326],[120.73982,24.23258],[120.74068,24.23168],[120.74142,24.22951],[120.74251,24.22844],[120.7427,24.22711],[120.74249,24.22546],[120.74249,24.22433],[120.74225,24.22466],[120.74211,24.22474],[120.74134,24.22462],[120.74003,24.2247],[120.73952,24.22464],[120.73922,24.22469],[120.7388,24.22498],[120.73783,24.22486],[120.73708,24.22411],[120.73689,24.22377],[120.73673,24.22325],[120.73501,24.22171],[120.73441,24.22133],[120.73338,24.21987],[120.73313,24.2197],[120.73277,24.21955],[120.73263,24.21937],[120.7315,24.21922],[120.73058,24.21927],[120.73009,24.21919],[120.72932,24.21918],[120.72894,24.21924],[120.72837,24.21922],[120.7279,24.21943],[120.72744,24.21927],[120.72722,24.21927],[120.72682,24.2196],[120.72662,24.2205],[120.72653,24.22064],[120.72612,24.22084],[120.72553,24.22096],[120.72537,24.2212],[120.72505,24.22148],[120.72421,24.22174],[120.72357,24.22161],[120.72299,24.22159],[120.7221,24.2218],[120.72193,24.22194],[120.72191,24.22215],[120.72198,24.22238],[120.7225,24.22328],[120.72244,24.22396],[120.72213,24.22451],[120.72177,24.22486],[120.72131,24.22515],[120.72081,24.22579],[120.72074,24.22611],[120.7209,24.22713],[120.72081,24.22847],[120.72061,24.22889],[120.71987,24.22967],[120.71972,24.22955],[120.71953,24.23002],[120.71951,24.23078],[120.71944,24.2311]]]}},{"type":"Feature","properties":{"c":"66000090025","t":"豐原區","v":"南陽里"},"geometry":{"type":"Polygon","coordinates":[[[120.72575,24.24606],[120.72976,24.24366],[120.73058,24.24249],[120.73247,24.24186],[120.73301,24.24153],[120.73311,24.24153],[120.73364,24.2418],[120.73377,24.24035],[120.73468,24.23991],[120.73517,24.23824],[120.73499,24.2374],[120.73544,24.2366],[120.7346,24.23689],[120.7345,24.23709],[120.73442,24.23702],[120.73433,24.23671],[120.73412,24.23671],[120.73259,24.23722],[120.73107,24.23752],[120.73008,24.23764],[120.7296,24.2379],[120.7292,24.23792],[120.72784,24.23822],[120.72698,24.23834],[120.72669,24.23855],[120.72621,24.23907],[120.72556,24.23943],[120.72505,24.23988],[120.72234,24.24048],[120.72019,24.24331],[120.72083,24.2433],[120.72126,24.24337],[120.72118,24.24381],[120.7216,24.24399],[120.72211,24.24404],[120.72275,24.24502],[120.72349,24.24537],[120.72374,24.24607],[120.72393,24.24727],[120.72575,24.24606]]]}},{"type":"Feature","properties":{"c":"66000090026","t":"豐原區","v":"陽明里"},"geometry":{"type":"Polygon","coordinates":[[[120.72145,24.25058],[120.72166,24.25046],[120.72167,24.25027],[120.72148,24.24933],[120.72131,24.24908],[120.72227,24.24853],[120.72393,24.24727],[120.72374,24.24607],[120.72349,24.24537],[120.72275,24.24502],[120.72211,24.24404],[120.7216,24.24399],[120.72118,24.24381],[120.72126,24.24337],[120.72083,24.2433],[120.72019,24.24331],[120.72049,24.24291],[120.71903,24.24333],[120.71878,24.24393],[120.71876,24.24483],[120.71846,24.2474],[120.71814,24.24711],[120.71807,24.24835],[120.71767,24.24953],[120.71891,24.24969],[120.72031,24.24939],[120.72092,24.25065],[120.72133,24.25064],[120.72145,24.25058]]]}},{"type":"Feature","properties":{"c":"66000090027","t":"豐原區","v":"北陽里"},"geometry":{"type":"Polygon","coordinates":[[[120.73637,24.25114],[120.73671,24.25113],[120.73701,24.25123],[120.73768,24.2515],[120.73801,24.25175],[120.73849,24.25195],[120.73963,24.25183],[120.74026,24.25206],[120.7406,24.25203],[120.74185,24.25084],[120.74197,24.25077],[120.74269,24.25068],[120.74273,24.25061],[120.74255,24.25033],[120.74187,24.2502],[120.74189,24.24986],[120.74229,24.24983],[120.74215,24.24956],[120.74259,24.24975],[120.74269,24.24974],[120.74246,24.24938],[120.74247,24.24928],[120.74272,24.24908],[120.74285,24.24873],[120.74367,24.24814],[120.74378,24.2481],[120.74403,24.24827],[120.74411,24.24841],[120.74409,24.24854],[120.74453,24.24879],[120.74508,24.24986],[120.74611,24.24912],[120.74603,24.24803],[120.7481,24.2461],[120.7487,24.24409],[120.75013,24.24355],[120.75027,24.2424],[120.74947,24.24081],[120.74826,24.24019],[120.74775,24.24002],[120.74325,24.23958],[120.7402,24.23971],[120.73908,24.23878],[120.73796,24.23803],[120.73552,24.23657],[120.73543,24.23661],[120.73499,24.2374],[120.73517,24.23824],[120.73468,24.23991],[120.73377,24.24035],[120.73364,24.2418],[120.73311,24.24153],[120.73301,24.24153],[120.73247,24.24186],[120.73058,24.24249],[120.72976,24.24366],[120.72575,24.24606],[120.72717,24.24844],[120.7294,24.25249],[120.73139,24.25203],[120.73156,24.2519],[120.73434,24.25122],[120.73614,24.25108],[120.73637,24.25114]]]}},{"type":"Feature","properties":{"c":"66000090028","t":"豐原區","v":"中陽里"},"geometry":{"type":"Polygon","coordinates":[[[120.72267,24.25215],[120.72571,24.25233],[120.72721,24.25258],[120.72844,24.25258],[120.7294,24.25249],[120.72717,24.24844],[120.72575,24.24606],[120.72381,24.24734],[120.72227,24.24853],[120.72131,24.24908],[120.72148,24.24933],[120.72167,24.25027],[120.72166,24.25046],[120.72145,24.25058],[120.72176,24.25119],[120.722,24.25123],[120.72267,24.25215]]]}},{"type":"Feature","properties":{"c":"66000090029","t":"豐原區","v":"東陽里"},"geometry":{"type":"Polygon","coordinates":[[[120.74251,24.22844],[120.74142,24.22951],[120.74068,24.23168],[120.73982,24.23258],[120.738,24.2326],[120.73651,24.23316],[120.73591,24.23454],[120.73605,24.2353],[120.73458,24.23572],[120.73514,24.23636],[120.73796,24.23803],[120.73908,24.23878],[120.7402,24.23971],[120.74325,24.23958],[120.74775,24.24002],[120.74826,24.24019],[120.74947,24.24081],[120.75027,24.2424],[120.75573,24.23815],[120.76877,24.23463],[120.7694,24.23432],[120.76982,24.23425],[120.7708,24.23444],[120.77105,24.23437],[120.77121,24.23423],[120.7715,24.23352],[120.77193,24.23307],[120.77227,24.23288],[120.77233,24.23277],[120.77224,24.2325],[120.77185,24.23213],[120.77182,24.23196],[120.77226,24.23135],[120.77268,24.23093],[120.77271,24.23081],[120.77247,24.23006],[120.77202,24.22909],[120.77197,24.22838],[120.77165,24.22784],[120.7716,24.22651],[120.77153,24.22615],[120.77083,24.22447],[120.77124,24.22348],[120.77145,24.22336],[120.77172,24.22342],[120.77175,24.2233],[120.77167,24.22302],[120.77196,24.22263],[120.77227,24.22237],[120.77226,24.22227],[120.77179,24.22225],[120.7716,24.22204],[120.77176,24.22159],[120.77171,24.22114],[120.7715,24.22104],[120.77109,24.221],[120.77004,24.22068],[120.76976,24.2205],[120.76936,24.22007],[120.76929,24.21986],[120.76944,24.21957],[120.77019,24.21865],[120.77193,24.21769],[120.77218,24.21752],[120.77222,24.21736],[120.77209,24.21708],[120.77165,24.21705],[120.77108,24.21716],[120.77083,24.21728],[120.77005,24.2173],[120.76927,24.21714],[120.76843,24.21712],[120.76827,24.21693],[120.76735,24.21734],[120.7665,24.2176],[120.76621,24.21737],[120.76581,24.21679],[120.76489,24.21675],[120.76477,24.2168],[120.7645,24.21724],[120.76423,24.21738],[120.76377,24.21734],[120.76331,24.21746],[120.76286,24.21741],[120.76222,24.21811],[120.76179,24.21839],[120.7609,24.21872],[120.76061,24.21877],[120.76039,24.21868],[120.76011,24.2185],[120.75931,24.21776],[120.75899,24.218],[120.75853,24.21809],[120.75813,24.21808],[120.75806,24.21815],[120.75774,24.21819],[120.75744,24.21844],[120.75684,24.21867],[120.75642,24.21868],[120.75604,24.21852],[120.75532,24.21852],[120.7551,24.21847],[120.75472,24.21856],[120.75447,24.21867],[120.75367,24.21927],[120.75326,24.22028],[120.75207,24.22143],[120.75098,24.22161],[120.74816,24.22225],[120.74682,24.22265],[120.7463,24.22269],[120.74496,24.22241],[120.74459,24.22221],[120.74411,24.22221],[120.74302,24.22343],[120.7429,24.22376],[120.74249,24.22433],[120.74249,24.22546],[120.7427,24.22711],[120.74251,24.22844]]]}},{"type":"Feature","properties":{"c":"66000090030","t":"豐原區","v":"南村里"},"geometry":{"type":"Polygon","coordinates":[[[120.73526,24.25952],[120.73617,24.2593],[120.73822,24.25739],[120.73989,24.25626],[120.73975,24.25594],[120.73989,24.25576],[120.73835,24.25583],[120.73863,24.25378],[120.73752,24.25404],[120.73637,24.25249],[120.73637,24.25114],[120.73597,24.25109],[120.73434,24.25122],[120.73156,24.2519],[120.73139,24.25203],[120.73012,24.25229],[120.72982,24.25242],[120.72899,24.25255],[120.72697,24.25256],[120.72571,24.25233],[120.72277,24.25215],[120.72213,24.25242],[120.7222,24.2526],[120.72352,24.25343],[120.72395,24.25394],[120.72408,24.25388],[120.72475,24.25476],[120.72509,24.25452],[120.72926,24.25666],[120.72946,24.25643],[120.72951,24.25663],[120.73087,24.25701],[120.73207,24.25723],[120.7323,24.25748],[120.73311,24.25777],[120.7333,24.25801],[120.73371,24.25825],[120.73433,24.25878],[120.73463,24.25893],[120.73521,24.25944],[120.73526,24.25952]]]}},{"type":"Feature","properties":{"c":"66000090031","t":"豐原區","v":"南田里"},"geometry":{"type":"Polygon","coordinates":[[[120.75508,24.26433],[120.7537,24.26345],[120.75325,24.26178],[120.74939,24.25839],[120.74516,24.25695],[120.74515,24.25729],[120.7448,24.2573],[120.74481,24.25683],[120.74411,24.25664],[120.74377,24.25555],[120.73989,24.25576],[120.73975,24.25594],[120.73989,24.25626],[120.73822,24.25739],[120.73617,24.2593],[120.73491,24.2596],[120.73876,24.26181],[120.74495,24.26323],[120.74547,24.26302],[120.74593,24.26218],[120.74729,24.26188],[120.74735,24.26199],[120.74715,24.26278],[120.74703,24.26366],[120.74723,24.26413],[120.74756,24.26445],[120.74848,24.26475],[120.74936,24.26551],[120.75007,24.26596],[120.75131,24.2672],[120.75383,24.26528],[120.75508,24.26433]]]}},{"type":"Feature","properties":{"c":"66000090032","t":"豐原區","v":"南嵩里"},"geometry":{"type":"Polygon","coordinates":[[[120.7523,24.24086],[120.75027,24.2424],[120.75013,24.24355],[120.7487,24.24409],[120.7481,24.2461],[120.74603,24.24803],[120.74611,24.24912],[120.74508,24.24986],[120.74453,24.24879],[120.74409,24.24854],[120.74411,24.24841],[120.74403,24.24827],[120.74378,24.2481],[120.74367,24.24814],[120.74285,24.24873],[120.74272,24.24908],[120.74247,24.24928],[120.74246,24.24938],[120.74269,24.24974],[120.74259,24.24975],[120.74215,24.24956],[120.74229,24.24983],[120.74189,24.24986],[120.74187,24.2502],[120.74255,24.25033],[120.74273,24.25061],[120.74269,24.25068],[120.74197,24.25077],[120.74185,24.25084],[120.74084,24.25175],[120.74071,24.25197],[120.74026,24.25206],[120.73963,24.25183],[120.73849,24.25195],[120.73801,24.25175],[120.73768,24.2515],[120.73701,24.25123],[120.73671,24.25113],[120.73637,24.25114],[120.73637,24.25249],[120.73752,24.25404],[120.73863,24.25378],[120.73835,24.25583],[120.74377,24.25555],[120.74411,24.25664],[120.74481,24.25683],[120.7448,24.2573],[120.74515,24.25729],[120.74516,24.25695],[120.74939,24.25839],[120.75325,24.26178],[120.7537,24.26345],[120.75508,24.26433],[120.75744,24.26644],[120.75727,24.26803],[120.75627,24.26879],[120.75629,24.27],[120.75869,24.27104],[120.76291,24.2705],[120.76342,24.26945],[120.76381,24.2693],[120.76435,24.26888],[120.76441,24.26851],[120.76426,24.26807],[120.76405,24.26784],[120.76408,24.26776],[120.76459,24.26738],[120.76511,24.26735],[120.76546,24.26706],[120.76624,24.26728],[120.76646,24.26706],[120.76669,24.26693],[120.76723,24.26689],[120.76716,24.26643],[120.76732,24.26625],[120.76733,24.26606],[120.76753,24.26584],[120.76753,24.26567],[120.76765,24.2655],[120.76823,24.26514],[120.76911,24.26504],[120.76951,24.26465],[120.76981,24.26447],[120.76977,24.26433],[120.7694,24.26395],[120.76903,24.26319],[120.76887,24.26193],[120.76893,24.26169],[120.76914,24.26148],[120.7688,24.26114],[120.76876,24.26077],[120.76852,24.2604],[120.76852,24.26027],[120.76867,24.26001],[120.76866,24.25976],[120.76823,24.2589],[120.76821,24.25843],[120.76782,24.25747],[120.76776,24.25717],[120.76781,24.25715],[120.76811,24.25753],[120.7684,24.2576],[120.76863,24.2575],[120.76882,24.25716],[120.76905,24.25715],[120.76883,24.25566],[120.76918,24.25493],[120.76889,24.25462],[120.76803,24.25425],[120.76707,24.25372],[120.76695,24.25329],[120.7671,24.25237],[120.7672,24.25217],[120.76842,24.25171],[120.76862,24.25153],[120.76933,24.25],[120.76983,24.24987],[120.77043,24.25001],[120.77116,24.24991],[120.7715,24.24967],[120.77195,24.24945],[120.77222,24.24895],[120.77257,24.24864],[120.7728,24.24849],[120.77338,24.2483],[120.77372,24.24774],[120.77399,24.24672],[120.77396,24.24615],[120.77404,24.2454],[120.77404,24.24472],[120.7741,24.24462],[120.77446,24.24454],[120.77468,24.24439],[120.77476,24.24405],[120.77479,24.24315],[120.77209,24.24306],[120.7717,24.24294],[120.77152,24.2428],[120.7711,24.24262],[120.77036,24.24239],[120.77012,24.24248],[120.76992,24.24268],[120.76957,24.24274],[120.76853,24.24209],[120.76777,24.24194],[120.76774,24.24139],[120.76782,24.2409],[120.76772,24.23994],[120.76779,24.23937],[120.76774,24.23899],[120.76754,24.23873],[120.7668,24.23833],[120.76659,24.23803],[120.76634,24.23737],[120.76669,24.23703],[120.76699,24.23683],[120.76719,24.2366],[120.76746,24.23609],[120.76793,24.23564],[120.76834,24.23502],[120.76877,24.23463],[120.75573,24.23815],[120.7523,24.24086]]]}},{"type":"Feature","properties":{"c":"66000090033","t":"豐原區","v":"翁明里"},"geometry":{"type":"Polygon","coordinates":[[[120.73041,24.26763],[120.73175,24.26878],[120.73234,24.26895],[120.73408,24.26877],[120.73546,24.26794],[120.73669,24.26753],[120.73531,24.26568],[120.73303,24.26364],[120.7328,24.2629],[120.73281,24.26161],[120.73256,24.26116],[120.73175,24.26056],[120.73114,24.25998],[120.73038,24.25903],[120.7282,24.25824],[120.72926,24.25666],[120.72509,24.25452],[120.72411,24.25519],[120.72569,24.25894],[120.72769,24.26097],[120.72851,24.26294],[120.72868,24.26287],[120.72952,24.26297],[120.73021,24.26373],[120.73054,24.26436],[120.73065,24.26488],[120.73064,24.26593],[120.73049,24.2664],[120.73034,24.26745],[120.73041,24.26763]]]}},{"type":"Feature","properties":{"c":"66000090034","t":"豐原區","v":"翁子里"},"geometry":{"type":"Polygon","coordinates":[[[120.74171,24.26568],[120.742,24.26586],[120.74648,24.26777],[120.7473,24.26876],[120.7474,24.26883],[120.74839,24.26905],[120.74953,24.26999],[120.75037,24.27103],[120.75153,24.27177],[120.75215,24.27208],[120.75278,24.27217],[120.75227,24.27157],[120.75246,24.27115],[120.75544,24.27125],[120.75869,24.27104],[120.75629,24.27],[120.75627,24.26879],[120.75727,24.26803],[120.75744,24.26644],[120.75508,24.26433],[120.75131,24.2672],[120.75007,24.26596],[120.74936,24.26551],[120.74848,24.26475],[120.74756,24.26445],[120.74723,24.26413],[120.74703,24.26366],[120.74715,24.26278],[120.74735,24.26199],[120.74729,24.26188],[120.74593,24.26218],[120.74547,24.26302],[120.74495,24.26323],[120.73876,24.26181],[120.73491,24.2596],[120.73526,24.25952],[120.73463,24.25893],[120.73433,24.25878],[120.73371,24.25825],[120.7333,24.25801],[120.73311,24.25777],[120.7323,24.25748],[120.73207,24.25723],[120.73087,24.25701],[120.72951,24.25663],[120.72946,24.25643],[120.7282,24.25824],[120.73038,24.25903],[120.73114,24.25998],[120.73175,24.26056],[120.73256,24.26116],[120.73281,24.26161],[120.73349,24.26174],[120.73661,24.26201],[120.73808,24.26235],[120.73833,24.26249],[120.73936,24.26403],[120.73957,24.26419],[120.74132,24.26441],[120.74171,24.26568]]]}},{"type":"Feature","properties":{"c":"66000090035","t":"豐原區","v":"翁社里"},"geometry":{"type":"Polygon","coordinates":[[[120.73669,24.26753],[120.73888,24.26873],[120.74068,24.26882],[120.74088,24.26832],[120.741,24.26832],[120.74131,24.26786],[120.74096,24.26725],[120.7409,24.26643],[120.74171,24.26568],[120.74132,24.26441],[120.73957,24.26419],[120.73936,24.26403],[120.73833,24.26249],[120.73808,24.26235],[120.73661,24.26201],[120.73349,24.26174],[120.73281,24.26161],[120.7328,24.2629],[120.73303,24.26364],[120.73531,24.26568],[120.73669,24.26753]]]}},{"type":"Feature","properties":{"c":"66000090036","t":"豐原區","v":"朴子里"},"geometry":{"type":"Polygon","coordinates":[[[120.73962,24.27785],[120.74035,24.27858],[120.74179,24.28147],[120.74674,24.28094],[120.75238,24.2798],[120.75576,24.27954],[120.75671,24.27962],[120.75806,24.28005],[120.75937,24.28026],[120.76042,24.28067],[120.76079,24.2791],[120.76162,24.2769],[120.76179,24.27658],[120.76204,24.27628],[120.76229,24.27612],[120.76239,24.27589],[120.76267,24.27489],[120.76263,24.27404],[120.7628,24.27366],[120.76293,24.27352],[120.76322,24.27337],[120.76351,24.27332],[120.76412,24.27336],[120.76422,24.27326],[120.76376,24.27266],[120.76373,24.27217],[120.76365,24.27206],[120.76337,24.27193],[120.76292,24.27104],[120.76281,24.27077],[120.76291,24.2705],[120.75869,24.27104],[120.75544,24.27125],[120.75246,24.27115],[120.75227,24.27157],[120.75278,24.27217],[120.75215,24.27208],[120.75153,24.27177],[120.75037,24.27103],[120.74953,24.26999],[120.74839,24.26905],[120.7474,24.26883],[120.7473,24.26876],[120.74648,24.26777],[120.742,24.26586],[120.74171,24.26568],[120.7409,24.26643],[120.74096,24.26725],[120.74131,24.26786],[120.741,24.26832],[120.74088,24.26832],[120.74068,24.26882],[120.73888,24.26873],[120.73669,24.26753],[120.73546,24.26794],[120.73408,24.26877],[120.73234,24.26895],[120.73175,24.26878],[120.73041,24.26763],[120.73051,24.26797],[120.7306,24.26899],[120.731,24.26982],[120.73103,24.27045],[120.73126,24.27075],[120.73164,24.27107],[120.732,24.27168],[120.7329,24.27365],[120.73396,24.27447],[120.73438,24.27472],[120.73472,24.27484],[120.7355,24.27491],[120.73649,24.2754],[120.73742,24.27556],[120.73896,24.27717],[120.73912,24.27764],[120.7392,24.27772],[120.73962,24.27785]]]}},{"type":"Feature","properties":{"c":"66000100001","t":"東勢區","v":"北興里"},"geometry":{"type":"Polygon","coordinates":[[[120.82304,24.26166],[120.82364,24.2616],[120.82719,24.25998],[120.82804,24.2602],[120.82937,24.25872],[120.82946,24.25847],[120.82843,24.25813],[120.82775,24.25806],[120.82723,24.25783],[120.82347,24.25776],[120.82235,24.25767],[120.82074,24.25714],[120.8204,24.25856],[120.81945,24.26089],[120.82005,24.26102],[120.82304,24.26166]]]}},{"type":"Feature","properties":{"c":"66000100002","t":"東勢區","v":"中寧里"},"geometry":{"type":"Polygon","coordinates":[[[120.82235,24.25767],[120.82347,24.25776],[120.82723,24.25783],[120.82775,24.25806],[120.82843,24.25813],[120.82946,24.25847],[120.82973,24.25757],[120.82802,24.25694],[120.82754,24.25694],[120.82717,24.25723],[120.82675,24.25709],[120.82663,24.25681],[120.82552,24.25676],[120.82443,24.25634],[120.82146,24.25489],[120.8211,24.25626],[120.82074,24.25714],[120.82235,24.25767]]]}},{"type":"Feature","properties":{"c":"66000100003","t":"東勢區","v":"東安里"},"geometry":{"type":"Polygon","coordinates":[[[120.82256,24.25546],[120.82443,24.25634],[120.82552,24.25676],[120.82663,24.25681],[120.82675,24.25709],[120.82717,24.25723],[120.82754,24.25694],[120.82802,24.25694],[120.82973,24.25757],[120.83028,24.25584],[120.82882,24.25567],[120.82645,24.255],[120.82512,24.25525],[120.82309,24.2545],[120.82185,24.25381],[120.82146,24.25489],[120.82159,24.25496],[120.82256,24.25546]]]}},{"type":"Feature","properties":{"c":"66000100004","t":"東勢區","v":"南平里"},"geometry":{"type":"Polygon","coordinates":[[[120.82512,24.25525],[120.82645,24.255],[120.82882,24.25567],[120.83028,24.25584],[120.83088,24.25374],[120.82885,24.2533],[120.8288,24.25311],[120.82868,24.25307],[120.82868,24.2529],[120.82835,24.25241],[120.82819,24.25252],[120.82716,24.25235],[120.82491,24.25237],[120.82211,24.25265],[120.82185,24.25381],[120.82309,24.2545],[120.82512,24.25525]]]}},{"type":"Feature","properties":{"c":"66000100005","t":"東勢區","v":"延平里"},"geometry":{"type":"Polygon","coordinates":[[[120.83088,24.25374],[120.83119,24.25275],[120.83152,24.25126],[120.83141,24.25049],[120.83159,24.24934],[120.83171,24.24908],[120.83196,24.24894],[120.833,24.24856],[120.83163,24.24734],[120.83131,24.2472],[120.82917,24.24922],[120.82885,24.24924],[120.82865,24.24919],[120.82801,24.24936],[120.82593,24.24843],[120.82554,24.24876],[120.82478,24.25051],[120.82341,24.25255],[120.82491,24.25237],[120.82716,24.25235],[120.82819,24.25252],[120.82835,24.25241],[120.82868,24.2529],[120.82868,24.25307],[120.8288,24.25311],[120.82885,24.2533],[120.82962,24.25351],[120.82989,24.25349],[120.83088,24.25374]]]}},{"type":"Feature","properties":{"c":"66000100006","t":"東勢區","v":"上新里"},"geometry":{"type":"Polygon","coordinates":[[[120.83672,24.25663],[120.83682,24.25631],[120.83663,24.2558],[120.83579,24.25483],[120.83438,24.25406],[120.83342,24.25371],[120.83283,24.25335],[120.83221,24.25276],[120.83194,24.25243],[120.83152,24.25126],[120.83119,24.25275],[120.83028,24.25584],[120.83124,24.25575],[120.83204,24.25578],[120.83405,24.25623],[120.83546,24.25638],[120.83672,24.25663]]]}},{"type":"Feature","properties":{"c":"66000100007","t":"東勢區","v":"廣興里"},"geometry":{"type":"Polygon","coordinates":[[[120.83297,24.26288],[120.83315,24.26275],[120.8332,24.26259],[120.83368,24.26222],[120.83412,24.26222],[120.83436,24.2621],[120.83494,24.26162],[120.83516,24.26154],[120.83523,24.26146],[120.83525,24.26122],[120.83547,24.26051],[120.83539,24.26],[120.83519,24.25941],[120.83485,24.2591],[120.83402,24.25859],[120.834,24.25852],[120.83417,24.25815],[120.83443,24.25779],[120.83521,24.2573],[120.83642,24.25689],[120.83665,24.25675],[120.83672,24.25663],[120.83546,24.25638],[120.83405,24.25623],[120.83204,24.25578],[120.83124,24.25575],[120.83028,24.25584],[120.82937,24.25872],[120.82804,24.2602],[120.83013,24.26148],[120.83102,24.26189],[120.83151,24.26201],[120.83225,24.26231],[120.83269,24.26272],[120.83297,24.26288]]]}},{"type":"Feature","properties":{"c":"66000100008","t":"東勢區","v":"泰昌里"},"geometry":{"type":"Polygon","coordinates":[[[120.84511,24.26589],[120.84432,24.26396],[120.84417,24.26299],[120.84411,24.26182],[120.84368,24.26109],[120.84336,24.26078],[120.84078,24.2592],[120.8401,24.25832],[120.83984,24.25765],[120.83969,24.25694],[120.83974,24.25615],[120.84145,24.25408],[120.8416,24.25367],[120.84154,24.25321],[120.8411,24.25251],[120.84074,24.25171],[120.84076,24.25118],[120.84147,24.25038],[120.84226,24.24985],[120.84134,24.24937],[120.83864,24.24869],[120.83712,24.24864],[120.83586,24.24851],[120.83382,24.24861],[120.833,24.24856],[120.83171,24.24908],[120.83159,24.24934],[120.83141,24.25049],[120.83152,24.25126],[120.83194,24.25243],[120.83221,24.25276],[120.83283,24.25335],[120.83342,24.25371],[120.83438,24.25406],[120.83579,24.25483],[120.83663,24.2558],[120.83682,24.25631],[120.83665,24.25675],[120.83642,24.25689],[120.83521,24.2573],[120.83443,24.25779],[120.83417,24.25815],[120.834,24.25852],[120.83402,24.25859],[120.83485,24.2591],[120.83519,24.25941],[120.83539,24.26],[120.83547,24.26051],[120.83525,24.26122],[120.83523,24.26146],[120.83516,24.26154],[120.83494,24.26162],[120.83436,24.2621],[120.83412,24.26222],[120.83368,24.26222],[120.8332,24.26259],[120.83315,24.26275],[120.83297,24.26288],[120.8341,24.26359],[120.83526,24.26399],[120.83839,24.26549],[120.8405,24.26614],[120.84205,24.26649],[120.84299,24.26643],[120.84392,24.26619],[120.84511,24.26589]]]}},{"type":"Feature","properties":{"c":"66000100009","t":"東勢區","v":"中嵙里"},"geometry":{"type":"Polygon","coordinates":[[[120.87473,24.25374],[120.87339,24.25398],[120.87226,24.25403],[120.87102,24.25385],[120.8697,24.25342],[120.86876,24.25328],[120.86787,24.25325],[120.86543,24.25395],[120.8642,24.25402],[120.86276,24.25375],[120.86107,24.25317],[120.85991,24.25286],[120.8591,24.25271],[120.85719,24.25271],[120.85603,24.25249],[120.85499,24.25208],[120.85412,24.25206],[120.8531,24.25179],[120.85205,24.25122],[120.85142,24.2511],[120.85045,24.25102],[120.84899,24.25147],[120.84792,24.25149],[120.84693,24.25132],[120.84479,24.25025],[120.84405,24.25001],[120.84226,24.24985],[120.84147,24.25038],[120.84076,24.25118],[120.84074,24.25171],[120.8411,24.25251],[120.84154,24.25321],[120.8416,24.25367],[120.84145,24.25408],[120.83974,24.25615],[120.83969,24.25694],[120.83984,24.25765],[120.8401,24.25832],[120.84078,24.2592],[120.84336,24.26078],[120.84368,24.26109],[120.84411,24.26182],[120.84417,24.26299],[120.84432,24.26396],[120.84511,24.26589],[120.84678,24.26585],[120.8476,24.26592],[120.8477,24.26637],[120.84764,24.26695],[120.84642,24.2682],[120.84662,24.26906],[120.84787,24.27061],[120.84958,24.27145],[120.85032,24.272],[120.85126,24.2724],[120.85209,24.27231],[120.85284,24.27196],[120.8535,24.27157],[120.85384,24.27166],[120.85431,24.27187],[120.85504,24.27253],[120.85618,24.27336],[120.85764,24.27422],[120.85988,24.27493],[120.86497,24.27479],[120.86713,24.27459],[120.86914,24.27412],[120.8707,24.2736],[120.87352,24.27333],[120.87413,24.27341],[120.87474,24.27448],[120.87462,24.27508],[120.87417,24.27644],[120.87479,24.27792],[120.87464,24.27847],[120.87386,24.27871],[120.87338,24.27893],[120.87304,24.27953],[120.87297,24.2802],[120.87336,24.2805],[120.87395,24.28049],[120.87558,24.27999],[120.87725,24.27973],[120.87972,24.27904],[120.88253,24.27918],[120.88312,24.27983],[120.88388,24.27989],[120.8847,24.27971],[120.8852,24.27888],[120.88539,24.27822],[120.88522,24.27731],[120.88448,24.2762],[120.8846,24.2743],[120.88455,24.27397],[120.88432,24.27378],[120.88399,24.27317],[120.88379,24.27297],[120.88302,24.27264],[120.88238,24.27209],[120.88218,24.27203],[120.8818,24.27204],[120.88113,24.27128],[120.88036,24.26988],[120.88024,24.2691],[120.87988,24.26842],[120.87984,24.26821],[120.87921,24.26739],[120.87842,24.26618],[120.8785,24.2655],[120.87866,24.265],[120.87865,24.26463],[120.87843,24.26416],[120.87845,24.26408],[120.87897,24.26295],[120.8796,24.26193],[120.88039,24.26151],[120.8805,24.26126],[120.88044,24.26094],[120.88028,24.26076],[120.88003,24.26057],[120.8796,24.26045],[120.87946,24.26025],[120.87953,24.26019],[120.87994,24.26016],[120.88003,24.25953],[120.88114,24.25969],[120.88111,24.25907],[120.88091,24.25881],[120.88002,24.25834],[120.87974,24.25828],[120.87905,24.25836],[120.87884,24.25808],[120.87868,24.25761],[120.87869,24.25751],[120.879,24.25728],[120.87924,24.25693],[120.87928,24.25602],[120.88006,24.25382],[120.88013,24.25334],[120.88,24.2528],[120.87948,24.25242],[120.87823,24.25346],[120.87714,24.25382],[120.87646,24.25388],[120.87565,24.25384],[120.87473,24.25374]]]}},{"type":"Feature","properties":{"c":"66000100010","t":"東勢區","v":"福隆里"},"geometry":{"type":"Polygon","coordinates":[[[120.84226,24.24985],[120.84405,24.25001],[120.84479,24.25025],[120.84693,24.25132],[120.84792,24.25149],[120.84899,24.25147],[120.85045,24.25102],[120.85142,24.2511],[120.85205,24.25122],[120.8531,24.25179],[120.85399,24.25203],[120.85383,24.25131],[120.85375,24.25047],[120.85384,24.24952],[120.85433,24.24881],[120.85483,24.24837],[120.85526,24.24823],[120.85642,24.24799],[120.85679,24.24765],[120.85727,24.24666],[120.85745,24.24582],[120.85722,24.24518],[120.85688,24.24486],[120.85469,24.24406],[120.85359,24.24341],[120.85207,24.24226],[120.85171,24.24181],[120.85156,24.24125],[120.85159,24.23987],[120.85146,24.23849],[120.85113,24.2371],[120.85089,24.23485],[120.85024,24.23319],[120.84992,24.23201],[120.84948,24.23197],[120.8477,24.23214],[120.84599,24.23246],[120.84507,24.23283],[120.84438,24.23333],[120.84386,24.23391],[120.84355,24.23488],[120.84349,24.23648],[120.843,24.23769],[120.84284,24.24193],[120.84337,24.24408],[120.84333,24.24445],[120.84273,24.24466],[120.84189,24.24484],[120.84141,24.24503],[120.84128,24.2454],[120.84145,24.24591],[120.84309,24.24842],[120.84155,24.24842],[120.83988,24.24897],[120.84134,24.24937],[120.84226,24.24985]]]}},{"type":"Feature","properties":{"c":"66000100011","t":"東勢區","v":"隆興里"},"geometry":{"type":"Polygon","coordinates":[[[120.87472,24.20168],[120.87319,24.20144],[120.87016,24.20066],[120.86899,24.20052],[120.86663,24.20037],[120.86569,24.20072],[120.86515,24.20129],[120.86421,24.20465],[120.8641,24.20549],[120.86425,24.2065],[120.86461,24.2079],[120.86463,24.20947],[120.86443,24.21066],[120.864,24.21131],[120.86313,24.21197],[120.86186,24.21254],[120.8608,24.21316],[120.85999,24.21433],[120.85896,24.21558],[120.85854,24.21625],[120.85847,24.21693],[120.85854,24.21808],[120.85848,24.21975],[120.85788,24.22079],[120.85714,24.22163],[120.85426,24.22369],[120.85343,24.22443],[120.85296,24.2251],[120.85256,24.22607],[120.85211,24.2267],[120.85005,24.22717],[120.84921,24.22761],[120.84892,24.22835],[120.8488,24.22943],[120.84898,24.23201],[120.84948,24.23197],[120.84992,24.23201],[120.85024,24.23319],[120.85089,24.23485],[120.85113,24.2371],[120.85146,24.23849],[120.85159,24.23987],[120.85156,24.24125],[120.85171,24.24181],[120.85207,24.24226],[120.85359,24.24341],[120.85469,24.24406],[120.85688,24.24486],[120.85722,24.24518],[120.85745,24.24582],[120.85727,24.24666],[120.85679,24.24765],[120.85642,24.24799],[120.85526,24.24823],[120.85483,24.24837],[120.85433,24.24881],[120.85384,24.24952],[120.85375,24.25047],[120.85383,24.25131],[120.85399,24.25203],[120.85499,24.25208],[120.85603,24.25249],[120.85719,24.25271],[120.8591,24.25271],[120.85991,24.25286],[120.86107,24.25317],[120.86276,24.25375],[120.8642,24.25402],[120.86543,24.25395],[120.86787,24.25325],[120.86876,24.25328],[120.8697,24.25342],[120.87102,24.25385],[120.87226,24.25403],[120.87339,24.25398],[120.87473,24.25374],[120.87646,24.25388],[120.87714,24.25382],[120.87823,24.25346],[120.87948,24.25242],[120.87926,24.25232],[120.87908,24.25213],[120.87928,24.25133],[120.87936,24.25034],[120.87923,24.24985],[120.8788,24.24911],[120.87909,24.249],[120.87967,24.24895],[120.87991,24.24885],[120.88054,24.24834],[120.88178,24.24779],[120.88196,24.24769],[120.88199,24.24759],[120.88198,24.24747],[120.88161,24.24682],[120.88152,24.24652],[120.88127,24.24528],[120.8812,24.2442],[120.88077,24.24396],[120.8794,24.24352],[120.87942,24.2431],[120.88015,24.24117],[120.88024,24.24061],[120.88022,24.24025],[120.88007,24.23965],[120.88012,24.23901],[120.87942,24.2386],[120.87935,24.23849],[120.87948,24.23834],[120.87984,24.23833],[120.88021,24.23815],[120.88032,24.2379],[120.88055,24.23667],[120.8807,24.23621],[120.88097,24.23584],[120.88099,24.23542],[120.88105,24.23529],[120.88171,24.23483],[120.88223,24.23419],[120.88317,24.234],[120.88393,24.23262],[120.88427,24.23218],[120.8851,24.23189],[120.88574,24.23155],[120.88664,24.23083],[120.88732,24.23046],[120.88794,24.23004],[120.88803,24.22992],[120.88803,24.22965],[120.88764,24.22856],[120.88721,24.22792],[120.88712,24.22597],[120.88715,24.22546],[120.88768,24.22521],[120.88787,24.22505],[120.88917,24.22428],[120.89012,24.22396],[120.89092,24.22398],[120.89202,24.22427],[120.89251,24.22428],[120.89304,24.22421],[120.89378,24.22376],[120.89462,24.22372],[120.8949,24.22378],[120.89512,24.22373],[120.89555,24.22347],[120.89589,24.22314],[120.89682,24.22285],[120.89728,24.22263],[120.89751,24.22247],[120.89808,24.22185],[120.89849,24.22159],[120.89855,24.22135],[120.89847,24.22109],[120.89817,24.22131],[120.89779,24.22145],[120.89716,24.22152],[120.89691,24.22139],[120.89714,24.22083],[120.89712,24.22041],[120.89738,24.21949],[120.89734,24.21914],[120.89757,24.21875],[120.89754,24.21776],[120.89777,24.21744],[120.8977,24.21656],[120.89741,24.21565],[120.89732,24.21505],[120.89656,24.21391],[120.89555,24.21318],[120.8955,24.213],[120.89566,24.21271],[120.89543,24.21244],[120.89531,24.21214],[120.89534,24.21183],[120.89567,24.21145],[120.89609,24.21126],[120.89693,24.2111],[120.89717,24.21098],[120.89743,24.2107],[120.89734,24.21003],[120.89722,24.20967],[120.89724,24.20912],[120.89774,24.20814],[120.89764,24.20773],[120.8979,24.20742],[120.89797,24.20708],[120.89787,24.20683],[120.89739,24.20641],[120.89727,24.20595],[120.89707,24.20591],[120.89678,24.20609],[120.89529,24.20659],[120.8951,24.20661],[120.89484,24.20653],[120.89456,24.2062],[120.89445,24.20571],[120.8943,24.20546],[120.89369,24.20516],[120.89263,24.20484],[120.89243,24.20467],[120.89233,24.20445],[120.89233,24.20361],[120.89216,24.2033],[120.89198,24.20323],[120.89039,24.2038],[120.8897,24.20386],[120.88919,24.20407],[120.88726,24.20442],[120.88644,24.20442],[120.88623,24.20434],[120.88582,24.20365],[120.8855,24.20347],[120.88519,24.20308],[120.88439,24.20295],[120.8839,24.20293],[120.88277,24.20271],[120.88237,24.20301],[120.88223,24.20298],[120.88172,24.20241],[120.88074,24.20176],[120.8807,24.20159],[120.8808,24.2012],[120.87823,24.20166],[120.87636,24.20178],[120.87472,24.20168]]]}},{"type":"Feature","properties":{"c":"66000100012","t":"東勢區","v":"新盛里"},"geometry":{"type":"Polygon","coordinates":[[[120.82723,24.249],[120.82801,24.24936],[120.82865,24.24919],[120.82885,24.24924],[120.82917,24.24922],[120.83131,24.2472],[120.83163,24.24734],[120.833,24.24856],[120.83382,24.24861],[120.83586,24.24851],[120.83712,24.24864],[120.83864,24.24869],[120.83988,24.24897],[120.84155,24.24842],[120.84309,24.24842],[120.84145,24.24591],[120.84128,24.2454],[120.84141,24.24503],[120.84189,24.24484],[120.84273,24.24466],[120.84333,24.24445],[120.84337,24.24408],[120.84284,24.24193],[120.843,24.23769],[120.84349,24.23648],[120.84355,24.23488],[120.84229,24.23607],[120.84172,24.23638],[120.83752,24.23685],[120.83639,24.23685],[120.83563,24.23659],[120.83493,24.23614],[120.83384,24.23505],[120.8325,24.23337],[120.83203,24.23321],[120.83133,24.23342],[120.83084,24.23391],[120.8303,24.23461],[120.82998,24.23528],[120.82934,24.23697],[120.82868,24.23786],[120.82714,24.23954],[120.82644,24.24075],[120.82522,24.24313],[120.82483,24.24358],[120.82421,24.24398],[120.82414,24.24502],[120.824,24.24544],[120.82307,24.24774],[120.82257,24.24839],[120.82269,24.2496],[120.82211,24.25265],[120.82341,24.25255],[120.82478,24.25051],[120.82554,24.24876],[120.82593,24.24843],[120.82723,24.249]]]}},{"type":"Feature","properties":{"c":"66000100013","t":"東勢區","v":"詒福里"},"geometry":{"type":"Polygon","coordinates":[[[120.82644,24.24075],[120.82714,24.23954],[120.82868,24.23786],[120.82934,24.23697],[120.82998,24.23528],[120.8303,24.23461],[120.83084,24.23391],[120.83133,24.23342],[120.83203,24.23321],[120.8325,24.23337],[120.83384,24.23505],[120.83493,24.23614],[120.83563,24.23659],[120.83639,24.23685],[120.83752,24.23685],[120.84172,24.23638],[120.84229,24.23607],[120.84355,24.23488],[120.84386,24.23391],[120.84438,24.23333],[120.84507,24.23283],[120.84599,24.23246],[120.8477,24.23214],[120.84898,24.23201],[120.8488,24.22943],[120.84892,24.22835],[120.84921,24.22761],[120.85005,24.22717],[120.85173,24.22678],[120.85051,24.22583],[120.84859,24.22517],[120.84792,24.22517],[120.84751,24.22548],[120.84636,24.22679],[120.84595,24.22703],[120.84511,24.22703],[120.84353,24.2269],[120.84221,24.22699],[120.84152,24.22692],[120.84017,24.22625],[120.83943,24.2257],[120.8383,24.22502],[120.83801,24.22472],[120.83806,24.22272],[120.83831,24.22099],[120.8378,24.22074],[120.8351,24.22037],[120.83399,24.22036],[120.83366,24.22056],[120.83342,24.22118],[120.8327,24.22225],[120.83203,24.22291],[120.83119,24.22346],[120.83011,24.22398],[120.82826,24.22407],[120.82757,24.22381],[120.82684,24.22513],[120.82637,24.22664],[120.8259,24.22848],[120.82444,24.23598],[120.82387,24.23982],[120.82387,24.2406],[120.824,24.24186],[120.82424,24.24255],[120.82431,24.24294],[120.82429,24.24358],[120.82421,24.24398],[120.82483,24.24358],[120.82522,24.24313],[120.82644,24.24075]]]}},{"type":"Feature","properties":{"c":"66000100014","t":"東勢區","v":"上城里"},"geometry":{"type":"Polygon","coordinates":[[[120.85173,24.22678],[120.85211,24.2267],[120.85256,24.22607],[120.85296,24.2251],[120.85343,24.22443],[120.85426,24.22369],[120.85714,24.22163],[120.85788,24.22079],[120.85848,24.21975],[120.85854,24.21808],[120.85847,24.21693],[120.85854,24.21625],[120.85896,24.21558],[120.85999,24.21433],[120.86078,24.21319],[120.85916,24.21333],[120.85777,24.21337],[120.85656,24.21329],[120.8557,24.21299],[120.85415,24.2123],[120.85362,24.21211],[120.85284,24.21194],[120.8512,24.2111],[120.85077,24.21102],[120.84949,24.21121],[120.84786,24.21091],[120.84539,24.2106],[120.84244,24.2108],[120.84125,24.21076],[120.83917,24.21115],[120.83856,24.21204],[120.83812,24.21306],[120.83778,24.21443],[120.83768,24.21709],[120.83782,24.21881],[120.83831,24.22099],[120.83806,24.22272],[120.83801,24.22472],[120.8383,24.22502],[120.83943,24.2257],[120.84017,24.22625],[120.84152,24.22692],[120.84221,24.22699],[120.84353,24.2269],[120.84511,24.22703],[120.84595,24.22703],[120.84636,24.22679],[120.84751,24.22548],[120.84792,24.22517],[120.84859,24.22517],[120.85051,24.22583],[120.85173,24.22678]]]}},{"type":"Feature","properties":{"c":"66000100015","t":"東勢區","v":"下城里"},"geometry":{"type":"Polygon","coordinates":[[[120.83203,24.22291],[120.8327,24.22225],[120.83342,24.22118],[120.83366,24.22056],[120.83399,24.22036],[120.8351,24.22037],[120.8378,24.22074],[120.83831,24.22099],[120.83782,24.21881],[120.83768,24.21709],[120.83778,24.21443],[120.83812,24.21306],[120.83856,24.21204],[120.83917,24.21115],[120.83853,24.21103],[120.83766,24.21065],[120.83044,24.20997],[120.83022,24.21324],[120.82858,24.21835],[120.82821,24.22104],[120.82768,24.22356],[120.82757,24.22381],[120.82826,24.22407],[120.83011,24.22398],[120.83119,24.22346],[120.83203,24.22291]]]}},{"type":"Feature","properties":{"c":"66000100016","t":"東勢區","v":"慶東里"},"geometry":{"type":"Polygon","coordinates":[[[120.83508,24.21044],[120.83766,24.21065],[120.83853,24.21103],[120.83917,24.21115],[120.84125,24.21076],[120.84244,24.2108],[120.84539,24.2106],[120.84786,24.21091],[120.84949,24.21121],[120.85077,24.21102],[120.8512,24.2111],[120.85284,24.21194],[120.85362,24.21211],[120.85415,24.2123],[120.8557,24.21299],[120.85656,24.21329],[120.85777,24.21337],[120.85916,24.21333],[120.86078,24.21319],[120.86186,24.21254],[120.86313,24.21197],[120.864,24.21131],[120.86443,24.21066],[120.86463,24.20947],[120.86461,24.2079],[120.86425,24.2065],[120.8641,24.20549],[120.86421,24.20465],[120.86508,24.20155],[120.86304,24.20177],[120.86048,24.20255],[120.85888,24.20279],[120.85776,24.2027],[120.85591,24.2023],[120.85498,24.20217],[120.85374,24.20181],[120.85343,24.20147],[120.85301,24.19957],[120.85231,24.19807],[120.85158,24.19685],[120.8509,24.19607],[120.84981,24.19524],[120.8473,24.19425],[120.84537,24.19302],[120.84437,24.1926],[120.84354,24.19249],[120.84242,24.19259],[120.84062,24.19313],[120.83897,24.19322],[120.83814,24.19295],[120.83709,24.19228],[120.8361,24.19192],[120.83454,24.19179],[120.83167,24.19188],[120.83196,24.1938],[120.83197,24.19619],[120.83211,24.19829],[120.83208,24.19926],[120.83188,24.20029],[120.8314,24.20154],[120.83118,24.20253],[120.83093,24.20407],[120.83054,24.2081],[120.83044,24.20997],[120.83136,24.21006],[120.83508,24.21044]]]}},{"type":"Feature","properties":{"c":"66000100017","t":"東勢區","v":"慶福里"},"geometry":{"type":"Polygon","coordinates":[[[120.86508,24.20155],[120.86515,24.20129],[120.86569,24.20072],[120.86663,24.20037],[120.86899,24.20052],[120.87016,24.20066],[120.87319,24.20144],[120.87472,24.20168],[120.87636,24.20178],[120.87823,24.20166],[120.8808,24.2012],[120.88105,24.20064],[120.88108,24.1999],[120.88141,24.19911],[120.88162,24.19878],[120.8817,24.19845],[120.88162,24.19718],[120.88142,24.19679],[120.88083,24.19623],[120.88023,24.19496],[120.88015,24.19453],[120.87967,24.1939],[120.87962,24.19372],[120.87967,24.19321],[120.87978,24.19282],[120.87974,24.1925],[120.87919,24.19164],[120.87868,24.1913],[120.87856,24.19085],[120.87829,24.19025],[120.87775,24.18947],[120.87763,24.18853],[120.87719,24.18784],[120.87653,24.18726],[120.87585,24.18585],[120.87543,24.18476],[120.87536,24.18471],[120.87509,24.18479],[120.87489,24.18475],[120.87472,24.18432],[120.8745,24.18405],[120.8734,24.18296],[120.87255,24.18251],[120.87226,24.18228],[120.87107,24.18095],[120.87075,24.18043],[120.87034,24.18044],[120.86915,24.18074],[120.86842,24.1804],[120.86738,24.17967],[120.86712,24.17923],[120.86708,24.17897],[120.8671,24.17771],[120.86704,24.17744],[120.8669,24.17724],[120.86625,24.17674],[120.86584,24.17631],[120.86538,24.17566],[120.86534,24.1755],[120.86539,24.17525],[120.86574,24.1745],[120.86572,24.17404],[120.86644,24.17293],[120.86735,24.17204],[120.86741,24.17165],[120.86784,24.17102],[120.8679,24.17062],[120.86787,24.17003],[120.86816,24.16926],[120.86845,24.16876],[120.86818,24.16817],[120.8683,24.16781],[120.86853,24.16743],[120.86854,24.16727],[120.86806,24.16646],[120.86811,24.16626],[120.8683,24.16596],[120.86855,24.1643],[120.86763,24.16413],[120.86555,24.16341],[120.86389,24.1627],[120.86202,24.16175],[120.86152,24.16123],[120.86095,24.16037],[120.86054,24.15993],[120.85909,24.15896],[120.85868,24.15877],[120.85829,24.15869],[120.85596,24.15892],[120.85443,24.15927],[120.8534,24.15943],[120.85172,24.15957],[120.85082,24.15947],[120.84987,24.15962],[120.84895,24.15988],[120.84637,24.16081],[120.84536,24.16135],[120.84366,24.16271],[120.84279,24.16355],[120.84069,24.16624],[120.83997,24.16726],[120.83768,24.17015],[120.83687,24.17181],[120.83635,24.17324],[120.83531,24.17502],[120.83526,24.17523],[120.8353,24.17597],[120.83559,24.17777],[120.83555,24.17838],[120.83527,24.17901],[120.83505,24.17983],[120.83384,24.18165],[120.83315,24.18301],[120.83261,24.18377],[120.83238,24.18424],[120.8322,24.18484],[120.83192,24.18833],[120.83115,24.18977],[120.83144,24.19075],[120.83167,24.19188],[120.83454,24.19179],[120.8361,24.19192],[120.83709,24.19228],[120.83814,24.19295],[120.83897,24.19322],[120.84062,24.19313],[120.84242,24.19259],[120.84354,24.19249],[120.84437,24.1926],[120.84537,24.19302],[120.8473,24.19425],[120.84981,24.19524],[120.8509,24.19607],[120.85158,24.19685],[120.85231,24.19807],[120.85301,24.19957],[120.85343,24.20147],[120.85374,24.20181],[120.85498,24.20217],[120.85591,24.2023],[120.85776,24.2027],[120.85888,24.20279],[120.86048,24.20255],[120.86304,24.20177],[120.86508,24.20155]]]}},{"type":"Feature","properties":{"c":"66000100018","t":"東勢區","v":"東新里"},"geometry":{"type":"Polygon","coordinates":[[[120.90588,24.29261],[120.90591,24.29199],[120.90582,24.29186],[120.90519,24.29143],[120.90385,24.29103],[120.90282,24.29057],[120.90181,24.28997],[120.90102,24.28923],[120.90076,24.28915],[120.8999,24.28909],[120.89941,24.28888],[120.89909,24.28867],[120.89888,24.28825],[120.89894,24.28682],[120.89883,24.2856],[120.89847,24.28511],[120.89798,24.28463],[120.89723,24.2842],[120.8967,24.28403],[120.89634,24.2841],[120.89585,24.28442],[120.89562,24.28449],[120.89457,24.28324],[120.89348,24.28222],[120.89273,24.28165],[120.89211,24.28152],[120.8916,24.28114],[120.89104,24.28016],[120.88995,24.27989],[120.88939,24.27967],[120.88892,24.27962],[120.88819,24.27912],[120.8881,24.27894],[120.8882,24.27861],[120.88824,24.27775],[120.88845,24.27698],[120.88843,24.27686],[120.88834,24.27679],[120.88789,24.27661],[120.8867,24.27634],[120.88513,24.27621],[120.88455,24.27552],[120.88448,24.2762],[120.88522,24.27731],[120.88539,24.27822],[120.8852,24.27888],[120.8847,24.27971],[120.88388,24.27989],[120.88312,24.27983],[120.88253,24.27918],[120.87972,24.27904],[120.87725,24.27973],[120.87558,24.27999],[120.87395,24.28049],[120.87336,24.2805],[120.87297,24.2802],[120.87304,24.27953],[120.87338,24.27893],[120.87386,24.27871],[120.87464,24.27847],[120.87479,24.27792],[120.87417,24.27644],[120.87462,24.27508],[120.87474,24.27448],[120.87413,24.27341],[120.87352,24.27333],[120.8707,24.2736],[120.86914,24.27412],[120.86713,24.27459],[120.86497,24.27479],[120.85988,24.27493],[120.85764,24.27422],[120.85618,24.27336],[120.85504,24.27253],[120.85431,24.27187],[120.85384,24.27166],[120.8535,24.27157],[120.85284,24.27196],[120.85209,24.27231],[120.85126,24.2724],[120.85032,24.272],[120.84958,24.27145],[120.84787,24.27061],[120.84662,24.26906],[120.84642,24.2682],[120.84764,24.26695],[120.8477,24.26637],[120.8476,24.26592],[120.84678,24.26585],[120.84511,24.26589],[120.84299,24.26643],[120.84205,24.26649],[120.8405,24.26614],[120.83839,24.26549],[120.83526,24.26399],[120.8341,24.26359],[120.83269,24.26272],[120.83225,24.26231],[120.83151,24.26201],[120.83102,24.26189],[120.83013,24.26148],[120.82804,24.2602],[120.82719,24.25998],[120.82698,24.26089],[120.82691,24.26161],[120.82619,24.26397],[120.82592,24.26524],[120.82551,24.26606],[120.82528,24.26633],[120.82489,24.26656],[120.82445,24.26731],[120.82605,24.26755],[120.82643,24.26768],[120.82702,24.268],[120.83062,24.27045],[120.83181,24.27139],[120.83329,24.27243],[120.83488,24.27335],[120.83801,24.27529],[120.83906,24.27628],[120.83944,24.27633],[120.84025,24.27458],[120.84153,24.27637],[120.84239,24.27689],[120.84281,24.27734],[120.84369,24.27894],[120.84439,24.28044],[120.84502,24.28099],[120.8469,24.28145],[120.8482,24.28206],[120.84881,24.28229],[120.84921,24.28236],[120.84963,24.2837],[120.84975,24.28456],[120.84968,24.28645],[120.84998,24.28786],[120.8502,24.28852],[120.85179,24.28859],[120.85344,24.28877],[120.85482,24.2888],[120.85723,24.28911],[120.85803,24.28936],[120.85963,24.29024],[120.8607,24.29056],[120.86573,24.29268],[120.86684,24.29307],[120.86887,24.29361],[120.87175,24.29427],[120.8749,24.29489],[120.87612,24.295],[120.87876,24.29504],[120.88163,24.29488],[120.88484,24.29438],[120.88824,24.29417],[120.89067,24.29415],[120.89158,24.29408],[120.89537,24.29332],[120.89983,24.29275],[120.90251,24.29219],[120.90454,24.29223],[120.90498,24.29228],[120.90559,24.29251],[120.90588,24.29261]]]}},{"type":"Feature","properties":{"c":"66000100019","t":"東勢區","v":"粵寧里"},"geometry":{"type":"Polygon","coordinates":[[[120.82719,24.25998],[120.82364,24.2616],[120.82304,24.26166],[120.81945,24.26089],[120.81875,24.26309],[120.81835,24.2639],[120.81894,24.26437],[120.81968,24.26514],[120.81991,24.2653],[120.82215,24.26633],[120.82387,24.26726],[120.82445,24.26731],[120.82489,24.26656],[120.82528,24.26633],[120.82551,24.26606],[120.82592,24.26524],[120.82619,24.26397],[120.82691,24.26161],[120.82698,24.26089],[120.82716,24.26017],[120.82719,24.25998]]]}},{"type":"Feature","properties":{"c":"66000100020","t":"東勢區","v":"下新里"},"geometry":{"type":"Polygon","coordinates":[[[120.83247,24.29138],[120.83311,24.29076],[120.83357,24.29047],[120.83652,24.28957],[120.83771,24.28933],[120.83967,24.2892],[120.84149,24.28921],[120.84257,24.28902],[120.84338,24.28898],[120.84416,24.28879],[120.84551,24.28885],[120.84614,24.28879],[120.84696,24.28862],[120.8502,24.28852],[120.84998,24.28786],[120.84968,24.28645],[120.84975,24.28456],[120.84963,24.2837],[120.84921,24.28236],[120.84881,24.28229],[120.8482,24.28206],[120.8469,24.28145],[120.84502,24.28099],[120.84439,24.28044],[120.84369,24.27894],[120.84281,24.27734],[120.84239,24.27689],[120.84153,24.27637],[120.84025,24.27458],[120.83944,24.27633],[120.83906,24.27628],[120.83801,24.27529],[120.83488,24.27335],[120.83329,24.27243],[120.83181,24.27139],[120.83062,24.27045],[120.82671,24.26781],[120.82569,24.26747],[120.82387,24.26726],[120.82215,24.26633],[120.81991,24.2653],[120.81968,24.26514],[120.81894,24.26437],[120.81835,24.2639],[120.81648,24.2666],[120.81542,24.26773],[120.81491,24.26838],[120.81442,24.26886],[120.81407,24.26958],[120.81388,24.27047],[120.81376,24.27063],[120.81342,24.27155],[120.81313,24.27261],[120.81584,24.27437],[120.81904,24.27668],[120.82139,24.2788],[120.82225,24.27941],[120.82146,24.28097],[120.81945,24.28263],[120.81863,24.28313],[120.81968,24.28432],[120.82043,24.28494],[120.8212,24.2852],[120.82233,24.28518],[120.82322,24.28487],[120.82357,24.28495],[120.82471,24.28617],[120.82559,24.28734],[120.82599,24.28759],[120.8271,24.28723],[120.82752,24.28727],[120.82769,24.28779],[120.8275,24.28854],[120.82653,24.28994],[120.82519,24.29046],[120.82498,24.29082],[120.8251,24.29105],[120.82643,24.29163],[120.82664,24.29194],[120.82649,24.29213],[120.82525,24.29255],[120.82434,24.29309],[120.82379,24.29388],[120.82367,24.2943],[120.82375,24.29496],[120.82404,24.29589],[120.82492,24.29724],[120.82531,24.29678],[120.82623,24.2961],[120.82677,24.29587],[120.82816,24.29505],[120.82874,24.29424],[120.82945,24.29365],[120.83065,24.29319],[120.8318,24.29238],[120.83211,24.29207],[120.83238,24.29149],[120.83247,24.29138]]]}},{"type":"Feature","properties":{"c":"66000100021","t":"東勢區","v":"興隆里"},"geometry":{"type":"Polygon","coordinates":[[[120.81863,24.28313],[120.81945,24.28263],[120.82146,24.28097],[120.82225,24.27941],[120.82139,24.2788],[120.81904,24.27668],[120.81584,24.27437],[120.81313,24.27261],[120.813,24.27324],[120.81284,24.27368],[120.81221,24.27513],[120.81181,24.27588],[120.81143,24.27642],[120.81103,24.27737],[120.81073,24.27842],[120.81052,24.27868],[120.80918,24.27978],[120.80763,24.28022],[120.8063,24.28042],[120.80561,24.28058],[120.80483,24.28063],[120.80397,24.28056],[120.8019,24.28085],[120.8012,24.2808],[120.80081,24.2807],[120.79978,24.2808],[120.7981,24.28085],[120.79455,24.28116],[120.7926,24.282],[120.79072,24.28256],[120.79117,24.28341],[120.79144,24.28373],[120.79227,24.28427],[120.79321,24.28436],[120.79492,24.28436],[120.79519,24.28442],[120.79624,24.28498],[120.79681,24.28543],[120.79742,24.28605],[120.79862,24.28685],[120.79945,24.2872],[120.80147,24.28769],[120.80386,24.28778],[120.80409,24.28775],[120.80419,24.28761],[120.80414,24.28721],[120.80424,24.28702],[120.80439,24.28689],[120.8062,24.28671],[120.80656,24.28662],[120.80705,24.28608],[120.80747,24.28614],[120.8088,24.28689],[120.80957,24.28712],[120.81018,24.28716],[120.81136,24.28705],[120.81145,24.28693],[120.81149,24.28665],[120.81162,24.2865],[120.81235,24.28623],[120.81335,24.286],[120.8138,24.2858],[120.8141,24.28547],[120.81449,24.28442],[120.81472,24.28411],[120.81523,24.28385],[120.81609,24.28368],[120.81704,24.28358],[120.81807,24.28335],[120.81863,24.28313]]]}},{"type":"Feature","properties":{"c":"66000100022","t":"東勢區","v":"茂興里"},"geometry":{"type":"Polygon","coordinates":[[[120.82325,24.2991],[120.82402,24.29817],[120.82458,24.2977],[120.82492,24.29724],[120.82404,24.29589],[120.82375,24.29496],[120.82367,24.2943],[120.82379,24.29388],[120.82434,24.29309],[120.82525,24.29255],[120.82649,24.29213],[120.82664,24.29194],[120.82643,24.29163],[120.8251,24.29105],[120.82498,24.29082],[120.82519,24.29046],[120.82653,24.28994],[120.8275,24.28854],[120.82769,24.28779],[120.82752,24.28727],[120.8271,24.28723],[120.82599,24.28759],[120.82559,24.28734],[120.82471,24.28617],[120.82357,24.28495],[120.82322,24.28487],[120.82233,24.28518],[120.8212,24.2852],[120.82043,24.28494],[120.81968,24.28432],[120.81863,24.28313],[120.81807,24.28335],[120.81704,24.28358],[120.81609,24.28368],[120.81523,24.28385],[120.81472,24.28411],[120.81449,24.28442],[120.8141,24.28547],[120.8138,24.2858],[120.81335,24.286],[120.81235,24.28623],[120.81162,24.2865],[120.81149,24.28665],[120.81145,24.28693],[120.81136,24.28705],[120.81018,24.28716],[120.80957,24.28712],[120.8088,24.28689],[120.80747,24.28614],[120.80705,24.28608],[120.80656,24.28662],[120.8062,24.28671],[120.80439,24.28689],[120.80424,24.28702],[120.80414,24.28721],[120.80419,24.28761],[120.80409,24.28775],[120.80386,24.28778],[120.80147,24.28769],[120.79945,24.2872],[120.79862,24.28685],[120.79742,24.28605],[120.79681,24.28543],[120.79655,24.28667],[120.79654,24.28719],[120.79673,24.28816],[120.79736,24.29001],[120.80015,24.29121],[120.80131,24.29223],[120.80183,24.29312],[120.80169,24.29367],[120.80136,24.29439],[120.80139,24.29486],[120.80182,24.29571],[120.80328,24.29789],[120.8041,24.29893],[120.8047,24.29942],[120.80575,24.29995],[120.80613,24.30032],[120.80619,24.30086],[120.80589,24.30176],[120.80591,24.3021],[120.80618,24.30245],[120.80667,24.30275],[120.80805,24.30313],[120.81152,24.30301],[120.81185,24.30315],[120.81298,24.30407],[120.81429,24.3056],[120.81741,24.30756],[120.81767,24.30729],[120.81861,24.30588],[120.8188,24.30552],[120.81912,24.3046],[120.81968,24.30361],[120.82285,24.29958],[120.82325,24.2991]]]}},{"type":"Feature","properties":{"c":"66000100023","t":"東勢區","v":"泰興里"},"geometry":{"type":"Polygon","coordinates":[[[120.77828,24.28597],[120.77861,24.28909],[120.77865,24.29037],[120.77886,24.29129],[120.77946,24.29252],[120.77988,24.29316],[120.78067,24.29373],[120.78131,24.29434],[120.78184,24.29515],[120.7822,24.29589],[120.78237,24.2969],[120.78362,24.29685],[120.78551,24.29698],[120.78606,24.29679],[120.78671,24.29633],[120.78747,24.29613],[120.79452,24.29807],[120.79515,24.29805],[120.79556,24.29686],[120.79535,24.29629],[120.79556,24.29542],[120.7947,24.29285],[120.79485,24.29304],[120.79559,24.29326],[120.79643,24.29342],[120.7979,24.29449],[120.80168,24.29543],[120.80139,24.29486],[120.80136,24.29439],[120.80169,24.29367],[120.80183,24.29312],[120.80131,24.29223],[120.80015,24.29121],[120.79736,24.29001],[120.79673,24.28816],[120.79654,24.28719],[120.79655,24.28667],[120.79681,24.28543],[120.79624,24.28498],[120.79519,24.28442],[120.79492,24.28436],[120.79321,24.28436],[120.79227,24.28427],[120.79144,24.28373],[120.79117,24.28341],[120.79072,24.28256],[120.7901,24.2827],[120.78958,24.2827],[120.78782,24.28324],[120.78694,24.28342],[120.7864,24.28345],[120.78571,24.28362],[120.78397,24.28342],[120.78357,24.28346],[120.78318,24.28362],[120.78279,24.28367],[120.77948,24.2836],[120.77829,24.28384],[120.77737,24.28393],[120.77807,24.28533],[120.77828,24.28597]]]}},{"type":"Feature","properties":{"c":"66000100024","t":"東勢區","v":"埤頭里"},"geometry":{"type":"Polygon","coordinates":[[[120.78237,24.2969],[120.7822,24.29589],[120.78184,24.29515],[120.78131,24.29434],[120.78067,24.29373],[120.77988,24.29316],[120.77946,24.29252],[120.77886,24.29129],[120.77865,24.29037],[120.77861,24.28909],[120.77828,24.28597],[120.77807,24.28533],[120.77737,24.28393],[120.77647,24.28417],[120.77578,24.28423],[120.77509,24.28425],[120.77419,24.28409],[120.77208,24.283],[120.76973,24.28142],[120.76943,24.28132],[120.76783,24.28136],[120.7652,24.2813],[120.76388,24.28111],[120.76258,24.2811],[120.7609,24.28085],[120.75953,24.28031],[120.75856,24.28009],[120.75806,24.28005],[120.75671,24.27962],[120.75606,24.27953],[120.75238,24.2798],[120.74825,24.28065],[120.74868,24.28276],[120.74869,24.28322],[120.74844,24.28405],[120.74807,24.28477],[120.74806,24.28508],[120.74817,24.28557],[120.74813,24.28615],[120.74825,24.28646],[120.74882,24.28725],[120.74925,24.28749],[120.7498,24.28759],[120.75089,24.28752],[120.75172,24.28715],[120.75205,24.28715],[120.75237,24.28726],[120.75333,24.28789],[120.75428,24.28837],[120.75466,24.28887],[120.75492,24.28909],[120.75516,24.28915],[120.75561,24.28893],[120.75698,24.28912],[120.75719,24.28933],[120.75778,24.29036],[120.75814,24.29071],[120.75841,24.2907],[120.75958,24.29004],[120.75987,24.29007],[120.76027,24.29033],[120.76124,24.29019],[120.76261,24.29045],[120.76377,24.2908],[120.76417,24.29115],[120.76417,24.29168],[120.7643,24.2919],[120.76474,24.29222],[120.76601,24.29288],[120.76606,24.29297],[120.76601,24.29362],[120.76616,24.29447],[120.76624,24.29474],[120.76668,24.29538],[120.76683,24.29576],[120.76704,24.2965],[120.76724,24.29775],[120.76749,24.29833],[120.76743,24.29868],[120.76918,24.29881],[120.77255,24.2989],[120.77368,24.29876],[120.77542,24.2983],[120.77717,24.29822],[120.77909,24.29824],[120.77968,24.29815],[120.78083,24.29749],[120.78237,24.2969]]]}},{"type":"Feature","properties":{"c":"66000100025","t":"東勢區","v":"明正里"},"geometry":{"type":"Polygon","coordinates":[[[120.7777,24.32061],[120.7784,24.32011],[120.7795,24.31993],[120.78005,24.31995],[120.78078,24.31972],[120.78163,24.31934],[120.78238,24.31918],[120.78284,24.31893],[120.78318,24.31857],[120.78383,24.31835],[120.78527,24.31827],[120.78647,24.31812],[120.78667,24.31814],[120.78694,24.3184],[120.78755,24.31823],[120.78774,24.31837],[120.78784,24.31836],[120.78848,24.31806],[120.78865,24.31806],[120.78916,24.31788],[120.78947,24.31789],[120.78982,24.31799],[120.78991,24.31782],[120.79003,24.31774],[120.79132,24.31739],[120.79177,24.31761],[120.79246,24.31753],[120.79513,24.31675],[120.796,24.31638],[120.79684,24.31642],[120.79774,24.31629],[120.79801,24.31633],[120.79849,24.3162],[120.79907,24.31617],[120.8023,24.31621],[120.80377,24.31614],[120.80595,24.31589],[120.80653,24.31568],[120.80745,24.31515],[120.80839,24.31411],[120.80944,24.31327],[120.8098,24.31274],[120.81078,24.31212],[120.81187,24.31156],[120.81275,24.31096],[120.81328,24.31052],[120.81359,24.3101],[120.8153,24.30872],[120.81607,24.3083],[120.81698,24.30789],[120.81741,24.30756],[120.81429,24.3056],[120.81298,24.30407],[120.81185,24.30315],[120.81152,24.30301],[120.80805,24.30313],[120.80667,24.30275],[120.80618,24.30245],[120.80591,24.3021],[120.80589,24.30176],[120.80619,24.30086],[120.80613,24.30032],[120.80575,24.29995],[120.8047,24.29942],[120.8041,24.29893],[120.80328,24.29789],[120.80168,24.29543],[120.7979,24.29449],[120.79643,24.29342],[120.79559,24.29326],[120.79485,24.29304],[120.7947,24.29285],[120.79556,24.29542],[120.79535,24.29629],[120.79556,24.29686],[120.79515,24.29805],[120.79452,24.29807],[120.78747,24.29613],[120.78671,24.29633],[120.78606,24.29679],[120.78551,24.29698],[120.78362,24.29685],[120.78237,24.2969],[120.78083,24.29749],[120.77968,24.29815],[120.77909,24.29824],[120.77717,24.29822],[120.77542,24.2983],[120.77368,24.29876],[120.77255,24.2989],[120.76918,24.29881],[120.76745,24.29864],[120.7673,24.29894],[120.76668,24.29939],[120.76651,24.29943],[120.76615,24.29936],[120.76577,24.29912],[120.76557,24.29907],[120.76529,24.29911],[120.76451,24.29986],[120.7645,24.30023],[120.76422,24.30045],[120.76407,24.30078],[120.76381,24.30099],[120.76368,24.30152],[120.76342,24.30204],[120.76336,24.30245],[120.76308,24.30291],[120.763,24.30315],[120.76308,24.30381],[120.76285,24.30425],[120.76283,24.30441],[120.76326,24.30515],[120.76448,24.306],[120.76467,24.3064],[120.76461,24.30795],[120.76472,24.30845],[120.76453,24.30922],[120.76457,24.3094],[120.76479,24.30963],[120.76487,24.30985],[120.76479,24.3106],[120.76432,24.31171],[120.76398,24.3123],[120.76381,24.31243],[120.76353,24.31252],[120.76344,24.31273],[120.76341,24.31293],[120.76369,24.3133],[120.76376,24.31358],[120.7635,24.31432],[120.76301,24.31469],[120.76238,24.31545],[120.76207,24.31563],[120.76162,24.31616],[120.76133,24.31639],[120.76109,24.31705],[120.76091,24.31729],[120.76033,24.31752],[120.75961,24.31794],[120.75899,24.31814],[120.75868,24.3184],[120.75859,24.31882],[120.7588,24.31917],[120.75881,24.3195],[120.75895,24.31987],[120.75894,24.32009],[120.75921,24.32061],[120.75928,24.32114],[120.75923,24.32141],[120.7591,24.32166],[120.75875,24.32194],[120.75918,24.32213],[120.75936,24.3223],[120.75949,24.32259],[120.75954,24.32325],[120.76001,24.32372],[120.76225,24.32492],[120.76449,24.32573],[120.76567,24.32549],[120.76652,24.32572],[120.76705,24.32557],[120.76746,24.32534],[120.76821,24.32468],[120.76867,24.32447],[120.77146,24.32258],[120.77274,24.3219],[120.77478,24.32106],[120.77602,24.32078],[120.77767,24.32062],[120.7777,24.32061]]]}},{"type":"Feature","properties":{"c":"66000110001","t":"大甲區","v":"朝陽里"},"geometry":{"type":"Polygon","coordinates":[[[120.62643,24.34949],[120.62758,24.34884],[120.62777,24.34718],[120.62777,24.34669],[120.6284,24.34663],[120.62864,24.34654],[120.62778,24.34518],[120.62457,24.34629],[120.62416,24.34668],[120.62498,24.34773],[120.62573,24.34847],[120.62637,24.34939],[120.62643,24.34949]]]}},{"type":"Feature","properties":{"c":"66000110002","t":"大甲區","v":"大甲里"},"geometry":{"type":"Polygon","coordinates":[[[120.62407,24.34656],[120.62416,24.34668],[120.62457,24.34629],[120.62778,24.34518],[120.62655,24.34341],[120.62365,24.34414],[120.62196,24.34426],[120.62206,24.34468],[120.62244,24.34514],[120.62329,24.34569],[120.62374,24.34615],[120.62407,24.34656]]]}},{"type":"Feature","properties":{"c":"66000110003","t":"大甲區","v":"順天里"},"geometry":{"type":"Polygon","coordinates":[[[120.62151,24.34787],[120.62124,24.34725],[120.62271,24.34676],[120.62407,24.34656],[120.62329,24.34569],[120.62244,24.34514],[120.62206,24.34468],[120.62196,24.34426],[120.62114,24.34435],[120.6187,24.34589],[120.61972,24.34835],[120.621,24.34801],[120.62151,24.34787]]]}},{"type":"Feature","properties":{"c":"66000110004","t":"大甲區","v":"孔門里"},"geometry":{"type":"Polygon","coordinates":[[[120.62573,24.34847],[120.62498,24.34773],[120.62407,24.34656],[120.62271,24.34676],[120.62124,24.34725],[120.62245,24.34993],[120.62475,24.3495],[120.62505,24.34925],[120.6252,24.34896],[120.62573,24.34847]]]}},{"type":"Feature","properties":{"c":"66000110005","t":"大甲區","v":"平安里"},"geometry":{"type":"Polygon","coordinates":[[[120.62245,24.34993],[120.62151,24.34787],[120.61972,24.34835],[120.61707,24.34926],[120.61714,24.35022],[120.61738,24.35106],[120.61764,24.35161],[120.62018,24.35075],[120.62245,24.34993]]]}},{"type":"Feature","properties":{"c":"66000110006","t":"大甲區","v":"庄美里"},"geometry":{"type":"Polygon","coordinates":[[[120.61707,24.34926],[120.61972,24.34835],[120.6187,24.34589],[120.61781,24.34655],[120.61754,24.34681],[120.61607,24.34764],[120.61515,24.34801],[120.61424,24.34824],[120.61325,24.3484],[120.61242,24.34845],[120.6117,24.34841],[120.61061,24.34823],[120.61055,24.34856],[120.6102,24.34892],[120.60901,24.34924],[120.60891,24.34929],[120.60881,24.34952],[120.60845,24.34942],[120.60827,24.34946],[120.60795,24.3498],[120.60781,24.35011],[120.6073,24.35061],[120.60706,24.35049],[120.60661,24.35099],[120.60631,24.3515],[120.6061,24.3524],[120.60672,24.35231],[120.60668,24.35291],[120.60659,24.35306],[120.60732,24.353],[120.60773,24.3528],[120.60805,24.35269],[120.60826,24.3527],[120.60855,24.35292],[120.60919,24.35372],[120.60964,24.35402],[120.61012,24.35428],[120.61036,24.35432],[120.61096,24.35424],[120.6137,24.35192],[120.6167,24.3495],[120.61707,24.34926]]]}},{"type":"Feature","properties":{"c":"66000110007","t":"大甲區","v":"新美里"},"geometry":{"type":"Polygon","coordinates":[[[120.61242,24.34845],[120.61325,24.3484],[120.61424,24.34824],[120.61515,24.34801],[120.61607,24.34764],[120.61754,24.34681],[120.61822,24.34623],[120.62083,24.34452],[120.62114,24.34435],[120.62196,24.34426],[120.62177,24.34386],[120.6197,24.34119],[120.61829,24.34121],[120.61737,24.34154],[120.61651,24.34198],[120.61506,24.3424],[120.61457,24.34269],[120.61439,24.34294],[120.61409,24.34359],[120.61356,24.34501],[120.61266,24.34648],[120.61059,24.34817],[120.61061,24.34823],[120.6117,24.34841],[120.61242,24.34845]]]}},{"type":"Feature","properties":{"c":"66000110008","t":"大甲區","v":"岷山里"},"geometry":{"type":"Polygon","coordinates":[[[120.6343,24.35009],[120.63496,24.34947],[120.6357,24.34866],[120.63591,24.34834],[120.63643,24.34645],[120.63613,24.34648],[120.63584,24.34628],[120.63511,24.3461],[120.63493,24.34582],[120.63458,24.34494],[120.6313,24.34678],[120.63053,24.34684],[120.62882,24.3468],[120.62864,24.34654],[120.6284,24.34663],[120.62777,24.34669],[120.62777,24.34718],[120.62758,24.34884],[120.62643,24.34949],[120.62786,24.3515],[120.62823,24.35151],[120.62943,24.35244],[120.62985,24.35262],[120.63024,24.35266],[120.63073,24.35261],[120.63256,24.35188],[120.63297,24.35154],[120.63362,24.35076],[120.6343,24.35009]]]}},{"type":"Feature","properties":{"c":"66000110009","t":"大甲區","v":"中山里"},"geometry":{"type":"Polygon","coordinates":[[[120.6313,24.34678],[120.63458,24.34494],[120.63328,24.34101],[120.63267,24.33889],[120.63221,24.33781],[120.63206,24.33761],[120.63169,24.33731],[120.63117,24.3371],[120.63094,24.33705],[120.62997,24.33709],[120.62978,24.33716],[120.62917,24.33757],[120.62849,24.33767],[120.62824,24.33762],[120.62634,24.33856],[120.62586,24.33873],[120.62393,24.33903],[120.62364,24.3393],[120.62778,24.34518],[120.62882,24.3468],[120.63053,24.34684],[120.6313,24.34678]]]}},{"type":"Feature","properties":{"c":"66000110010","t":"大甲區","v":"南陽里"},"geometry":{"type":"Polygon","coordinates":[[[120.62655,24.34341],[120.62364,24.3393],[120.61998,24.3411],[120.6197,24.34119],[120.62021,24.34187],[120.62655,24.34341]]]}},{"type":"Feature","properties":{"c":"66000110011","t":"大甲區","v":"薰風里"},"geometry":{"type":"Polygon","coordinates":[[[120.62196,24.34426],[120.62365,24.34414],[120.62655,24.34341],[120.62021,24.34187],[120.62177,24.34386],[120.62196,24.34426]]]}},{"type":"Feature","properties":{"c":"66000110012","t":"大甲區","v":"義和里"},"geometry":{"type":"Polygon","coordinates":[[[120.61394,24.34405],[120.61439,24.34294],[120.61457,24.34269],[120.61484,24.34249],[120.61651,24.34198],[120.61737,24.34154],[120.61829,24.34121],[120.6197,24.34119],[120.61998,24.3411],[120.62341,24.33942],[120.62393,24.33903],[120.62541,24.33883],[120.62634,24.33856],[120.62824,24.33762],[120.62815,24.33682],[120.6278,24.33673],[120.62707,24.33671],[120.62678,24.33678],[120.62647,24.33672],[120.62614,24.33678],[120.62588,24.33692],[120.62548,24.33696],[120.62493,24.33719],[120.624,24.33682],[120.62345,24.33685],[120.62284,24.33639],[120.62158,24.33587],[120.62125,24.33581],[120.62069,24.33594],[120.62013,24.33573],[120.61984,24.33552],[120.61944,24.3351],[120.61875,24.33467],[120.61807,24.3344],[120.6171,24.33378],[120.61631,24.33344],[120.61613,24.3333],[120.61556,24.33263],[120.61482,24.33211],[120.61441,24.33207],[120.61432,24.33182],[120.61408,24.33157],[120.61405,24.33132],[120.61382,24.33089],[120.61306,24.32873],[120.61227,24.33124],[120.61061,24.33338],[120.61049,24.33369],[120.61011,24.33517],[120.60993,24.33561],[120.60997,24.3363],[120.61011,24.33686],[120.61016,24.33738],[120.61002,24.3382],[120.60979,24.33899],[120.60949,24.34089],[120.6095,24.34164],[120.60963,24.34209],[120.60962,24.34245],[120.60956,24.34269],[120.60942,24.34291],[120.60874,24.34349],[120.60856,24.34375],[120.60796,24.34491],[120.60726,24.34743],[120.60789,24.34752],[120.6081,24.34749],[120.61057,24.3481],[120.61062,24.34816],[120.61266,24.34648],[120.61356,24.34501],[120.61394,24.34405]]]}},{"type":"Feature","properties":{"c":"66000110013","t":"大甲區","v":"武陵里"},"geometry":{"type":"Polygon","coordinates":[[[120.61306,24.32873],[120.61284,24.32844],[120.61252,24.32821],[120.61204,24.32767],[120.61177,24.32709],[120.61058,24.32752],[120.60933,24.3283],[120.60848,24.3287],[120.60732,24.32914],[120.60683,24.32963],[120.60527,24.33159],[120.60488,24.33189],[120.60439,24.3321],[120.6031,24.33251],[120.60269,24.33277],[120.59719,24.33694],[120.59709,24.3368],[120.597,24.33683],[120.59641,24.33713],[120.596,24.33742],[120.5956,24.33784],[120.5956,24.33818],[120.59542,24.33835],[120.59478,24.33955],[120.59445,24.33998],[120.59434,24.34023],[120.59408,24.34047],[120.59372,24.34115],[120.59366,24.34146],[120.59561,24.34243],[120.59601,24.34285],[120.59677,24.34347],[120.59774,24.34367],[120.59845,24.34396],[120.59937,24.34412],[120.60041,24.34287],[120.60061,24.34245],[120.6009,24.34168],[120.60126,24.34099],[120.60129,24.34079],[120.60113,24.33985],[120.60138,24.33966],[120.60154,24.33941],[120.60183,24.34002],[120.6021,24.34001],[120.60225,24.34008],[120.60243,24.34041],[120.60242,24.34066],[120.60222,24.34105],[120.60211,24.34191],[120.60225,24.34203],[120.60229,24.34229],[120.60222,24.34236],[120.60229,24.34246],[120.60259,24.34274],[120.60281,24.34283],[120.602,24.34577],[120.60269,24.34638],[120.60308,24.3466],[120.60327,24.34687],[120.60387,24.34714],[120.6054,24.34733],[120.60726,24.34743],[120.60796,24.34491],[120.60856,24.34375],[120.60874,24.34349],[120.60942,24.34291],[120.60956,24.34269],[120.60962,24.34245],[120.60963,24.34209],[120.6095,24.34164],[120.60949,24.34089],[120.60979,24.33899],[120.61002,24.3382],[120.61016,24.33738],[120.61011,24.33686],[120.60997,24.3363],[120.60993,24.33561],[120.61011,24.33517],[120.61049,24.33369],[120.61061,24.33338],[120.61227,24.33124],[120.61291,24.3292],[120.61306,24.32873]]]}},{"type":"Feature","properties":{"c":"66000110014","t":"大甲區","v":"文曲里"},"geometry":{"type":"Polygon","coordinates":[[[120.60933,24.3283],[120.61058,24.32752],[120.61177,24.32709],[120.61196,24.32599],[120.61136,24.32291],[120.60901,24.31578],[120.60751,24.31598],[120.60549,24.31551],[120.60377,24.31538],[120.60162,24.31504],[120.59985,24.31522],[120.59931,24.3155],[120.59737,24.31526],[120.59621,24.31534],[120.59521,24.31521],[120.59487,24.31531],[120.59414,24.31568],[120.59206,24.31749],[120.5914,24.318],[120.59103,24.31839],[120.59085,24.3188],[120.5895,24.31961],[120.58919,24.31988],[120.58809,24.32177],[120.58776,24.32221],[120.58658,24.32343],[120.58778,24.3242],[120.58856,24.32484],[120.59167,24.32924],[120.59218,24.32929],[120.59282,24.32956],[120.59401,24.33072],[120.59429,24.33214],[120.5946,24.33248],[120.5947,24.33299],[120.59587,24.33418],[120.59583,24.33427],[120.59514,24.33471],[120.59499,24.33487],[120.59493,24.33522],[120.59497,24.33558],[120.59598,24.33504],[120.59608,24.3351],[120.59624,24.3354],[120.59662,24.33531],[120.59672,24.33556],[120.59679,24.33606],[120.59706,24.33642],[120.59711,24.33678],[120.597,24.33683],[120.59709,24.3368],[120.59719,24.33694],[120.60269,24.33277],[120.6031,24.33251],[120.60439,24.3321],[120.60488,24.33189],[120.60527,24.33159],[120.60715,24.32927],[120.60757,24.32903],[120.60848,24.3287],[120.60933,24.3283]]]}},{"type":"Feature","properties":{"c":"66000110015","t":"大甲區","v":"武曲里"},"geometry":{"type":"Polygon","coordinates":[[[120.61096,24.36098],[120.61337,24.36048],[120.61426,24.36021],[120.61543,24.3597],[120.61618,24.35949],[120.61621,24.35941],[120.61602,24.3589],[120.61637,24.35873],[120.61652,24.35844],[120.61666,24.35834],[120.61668,24.35825],[120.61654,24.35796],[120.61661,24.35789],[120.6168,24.35793],[120.61721,24.35789],[120.61794,24.35813],[120.61842,24.35802],[120.61926,24.35762],[120.61923,24.35752],[120.61818,24.35633],[120.61797,24.35595],[120.61794,24.35563],[120.61803,24.35534],[120.61811,24.35529],[120.61837,24.35526],[120.61874,24.35543],[120.6192,24.3552],[120.61941,24.35523],[120.61881,24.35444],[120.61738,24.35106],[120.61714,24.35022],[120.61707,24.34926],[120.6167,24.3495],[120.6137,24.35192],[120.61096,24.35424],[120.61036,24.35432],[120.61012,24.35428],[120.60919,24.35372],[120.6084,24.35278],[120.60826,24.3527],[120.60805,24.35269],[120.60732,24.353],[120.60659,24.35306],[120.60613,24.35321],[120.60571,24.35362],[120.6055,24.35412],[120.60531,24.35436],[120.60435,24.35527],[120.60398,24.35616],[120.60388,24.35714],[120.60401,24.35732],[120.60431,24.35724],[120.6046,24.35701],[120.60508,24.35648],[120.60572,24.35709],[120.60585,24.35748],[120.60547,24.35818],[120.60546,24.35833],[120.6056,24.35851],[120.6054,24.35868],[120.60537,24.35891],[120.606,24.3589],[120.60644,24.35864],[120.60675,24.35858],[120.60735,24.35831],[120.6079,24.3582],[120.60796,24.35823],[120.60833,24.35945],[120.60819,24.35961],[120.60698,24.3599],[120.60577,24.36037],[120.60547,24.36059],[120.60546,24.36075],[120.60561,24.36088],[120.60583,24.36097],[120.60814,24.36133],[120.60833,24.36142],[120.60916,24.36131],[120.61096,24.36098]]]}},{"type":"Feature","properties":{"c":"66000110016","t":"大甲區","v":"文武里"},"geometry":{"type":"Polygon","coordinates":[[[120.61941,24.35523],[120.62103,24.35546],[120.62171,24.35538],[120.62264,24.35515],[120.62303,24.35531],[120.62333,24.35531],[120.62345,24.35523],[120.62369,24.35486],[120.6238,24.35461],[120.62383,24.35435],[120.62525,24.35277],[120.62628,24.35238],[120.62726,24.35175],[120.62786,24.3515],[120.62573,24.34847],[120.6252,24.34896],[120.62505,24.34925],[120.62475,24.3495],[120.62267,24.34986],[120.61764,24.35161],[120.61881,24.35444],[120.61941,24.35523]]]}},{"type":"Feature","properties":{"c":"66000110017","t":"大甲區","v":"奉化里"},"geometry":{"type":"Polygon","coordinates":[[[120.61065,24.36243],[120.61126,24.36223],[120.61236,24.36215],[120.61344,24.36192],[120.61427,24.36193],[120.61531,24.36165],[120.6179,24.36139],[120.62143,24.3615],[120.62366,24.36126],[120.62565,24.36118],[120.62762,24.36046],[120.62869,24.36],[120.62957,24.35945],[120.62667,24.35835],[120.6263,24.35669],[120.62593,24.3545],[120.6252,24.35281],[120.62383,24.35435],[120.6238,24.35461],[120.62369,24.35486],[120.62345,24.35523],[120.62326,24.35533],[120.62264,24.35515],[120.62171,24.35538],[120.62103,24.35546],[120.6192,24.3552],[120.6188,24.35542],[120.61837,24.35526],[120.61803,24.35534],[120.61794,24.35582],[120.61806,24.35614],[120.61926,24.35762],[120.61842,24.35802],[120.61794,24.35813],[120.61721,24.35789],[120.61656,24.35791],[120.61668,24.35825],[120.61666,24.35834],[120.61652,24.35844],[120.61637,24.35873],[120.61602,24.3589],[120.61621,24.35941],[120.61618,24.35949],[120.61543,24.3597],[120.61426,24.36021],[120.61324,24.36052],[120.60916,24.36131],[120.60833,24.36142],[120.60849,24.36159],[120.60867,24.36223],[120.60901,24.36254],[120.60944,24.36262],[120.61063,24.36238],[120.61065,24.36243]]]}},{"type":"Feature","properties":{"c":"66000110018","t":"大甲區","v":"德化里"},"geometry":{"type":"Polygon","coordinates":[[[120.62722,24.37798],[120.62681,24.3764],[120.62636,24.37546],[120.62649,24.37497],[120.62421,24.36583],[120.62437,24.36522],[120.62476,24.36498],[120.6253,24.36478],[120.62691,24.36438],[120.62887,24.36419],[120.62998,24.36398],[120.62951,24.36175],[120.62907,24.36009],[120.62885,24.3599],[120.62762,24.36046],[120.62565,24.36118],[120.62366,24.36126],[120.62143,24.3615],[120.6179,24.36139],[120.61531,24.36165],[120.61427,24.36193],[120.61344,24.36192],[120.61236,24.36215],[120.61126,24.36223],[120.61065,24.36243],[120.61071,24.36293],[120.61089,24.36328],[120.61114,24.36422],[120.6111,24.36449],[120.61077,24.36499],[120.61072,24.36517],[120.61192,24.36565],[120.61338,24.37168],[120.61331,24.37176],[120.61314,24.37176],[120.61264,24.37156],[120.61235,24.37158],[120.61223,24.37168],[120.61203,24.37224],[120.6121,24.37231],[120.61246,24.37238],[120.61303,24.37219],[120.61323,24.37202],[120.61342,24.37206],[120.61355,24.37244],[120.6137,24.37323],[120.61395,24.37369],[120.61425,24.37483],[120.61531,24.37471],[120.62073,24.37611],[120.6213,24.37835],[120.62157,24.37911],[120.62624,24.37817],[120.62722,24.37798]]]}},{"type":"Feature","properties":{"c":"66000110019","t":"大甲區","v":"江南里"},"geometry":{"type":"Polygon","coordinates":[[[120.62613,24.37352],[120.62649,24.37497],[120.62636,24.37546],[120.62681,24.3764],[120.62722,24.37798],[120.63322,24.37672],[120.63354,24.37644],[120.63551,24.37608],[120.6358,24.37616],[120.63601,24.37585],[120.63674,24.37515],[120.63831,24.37408],[120.64255,24.36988],[120.64378,24.36905],[120.64529,24.36788],[120.64243,24.36562],[120.63664,24.36683],[120.63592,24.36405],[120.63398,24.36155],[120.63361,24.36083],[120.63312,24.3593],[120.6327,24.35843],[120.62966,24.35939],[120.62885,24.3599],[120.62907,24.36009],[120.62951,24.36175],[120.62998,24.36398],[120.62957,24.3641],[120.62691,24.36438],[120.62613,24.36454],[120.62476,24.36498],[120.62437,24.36522],[120.62429,24.36539],[120.62421,24.36583],[120.62598,24.37288],[120.62613,24.37352]]]}},{"type":"Feature","properties":{"c":"66000110020","t":"大甲區","v":"頂店里"},"geometry":{"type":"Polygon","coordinates":[[[120.6343,24.35009],[120.63362,24.35076],[120.63297,24.35154],[120.63256,24.35188],[120.63073,24.35261],[120.63024,24.35266],[120.62985,24.35262],[120.62943,24.35244],[120.62823,24.35151],[120.62799,24.35147],[120.62761,24.35156],[120.62628,24.35238],[120.6252,24.35281],[120.62593,24.3545],[120.6263,24.35669],[120.62667,24.35835],[120.62957,24.35945],[120.6327,24.35843],[120.63312,24.3593],[120.63361,24.36083],[120.63398,24.36155],[120.63592,24.36405],[120.63664,24.36683],[120.64243,24.36562],[120.64529,24.36788],[120.64596,24.36744],[120.64644,24.36663],[120.64697,24.36613],[120.64986,24.36499],[120.65126,24.36458],[120.65231,24.36384],[120.65532,24.36216],[120.65411,24.36102],[120.65356,24.36028],[120.65223,24.35924],[120.65154,24.35861],[120.64989,24.35661],[120.64957,24.3561],[120.6493,24.35592],[120.64872,24.35569],[120.64825,24.35569],[120.64785,24.3556],[120.64677,24.35519],[120.64657,24.355],[120.64639,24.35463],[120.64645,24.35397],[120.64551,24.35336],[120.64535,24.35286],[120.64536,24.35229],[120.64525,24.3519],[120.64532,24.35181],[120.64632,24.35169],[120.64622,24.35144],[120.64562,24.35055],[120.64511,24.35013],[120.64467,24.34955],[120.64389,24.3487],[120.64366,24.34855],[120.64334,24.34848],[120.64297,24.34828],[120.64146,24.34653],[120.64018,24.34555],[120.64003,24.3455],[120.63961,24.3458],[120.63884,24.34604],[120.6386,24.34605],[120.63771,24.34579],[120.63745,24.34578],[120.63716,24.34587],[120.63668,24.34636],[120.63643,24.34645],[120.63591,24.34834],[120.6357,24.34866],[120.63496,24.34947],[120.6343,24.35009]]]}},{"type":"Feature","properties":{"c":"66000110021","t":"大甲區","v":"太白里"},"geometry":{"type":"Polygon","coordinates":[[[120.65031,24.36485],[120.64697,24.36613],[120.64644,24.36663],[120.64596,24.36744],[120.64554,24.36775],[120.64762,24.37024],[120.65216,24.37535],[120.65511,24.37881],[120.65797,24.38173],[120.65922,24.38313],[120.66044,24.38216],[120.661,24.38182],[120.66254,24.38144],[120.66343,24.38113],[120.66519,24.38001],[120.66775,24.37864],[120.67004,24.37753],[120.67029,24.37725],[120.67065,24.37597],[120.67151,24.37537],[120.67276,24.37466],[120.67319,24.37451],[120.67406,24.37435],[120.67541,24.37393],[120.67617,24.37324],[120.67794,24.37213],[120.67849,24.37154],[120.67931,24.37038],[120.68002,24.36983],[120.68111,24.36936],[120.68337,24.36892],[120.68366,24.36869],[120.68408,24.36802],[120.68419,24.36772],[120.6856,24.3667],[120.68751,24.3661],[120.68831,24.36567],[120.68873,24.36531],[120.68964,24.36416],[120.69072,24.36354],[120.69195,24.36226],[120.69205,24.36207],[120.69217,24.3615],[120.69212,24.36053],[120.68862,24.36119],[120.68437,24.36226],[120.68393,24.35889],[120.68377,24.35853],[120.68349,24.35835],[120.68334,24.35834],[120.65804,24.36215],[120.65757,24.36215],[120.65593,24.36257],[120.65565,24.36249],[120.65532,24.36216],[120.65231,24.36384],[120.65126,24.36458],[120.6507,24.36474],[120.65031,24.36485]]]}},{"type":"Feature","properties":{"c":"66000110022","t":"大甲區","v":"孟春里"},"geometry":{"type":"Polygon","coordinates":[[[120.63672,24.38744],[120.63752,24.38817],[120.63791,24.38833],[120.63849,24.38869],[120.63906,24.38868],[120.63958,24.38847],[120.63969,24.38848],[120.63977,24.38858],[120.63981,24.39145],[120.64006,24.39271],[120.64045,24.39324],[120.64195,24.39395],[120.64384,24.3946],[120.64456,24.39468],[120.64585,24.39466],[120.64891,24.39437],[120.64919,24.39377],[120.64945,24.39295],[120.65067,24.38982],[120.65197,24.3858],[120.65217,24.38557],[120.65248,24.38525],[120.6528,24.38512],[120.65316,24.38507],[120.6557,24.38527],[120.65606,24.3852],[120.65922,24.38313],[120.65797,24.38173],[120.65511,24.37881],[120.65216,24.37535],[120.64762,24.37024],[120.64554,24.36775],[120.64255,24.36988],[120.63831,24.37408],[120.63674,24.37515],[120.63601,24.37585],[120.6358,24.37616],[120.63822,24.37726],[120.63376,24.38488],[120.63505,24.38595],[120.63672,24.38744]]]}},{"type":"Feature","properties":{"c":"66000110023","t":"大甲區","v":"幸福里"},"geometry":{"type":"Polygon","coordinates":[[[120.66758,24.39601],[120.66862,24.39477],[120.66904,24.39447],[120.66939,24.3936],[120.66957,24.39277],[120.6698,24.39234],[120.67011,24.39196],[120.6709,24.39121],[120.67135,24.39105],[120.67228,24.39134],[120.67274,24.39121],[120.67315,24.39099],[120.67357,24.39065],[120.67423,24.38976],[120.67547,24.3889],[120.67568,24.38857],[120.67593,24.38837],[120.67632,24.38824],[120.67688,24.38778],[120.67722,24.38772],[120.67752,24.38757],[120.67781,24.38754],[120.67803,24.38745],[120.67849,24.38708],[120.67865,24.38707],[120.67821,24.38594],[120.67731,24.38455],[120.67728,24.38416],[120.6774,24.38403],[120.67877,24.38314],[120.68575,24.3789],[120.68658,24.37803],[120.68737,24.37696],[120.68759,24.37642],[120.68803,24.37575],[120.68825,24.37558],[120.68854,24.37497],[120.68895,24.37473],[120.68977,24.3745],[120.68995,24.37434],[120.69028,24.37356],[120.69057,24.37236],[120.69071,24.37208],[120.69093,24.37189],[120.69122,24.37121],[120.6915,24.36994],[120.6921,24.3679],[120.69233,24.36754],[120.69257,24.3673],[120.69337,24.36676],[120.69407,24.36647],[120.69474,24.36634],[120.6961,24.36561],[120.69816,24.36491],[120.69875,24.36447],[120.7001,24.36317],[120.7032,24.36188],[120.70341,24.3618],[120.70428,24.36172],[120.70743,24.36173],[120.70746,24.36165],[120.70723,24.36045],[120.70721,24.35945],[120.7073,24.35787],[120.70576,24.35828],[120.70481,24.35866],[120.70359,24.35905],[120.70144,24.3595],[120.69607,24.35999],[120.69212,24.36053],[120.69217,24.3615],[120.69205,24.36207],[120.69195,24.36226],[120.69072,24.36354],[120.68964,24.36416],[120.68873,24.36531],[120.68831,24.36567],[120.68751,24.3661],[120.6856,24.3667],[120.68419,24.36772],[120.68408,24.36802],[120.68366,24.36869],[120.68337,24.36892],[120.68111,24.36936],[120.68002,24.36983],[120.67931,24.37038],[120.67849,24.37154],[120.67794,24.37213],[120.67617,24.37324],[120.67541,24.37393],[120.67406,24.37435],[120.67319,24.37451],[120.67276,24.37466],[120.67151,24.37537],[120.67065,24.37597],[120.67029,24.37725],[120.67004,24.37753],[120.66775,24.37864],[120.66519,24.38001],[120.66343,24.38113],[120.66254,24.38144],[120.661,24.38182],[120.66044,24.38216],[120.65897,24.38331],[120.65606,24.3852],[120.6557,24.38527],[120.65361,24.38509],[120.6528,24.38512],[120.65248,24.38525],[120.65197,24.3858],[120.65113,24.38838],[120.65161,24.38853],[120.65232,24.38885],[120.6531,24.38957],[120.65707,24.39496],[120.65922,24.39799],[120.65929,24.39833],[120.66079,24.39988],[120.66137,24.40021],[120.66137,24.40052],[120.66143,24.40064],[120.66236,24.40086],[120.66276,24.40111],[120.66428,24.40168],[120.66573,24.40027],[120.66573,24.40001],[120.66589,24.39944],[120.66617,24.3989],[120.66644,24.39858],[120.66679,24.39828],[120.66719,24.39805],[120.66741,24.39783],[120.66743,24.39761],[120.66734,24.39732],[120.66732,24.39677],[120.66748,24.39619],[120.66758,24.39601]]]}},{"type":"Feature","properties":{"c":"66000110024","t":"大甲區","v":"日南里"},"geometry":{"type":"Polygon","coordinates":[[[120.65799,24.40672],[120.65821,24.4066],[120.65912,24.40571],[120.6597,24.40524],[120.66211,24.40354],[120.66363,24.40231],[120.66428,24.40168],[120.66276,24.40111],[120.66236,24.40086],[120.66165,24.40072],[120.66138,24.40059],[120.66137,24.40021],[120.66079,24.39988],[120.65929,24.39833],[120.65922,24.39799],[120.65707,24.39496],[120.6531,24.38957],[120.65232,24.38885],[120.65161,24.38853],[120.65113,24.38838],[120.65067,24.38982],[120.64945,24.39295],[120.64919,24.39377],[120.64877,24.39477],[120.648,24.39597],[120.64759,24.39653],[120.64674,24.39745],[120.64191,24.40152],[120.64142,24.40228],[120.64134,24.40255],[120.6413,24.40347],[120.64144,24.40399],[120.64339,24.40859],[120.64345,24.40883],[120.64347,24.4099],[120.64288,24.41644],[120.64304,24.41678],[120.64334,24.41637],[120.64351,24.41597],[120.64354,24.41565],[120.64334,24.41534],[120.64353,24.41512],[120.64389,24.41486],[120.64482,24.41476],[120.64529,24.41453],[120.64543,24.41414],[120.64571,24.41368],[120.64567,24.41303],[120.64577,24.41262],[120.64607,24.41219],[120.6469,24.4119],[120.6472,24.41192],[120.64753,24.41181],[120.6483,24.41116],[120.6484,24.41088],[120.64839,24.41072],[120.64814,24.41029],[120.64814,24.41013],[120.64829,24.40992],[120.64874,24.40954],[120.64893,24.40948],[120.64922,24.40955],[120.64951,24.40952],[120.65055,24.40935],[120.65078,24.40922],[120.65133,24.40868],[120.6519,24.40832],[120.65259,24.40816],[120.65384,24.40772],[120.65469,24.40765],[120.65495,24.40754],[120.65524,24.40758],[120.65572,24.40702],[120.65649,24.407],[120.65689,24.40716],[120.65746,24.40683],[120.65791,24.40673],[120.65799,24.40672]]]}},{"type":"Feature","properties":{"c":"66000110025","t":"大甲區","v":"龍泉里"},"geometry":{"type":"Polygon","coordinates":[[[120.63076,24.39176],[120.63063,24.39206],[120.63057,24.39243],[120.63062,24.39276],[120.63088,24.39333],[120.63103,24.39349],[120.63189,24.39384],[120.63242,24.39389],[120.63313,24.39368],[120.63357,24.39381],[120.63305,24.39429],[120.63275,24.39441],[120.63231,24.39472],[120.63205,24.39484],[120.63115,24.39492],[120.63085,24.39505],[120.63007,24.39591],[120.62996,24.39623],[120.62923,24.39677],[120.62885,24.3968],[120.62758,24.39812],[120.62713,24.39821],[120.62835,24.39918],[120.62775,24.40017],[120.62741,24.4006],[120.62694,24.40103],[120.62353,24.4039],[120.62328,24.40415],[120.62312,24.40447],[120.62293,24.40546],[120.62294,24.40619],[120.62414,24.40852],[120.62426,24.40894],[120.62482,24.41259],[120.62485,24.41319],[120.62723,24.41256],[120.62873,24.41187],[120.63174,24.411],[120.63199,24.41073],[120.63534,24.40884],[120.63632,24.40854],[120.63717,24.40857],[120.63777,24.40874],[120.63815,24.40873],[120.63883,24.40853],[120.63905,24.40838],[120.63974,24.40697],[120.64005,24.40664],[120.64083,24.40602],[120.64099,24.40576],[120.64158,24.40429],[120.6413,24.40347],[120.64134,24.40255],[120.64142,24.40228],[120.64191,24.40152],[120.64709,24.3971],[120.64759,24.39653],[120.64844,24.39533],[120.64877,24.39477],[120.64891,24.39437],[120.64585,24.39466],[120.64456,24.39468],[120.64384,24.3946],[120.64195,24.39395],[120.64045,24.39324],[120.64006,24.39271],[120.63981,24.39145],[120.6398,24.38898],[120.63977,24.38858],[120.63969,24.38848],[120.63943,24.38851],[120.63906,24.38868],[120.63849,24.38869],[120.63791,24.38833],[120.63752,24.38817],[120.63505,24.38595],[120.63376,24.38488],[120.63319,24.38589],[120.63234,24.38632],[120.63106,24.39083],[120.63076,24.39176]]]}},{"type":"Feature","properties":{"c":"66000110026","t":"大甲區","v":"西岐里"},"geometry":{"type":"Polygon","coordinates":[[[120.61715,24.42717],[120.61738,24.42702],[120.61807,24.42689],[120.61822,24.42727],[120.61861,24.4275],[120.61968,24.42751],[120.62014,24.42733],[120.6208,24.42725],[120.62126,24.42731],[120.62158,24.42743],[120.62281,24.42751],[120.62401,24.42609],[120.62522,24.42519],[120.62561,24.42507],[120.62603,24.42484],[120.62624,24.42409],[120.62637,24.42392],[120.62747,24.42334],[120.62845,24.42316],[120.62935,24.42278],[120.62959,24.42253],[120.63015,24.42169],[120.63064,24.4213],[120.63068,24.42],[120.63093,24.41934],[120.63194,24.41809],[120.6324,24.41764],[120.63348,24.41615],[120.6336,24.4161],[120.63484,24.41615],[120.63499,24.41619],[120.63543,24.41663],[120.63568,24.41674],[120.63606,24.41668],[120.63711,24.416],[120.63792,24.41561],[120.63823,24.41549],[120.63873,24.41543],[120.6392,24.41527],[120.63943,24.41509],[120.63993,24.41452],[120.64001,24.41396],[120.64079,24.41194],[120.64108,24.41135],[120.64116,24.41077],[120.64143,24.41008],[120.6423,24.40925],[120.64339,24.40859],[120.64158,24.40429],[120.64083,24.40602],[120.64005,24.40664],[120.63974,24.40697],[120.63905,24.40838],[120.63883,24.40853],[120.63815,24.40873],[120.63777,24.40874],[120.63717,24.40857],[120.63632,24.40854],[120.63534,24.40884],[120.63199,24.41073],[120.63174,24.411],[120.62873,24.41187],[120.62723,24.41256],[120.62485,24.41319],[120.6247,24.41384],[120.62433,24.41438],[120.62277,24.41566],[120.62165,24.41639],[120.62105,24.41662],[120.62062,24.41662],[120.61932,24.41639],[120.61879,24.41648],[120.61607,24.41824],[120.61585,24.41855],[120.61551,24.41973],[120.61461,24.42104],[120.61291,24.42322],[120.61249,24.42401],[120.61222,24.42597],[120.61157,24.42663],[120.61147,24.42682],[120.61207,24.42732],[120.61343,24.42781],[120.61466,24.42874],[120.61471,24.42921],[120.6149,24.42891],[120.61511,24.42881],[120.61517,24.42865],[120.61715,24.42717]]]}},{"type":"Feature","properties":{"c":"66000110027","t":"大甲區","v":"銅安里"},"geometry":{"type":"Polygon","coordinates":[[[120.63966,24.42777],[120.63981,24.42726],[120.63991,24.42625],[120.64024,24.42538],[120.64022,24.42436],[120.64029,24.42412],[120.64058,24.42369],[120.6411,24.42312],[120.6421,24.42253],[120.64289,24.42181],[120.6432,24.42171],[120.64287,24.41846],[120.64285,24.41755],[120.64292,24.41687],[120.64304,24.41678],[120.64288,24.41644],[120.64294,24.41541],[120.64347,24.4099],[120.64348,24.40929],[120.64339,24.40859],[120.6423,24.40925],[120.64143,24.41008],[120.64116,24.41077],[120.64108,24.41135],[120.64079,24.41194],[120.64001,24.41396],[120.63993,24.41452],[120.63943,24.41509],[120.6392,24.41527],[120.63873,24.41543],[120.63823,24.41549],[120.63792,24.41561],[120.63711,24.416],[120.63606,24.41668],[120.63568,24.41674],[120.63543,24.41663],[120.63499,24.41619],[120.63484,24.41615],[120.6336,24.4161],[120.63348,24.41615],[120.6324,24.41764],[120.63194,24.41809],[120.63093,24.41934],[120.63068,24.42],[120.63064,24.4213],[120.63015,24.42169],[120.62974,24.42236],[120.62935,24.42278],[120.62845,24.42316],[120.6278,24.42325],[120.62708,24.42354],[120.62815,24.42452],[120.62845,24.42501],[120.62881,24.42636],[120.62882,24.42681],[120.62871,24.42741],[120.62888,24.4278],[120.62968,24.42869],[120.63199,24.43162],[120.6328,24.43195],[120.63321,24.43178],[120.63344,24.43158],[120.63441,24.43118],[120.63498,24.43078],[120.63531,24.43045],[120.63639,24.42978],[120.63758,24.42924],[120.63794,24.42887],[120.63849,24.42846],[120.63952,24.42789],[120.63966,24.42777]]]}},{"type":"Feature","properties":{"c":"66000110028","t":"大甲區","v":"福德里"},"geometry":{"type":"Polygon","coordinates":[[[120.62821,24.43807],[120.62842,24.438],[120.6286,24.43804],[120.62868,24.43795],[120.62915,24.43713],[120.62921,24.43657],[120.62942,24.43615],[120.63016,24.43518],[120.63036,24.43497],[120.631,24.43461],[120.63113,24.43446],[120.63139,24.43364],[120.6317,24.43316],[120.6319,24.43262],[120.6328,24.43195],[120.63199,24.43162],[120.62968,24.42869],[120.62888,24.4278],[120.62871,24.42741],[120.62882,24.42681],[120.62881,24.42636],[120.62845,24.42501],[120.62815,24.42452],[120.62708,24.42354],[120.62637,24.42392],[120.62624,24.42409],[120.62603,24.42484],[120.62561,24.42507],[120.62522,24.42519],[120.62401,24.42609],[120.62281,24.42751],[120.62158,24.42743],[120.62126,24.42731],[120.6208,24.42725],[120.62014,24.42733],[120.61968,24.42751],[120.61861,24.4275],[120.61822,24.42727],[120.61807,24.42689],[120.61729,24.42705],[120.61517,24.42865],[120.61511,24.42881],[120.61487,24.42894],[120.61471,24.42921],[120.61487,24.43077],[120.61519,24.4321],[120.61586,24.43307],[120.61682,24.4337],[120.61769,24.43377],[120.61856,24.43415],[120.61929,24.43489],[120.62132,24.43968],[120.62186,24.44029],[120.6263,24.43914],[120.62671,24.43884],[120.62743,24.43862],[120.62795,24.43816],[120.62821,24.43807]]]}},{"type":"Feature","properties":{"c":"66000110029","t":"大甲區","v":"建興里"},"geometry":{"type":"Polygon","coordinates":[[[120.60262,24.41557],[120.60444,24.41695],[120.60627,24.41823],[120.60757,24.41953],[120.60934,24.42215],[120.6102,24.4233],[120.61024,24.4244],[120.61013,24.42527],[120.61027,24.42586],[120.61147,24.42682],[120.61157,24.42663],[120.61222,24.42597],[120.61249,24.42401],[120.61291,24.42322],[120.61461,24.42104],[120.61551,24.41973],[120.61585,24.41855],[120.61607,24.41824],[120.61879,24.41648],[120.61932,24.41639],[120.62062,24.41662],[120.62105,24.41662],[120.62129,24.41656],[120.6219,24.41623],[120.62277,24.41566],[120.62433,24.41438],[120.62451,24.41417],[120.6248,24.41354],[120.62486,24.41314],[120.62482,24.41259],[120.62426,24.40894],[120.62414,24.40852],[120.62294,24.40619],[120.62293,24.40546],[120.62312,24.40447],[120.62328,24.40415],[120.62353,24.4039],[120.62694,24.40103],[120.62741,24.4006],[120.62775,24.40017],[120.62835,24.39918],[120.62713,24.39821],[120.62758,24.39812],[120.62885,24.3968],[120.62923,24.39677],[120.62996,24.39623],[120.63007,24.39591],[120.63085,24.39505],[120.63115,24.39492],[120.63205,24.39484],[120.63231,24.39472],[120.63275,24.39441],[120.63305,24.39429],[120.63357,24.39381],[120.63313,24.39368],[120.63242,24.39389],[120.63189,24.39384],[120.63147,24.3937],[120.63103,24.39349],[120.63088,24.39333],[120.63062,24.39276],[120.63057,24.39243],[120.63063,24.39206],[120.63132,24.38996],[120.63234,24.38632],[120.62875,24.38791],[120.62765,24.38858],[120.62544,24.38965],[120.62416,24.39043],[120.62233,24.39172],[120.62106,24.3925],[120.61948,24.3932],[120.61834,24.39349],[120.61617,24.39418],[120.61407,24.39526],[120.61212,24.3969],[120.61121,24.39774],[120.60984,24.39876],[120.60917,24.39939],[120.60847,24.39975],[120.60823,24.39995],[120.59716,24.40636],[120.5977,24.40676],[120.59885,24.40785],[120.59971,24.41041],[120.60177,24.41452],[120.60262,24.41557]]]}},{"type":"Feature","properties":{"c":"66000120001","t":"清水區","v":"鰲峰里"},"geometry":{"type":"Polygon","coordinates":[[[120.57693,24.26598],[120.57916,24.27023],[120.57919,24.27049],[120.5791,24.27085],[120.57882,24.2707],[120.57866,24.27078],[120.57873,24.27161],[120.57864,24.27297],[120.57842,24.27326],[120.57889,24.27424],[120.57939,24.27424],[120.58049,24.27279],[120.58103,24.2724],[120.58163,24.27223],[120.58237,24.2724],[120.58322,24.27284],[120.5841,24.27345],[120.58459,24.27396],[120.58482,24.2698],[120.58468,24.26838],[120.58377,24.26863],[120.58312,24.26898],[120.58292,24.26897],[120.58294,24.26726],[120.58256,24.26611],[120.5822,24.26561],[120.57836,24.26325],[120.57649,24.26187],[120.57605,24.26174],[120.57574,24.26195],[120.57555,24.26224],[120.57537,24.26285],[120.57693,24.26598]]]}},{"type":"Feature","properties":{"c":"66000120002","t":"清水區","v":"靈泉里"},"geometry":{"type":"Polygon","coordinates":[[[120.57693,24.26598],[120.57537,24.26285],[120.57528,24.26309],[120.57506,24.26333],[120.57492,24.26334],[120.57465,24.26323],[120.57581,24.26628],[120.57692,24.26886],[120.5772,24.26902],[120.57792,24.26902],[120.57813,24.26926],[120.57856,24.2703],[120.57882,24.2707],[120.5791,24.27085],[120.57919,24.27049],[120.57914,24.27015],[120.57733,24.26669],[120.57693,24.26598]]]}},{"type":"Feature","properties":{"c":"66000120003","t":"清水區","v":"清水里"},"geometry":{"type":"Polygon","coordinates":[[[120.56977,24.2614],[120.56997,24.26218],[120.5708,24.26441],[120.57173,24.26443],[120.57218,24.26402],[120.57247,24.26426],[120.57282,24.26509],[120.57337,24.26535],[120.57433,24.26768],[120.57487,24.26751],[120.57561,24.26942],[120.57669,24.26911],[120.57689,24.2692],[120.57724,24.27032],[120.57777,24.2704],[120.57811,24.27037],[120.57866,24.27078],[120.57882,24.2707],[120.57856,24.2703],[120.57813,24.26926],[120.57792,24.26902],[120.5772,24.26902],[120.57692,24.26886],[120.57581,24.26628],[120.57465,24.26323],[120.57343,24.26263],[120.57313,24.26227],[120.57273,24.26143],[120.57242,24.26042],[120.57234,24.26003],[120.57234,24.25893],[120.56926,24.25915],[120.56933,24.25994],[120.56977,24.2614]]]}},{"type":"Feature","properties":{"c":"66000120004","t":"清水區","v":"文昌里"},"geometry":{"type":"Polygon","coordinates":[[[120.57677,24.27226],[120.57619,24.27082],[120.57642,24.27075],[120.57643,24.27056],[120.57724,24.27032],[120.57689,24.2692],[120.57669,24.26911],[120.57561,24.26942],[120.57593,24.27014],[120.57429,24.27067],[120.57538,24.2721],[120.5758,24.27203],[120.57608,24.27207],[120.57672,24.27227],[120.57677,24.27226]]]}},{"type":"Feature","properties":{"c":"66000120005","t":"清水區","v":"南寧里"},"geometry":{"type":"Polygon","coordinates":[[[120.57429,24.27067],[120.57593,24.27014],[120.57487,24.26751],[120.57433,24.26768],[120.57337,24.26535],[120.57282,24.26509],[120.57247,24.26426],[120.57218,24.26402],[120.57173,24.26443],[120.5708,24.26441],[120.57135,24.26594],[120.57123,24.26656],[120.57079,24.26747],[120.5707,24.26786],[120.57128,24.26968],[120.57211,24.27143],[120.57376,24.27117],[120.57429,24.27067]]]}},{"type":"Feature","properties":{"c":"66000120006","t":"清水區","v":"西寧里"},"geometry":{"type":"Polygon","coordinates":[[[120.5756,24.27828],[120.5771,24.27563],[120.57728,24.2747],[120.57732,24.27373],[120.57677,24.27226],[120.57661,24.27227],[120.57608,24.27207],[120.5758,24.27203],[120.57538,24.2721],[120.57429,24.27067],[120.57376,24.27117],[120.57211,24.27143],[120.57234,24.27201],[120.57251,24.2738],[120.57247,24.27484],[120.5729,24.2763],[120.57328,24.27688],[120.57547,24.27821],[120.5756,24.27828]]]}},{"type":"Feature","properties":{"c":"66000120007","t":"清水區","v":"北寧里"},"geometry":{"type":"Polygon","coordinates":[[[120.57939,24.27424],[120.57889,24.27424],[120.57842,24.27326],[120.57864,24.27297],[120.57873,24.27161],[120.57809,24.27182],[120.57805,24.27171],[120.57738,24.27194],[120.57731,24.27191],[120.57726,24.27166],[120.57698,24.27147],[120.57646,24.27149],[120.57732,24.27373],[120.57728,24.2747],[120.5771,24.27563],[120.5756,24.27828],[120.57746,24.27683],[120.57794,24.27631],[120.57929,24.27437],[120.57939,24.27424]]]}},{"type":"Feature","properties":{"c":"66000120008","t":"清水區","v":"中興里"},"geometry":{"type":"Polygon","coordinates":[[[120.57873,24.27161],[120.57866,24.27078],[120.57811,24.27037],[120.57777,24.2704],[120.57714,24.27034],[120.57643,24.27056],[120.57642,24.27075],[120.57619,24.27082],[120.57646,24.27149],[120.57698,24.27147],[120.57726,24.27166],[120.57731,24.27191],[120.57738,24.27194],[120.57805,24.27171],[120.57809,24.27182],[120.57873,24.27161]]]}},{"type":"Feature","properties":{"c":"66000120009","t":"清水區","v":"西社里"},"geometry":{"type":"Polygon","coordinates":[[[120.57247,24.27484],[120.57251,24.2738],[120.57234,24.27201],[120.57128,24.26968],[120.56862,24.2687],[120.56783,24.26814],[120.56632,24.26777],[120.56319,24.26745],[120.56311,24.26784],[120.56132,24.26736],[120.56249,24.27019],[120.56223,24.27033],[120.56197,24.27037],[120.56149,24.27025],[120.56145,24.27122],[120.56118,24.27187],[120.5609,24.27236],[120.56123,24.27238],[120.56316,24.27175],[120.5644,24.27142],[120.56546,24.27146],[120.56637,24.2717],[120.56683,24.27208],[120.56806,24.2716],[120.56815,24.27166],[120.56837,24.27214],[120.56885,24.27288],[120.5696,24.2738],[120.57037,24.2735],[120.57107,24.27413],[120.57131,24.27409],[120.57189,24.27426],[120.57244,24.27473],[120.57247,24.27484]]]}},{"type":"Feature","properties":{"c":"66000120010","t":"清水區","v":"南社里"},"geometry":{"type":"Polygon","coordinates":[[[120.55033,24.26209],[120.55282,24.26823],[120.55624,24.26833],[120.55675,24.26658],[120.55896,24.26699],[120.55925,24.26713],[120.55954,24.26749],[120.55992,24.26757],[120.56038,24.26738],[120.5606,24.26715],[120.56311,24.26784],[120.56319,24.26745],[120.56632,24.26777],[120.56783,24.26814],[120.56862,24.2687],[120.57128,24.26968],[120.5707,24.26786],[120.57079,24.26747],[120.57123,24.26656],[120.57135,24.26594],[120.56997,24.26218],[120.56933,24.25994],[120.56926,24.25915],[120.56864,24.2591],[120.56768,24.25883],[120.56639,24.25831],[120.56515,24.25806],[120.56318,24.25787],[120.56181,24.25795],[120.56026,24.25783],[120.55865,24.25818],[120.55837,24.25829],[120.55813,24.25849],[120.54972,24.26045],[120.55033,24.26209]]]}},{"type":"Feature","properties":{"c":"66000120011","t":"清水區","v":"裕嘉里"},"geometry":{"type":"Polygon","coordinates":[[[120.57192,24.2993],[120.57445,24.30035],[120.57457,24.3003],[120.57563,24.30025],[120.57566,24.30001],[120.57518,24.29904],[120.57444,24.29817],[120.57358,24.29695],[120.57301,24.2959],[120.5719,24.29357],[120.57148,24.29199],[120.57133,24.29077],[120.57245,24.28858],[120.57107,24.2889],[120.56851,24.28423],[120.56769,24.28426],[120.56731,24.28434],[120.56685,24.28468],[120.56645,24.2851],[120.56582,24.28523],[120.56369,24.28485],[120.56318,24.28495],[120.56272,24.28513],[120.56192,24.28582],[120.56228,24.28744],[120.56273,24.28873],[120.56306,24.2894],[120.56468,24.29056],[120.56498,24.2912],[120.5666,24.29078],[120.56682,24.2912],[120.56685,24.29146],[120.56744,24.29239],[120.56716,24.29251],[120.56712,24.29262],[120.56712,24.29313],[120.56723,24.29351],[120.56785,24.29415],[120.56871,24.2947],[120.56913,24.29486],[120.56983,24.29574],[120.57074,24.29671],[120.57119,24.29761],[120.57133,24.29835],[120.5718,24.29912],[120.57192,24.2993]]]}},{"type":"Feature","properties":{"c":"66000120012","t":"清水區","v":"臨江里"},"geometry":{"type":"Polygon","coordinates":[[[120.54946,24.2931],[120.5697,24.29855],[120.57192,24.2993],[120.57133,24.29835],[120.57119,24.29761],[120.57074,24.29671],[120.56983,24.29574],[120.56913,24.29486],[120.56871,24.2947],[120.56785,24.29415],[120.56723,24.29351],[120.56712,24.29313],[120.56712,24.29262],[120.56716,24.29251],[120.56744,24.29239],[120.56685,24.29146],[120.56682,24.2912],[120.5666,24.29078],[120.56498,24.2912],[120.56468,24.29056],[120.56306,24.2894],[120.56273,24.28873],[120.56225,24.28729],[120.55694,24.28861],[120.55603,24.28863],[120.55537,24.28897],[120.55436,24.28972],[120.55361,24.29043],[120.55214,24.29148],[120.55021,24.29252],[120.55038,24.29263],[120.54946,24.2931]]]}},{"type":"Feature","properties":{"c":"66000120013","t":"清水區","v":"秀水里"},"geometry":{"type":"Polygon","coordinates":[[[120.56221,24.28556],[120.56272,24.28513],[120.56318,24.28495],[120.56369,24.28485],[120.56582,24.28523],[120.56645,24.2851],[120.56685,24.28468],[120.56731,24.28434],[120.56769,24.28426],[120.56851,24.28423],[120.56707,24.28161],[120.56586,24.28043],[120.56537,24.28024],[120.56477,24.27983],[120.56429,24.27931],[120.56413,24.27877],[120.56446,24.27736],[120.56574,24.27299],[120.56643,24.27231],[120.56683,24.27208],[120.56637,24.2717],[120.56546,24.27146],[120.5644,24.27142],[120.56316,24.27175],[120.56123,24.27238],[120.55996,24.27231],[120.55952,24.27216],[120.55945,24.27236],[120.55933,24.27244],[120.5589,24.27233],[120.55886,24.27221],[120.55894,24.27192],[120.55847,24.27166],[120.55782,24.2715],[120.55607,24.27165],[120.55559,24.27178],[120.55548,24.27245],[120.55523,24.27259],[120.55209,24.27372],[120.55328,24.27527],[120.55846,24.27335],[120.55974,24.2764],[120.56119,24.27955],[120.56104,24.28111],[120.56133,24.28255],[120.56168,24.2834],[120.56082,24.28404],[120.56141,24.28479],[120.56171,24.28494],[120.56191,24.28537],[120.56209,24.28551],[120.56221,24.28556]]]}},{"type":"Feature","properties":{"c":"66000120014","t":"清水區","v":"武鹿里"},"geometry":{"type":"Polygon","coordinates":[[[120.56225,24.28729],[120.56192,24.28582],[120.56221,24.28556],[120.56197,24.28543],[120.56171,24.28494],[120.56141,24.28479],[120.56082,24.28404],[120.56168,24.2834],[120.56133,24.28255],[120.56104,24.28111],[120.56119,24.27955],[120.55974,24.2764],[120.55846,24.27335],[120.55328,24.27527],[120.55209,24.27372],[120.54651,24.27572],[120.54702,24.27686],[120.54781,24.27927],[120.5498,24.28103],[120.55158,24.28292],[120.55154,24.28367],[120.5514,24.28421],[120.55105,24.2849],[120.55041,24.28548],[120.54912,24.2863],[120.54891,24.28674],[120.5489,24.2874],[120.54904,24.28816],[120.54934,24.28887],[120.54984,24.28974],[120.55023,24.29074],[120.55035,24.29122],[120.55082,24.29219],[120.55214,24.29148],[120.55361,24.29043],[120.55436,24.28972],[120.55537,24.28897],[120.55603,24.28863],[120.55694,24.28861],[120.56149,24.28748],[120.56225,24.28729]]]}},{"type":"Feature","properties":{"c":"66000120015","t":"清水區","v":"海濱里"},"geometry":{"type":"Polygon","coordinates":[[[120.54946,24.2931],[120.55038,24.29263],[120.55021,24.29252],[120.55082,24.29219],[120.55035,24.29122],[120.55023,24.29074],[120.54984,24.28974],[120.54934,24.28887],[120.54904,24.28816],[120.5489,24.2874],[120.54891,24.28674],[120.54912,24.2863],[120.55041,24.28548],[120.55105,24.2849],[120.5514,24.28421],[120.55154,24.28367],[120.55158,24.28292],[120.5498,24.28103],[120.54781,24.27927],[120.54702,24.27686],[120.54651,24.27572],[120.54376,24.27741],[120.5434,24.27784],[120.54295,24.27877],[120.54259,24.27907],[120.53342,24.28242],[120.52667,24.28394],[120.53347,24.28472],[120.53321,24.28666],[120.53346,24.28495],[120.53388,24.28497],[120.53391,24.28479],[120.53532,24.28491],[120.53537,24.285],[120.53549,24.28495],[120.53557,24.2851],[120.53566,24.28511],[120.53582,24.28552],[120.53562,24.2856],[120.53634,24.28731],[120.53653,24.28725],[120.53696,24.28825],[120.53585,24.28869],[120.53502,24.28856],[120.53504,24.28837],[120.53369,24.28822],[120.53317,24.288],[120.53314,24.28784],[120.52197,24.28655],[120.52193,24.28678],[120.52154,24.28676],[120.52152,24.28687],[120.5214,24.28687],[120.52123,24.28819],[120.52104,24.28835],[120.52095,24.28815],[120.52111,24.28686],[120.52102,24.28683],[120.52103,24.28673],[120.51983,24.2866],[120.51841,24.28683],[120.51843,24.28694],[120.5194,24.28678],[120.51945,24.28715],[120.51895,24.28724],[120.51896,24.2873],[120.51947,24.28722],[120.51968,24.28832],[120.51692,24.28923],[120.51621,24.2879],[120.51759,24.28704],[120.51754,24.28694],[120.51591,24.28785],[120.51495,24.28819],[120.51499,24.28828],[120.51552,24.28813],[120.51648,24.29001],[120.51504,24.2907],[120.51409,24.28885],[120.51463,24.28846],[120.51457,24.28834],[120.51388,24.28882],[120.51365,24.28844],[120.51355,24.28847],[120.51418,24.28979],[120.51393,24.2911],[120.51396,24.29141],[120.51407,24.29143],[120.51655,24.29051],[120.51688,24.29051],[120.51806,24.2902],[120.51842,24.29004],[120.51858,24.29012],[120.51868,24.29028],[120.51868,24.29061],[120.5189,24.29077],[120.51865,24.29085],[120.51873,24.29102],[120.51907,24.29095],[120.52134,24.29013],[120.52331,24.29221],[120.52361,24.29277],[120.52218,24.29324],[120.52106,24.29203],[120.521,24.29204],[120.51982,24.29247],[120.52079,24.29354],[120.52077,24.29359],[120.51932,24.29409],[120.51818,24.29281],[120.51771,24.2927],[120.51701,24.29269],[120.51526,24.29321],[120.51481,24.29324],[120.5123,24.29214],[120.51224,24.29202],[120.51245,24.29201],[120.51259,24.29189],[120.51251,24.29174],[120.51236,24.29173],[120.51203,24.29187],[120.5117,24.29192],[120.51105,24.29163],[120.51092,24.2915],[120.5104,24.29135],[120.51032,24.2914],[120.51033,24.29147],[120.51066,24.29166],[120.51084,24.29222],[120.51064,24.2923],[120.51061,24.29242],[120.50809,24.29326],[120.50809,24.29341],[120.51054,24.29257],[120.51061,24.29265],[120.51107,24.2927],[120.51258,24.29395],[120.51358,24.29464],[120.51405,24.29481],[120.51681,24.29846],[120.51756,24.30035],[120.51808,24.30241],[120.51825,24.30422],[120.5186,24.30533],[120.53176,24.30155],[120.53889,24.2994],[120.54583,24.29552],[120.54779,24.29398],[120.54946,24.2931]]]}},{"type":"Feature","properties":{"c":"66000120016","t":"清水區","v":"槺榔里"},"geometry":{"type":"Polygon","coordinates":[[[120.53954,24.27484],[120.54214,24.27383],[120.54435,24.27285],[120.55323,24.26966],[120.55361,24.26943],[120.55426,24.26867],[120.55401,24.26823],[120.55282,24.26823],[120.55072,24.26313],[120.54972,24.26045],[120.54646,24.26117],[120.54519,24.26156],[120.5441,24.26171],[120.54351,24.26207],[120.54195,24.26261],[120.54189,24.26247],[120.54143,24.26264],[120.54125,24.26223],[120.53988,24.26273],[120.54094,24.26523],[120.5328,24.26818],[120.53422,24.27153],[120.53277,24.27206],[120.53274,24.27199],[120.53258,24.27231],[120.53117,24.27334],[120.52885,24.27522],[120.52851,24.27538],[120.52801,24.27545],[120.52731,24.27579],[120.52494,24.27734],[120.52255,24.28141],[120.52987,24.27869],[120.53259,24.27751],[120.53655,24.27607],[120.53762,24.27556],[120.53856,24.27523],[120.53954,24.27484]]]}},{"type":"Feature","properties":{"c":"66000120017","t":"清水區","v":"中社里"},"geometry":{"type":"Polygon","coordinates":[[[120.52256,24.28142],[120.52348,24.28356],[120.52667,24.28394],[120.53342,24.28242],[120.54259,24.27907],[120.54295,24.27877],[120.5434,24.27784],[120.54376,24.27741],[120.54651,24.27572],[120.55523,24.27259],[120.55548,24.27245],[120.55559,24.27178],[120.55607,24.27165],[120.55782,24.2715],[120.55847,24.27166],[120.55894,24.27192],[120.55886,24.27221],[120.55896,24.27238],[120.55941,24.27241],[120.55952,24.27216],[120.55996,24.27231],[120.5609,24.27236],[120.56118,24.27187],[120.56145,24.27122],[120.56149,24.27025],[120.56197,24.27037],[120.56223,24.27033],[120.56249,24.27019],[120.56132,24.26736],[120.5606,24.26715],[120.56038,24.26738],[120.56009,24.26754],[120.55962,24.26752],[120.55947,24.26744],[120.5593,24.26717],[120.55911,24.26704],[120.55675,24.26658],[120.55624,24.26833],[120.55401,24.26823],[120.55426,24.26867],[120.55361,24.26943],[120.55323,24.26966],[120.54435,24.27285],[120.54214,24.27383],[120.53762,24.27556],[120.53655,24.27607],[120.53259,24.27751],[120.52987,24.27869],[120.52281,24.28131],[120.52256,24.28142]]]}},{"type":"Feature","properties":{"c":"66000120018","t":"清水區","v":"高西里"},"geometry":{"type":"Polygon","coordinates":[[[120.55918,24.31497],[120.55918,24.31366],[120.56065,24.30954],[120.56168,24.30786],[120.56173,24.30751],[120.5601,24.30713],[120.55798,24.30596],[120.55742,24.30581],[120.55711,24.30563],[120.55694,24.30526],[120.55683,24.30473],[120.55663,24.30461],[120.55592,24.30461],[120.55551,24.30472],[120.55499,24.30469],[120.55418,24.30488],[120.55342,24.3048],[120.55327,24.30432],[120.55312,24.30426],[120.55285,24.30438],[120.55257,24.30425],[120.55172,24.30461],[120.55182,24.3052],[120.54999,24.30559],[120.54945,24.30579],[120.54591,24.30776],[120.54595,24.30807],[120.54628,24.30839],[120.54649,24.30889],[120.5469,24.31124],[120.54743,24.31205],[120.54787,24.31298],[120.55016,24.31433],[120.55121,24.31479],[120.5527,24.31499],[120.55496,24.31485],[120.5558,24.31435],[120.55685,24.31392],[120.55748,24.31402],[120.55803,24.31429],[120.55918,24.31497]]]}},{"type":"Feature","properties":{"c":"66000120019","t":"清水區","v":"高南里"},"geometry":{"type":"Polygon","coordinates":[[[120.52135,24.31073],[120.52168,24.31186],[120.51946,24.31278],[120.51951,24.31298],[120.51963,24.313],[120.52024,24.3128],[120.5203,24.31269],[120.52191,24.31204],[120.52241,24.31243],[120.52425,24.31337],[120.52497,24.31364],[120.52653,24.31388],[120.52672,24.31386],[120.52672,24.31363],[120.52718,24.31363],[120.52748,24.31376],[120.52804,24.31377],[120.52818,24.31389],[120.52871,24.31376],[120.52873,24.3137],[120.52853,24.31343],[120.52861,24.31322],[120.52903,24.31302],[120.52961,24.31303],[120.53033,24.31263],[120.53044,24.31252],[120.53045,24.31231],[120.53079,24.31238],[120.5312,24.31226],[120.53138,24.31214],[120.53154,24.31216],[120.5318,24.31194],[120.53187,24.31197],[120.53222,24.31183],[120.5332,24.31161],[120.5335,24.31141],[120.53384,24.31047],[120.534,24.31033],[120.53977,24.30728],[120.54211,24.30611],[120.54257,24.30612],[120.54327,24.30659],[120.54352,24.30701],[120.54397,24.3071],[120.54419,24.30689],[120.5443,24.3065],[120.54463,24.3061],[120.54485,24.30597],[120.54538,24.30589],[120.54628,24.30628],[120.54693,24.30623],[120.54727,24.30648],[120.54741,24.3065],[120.5482,24.30631],[120.54828,24.30639],[120.54748,24.30659],[120.54676,24.30645],[120.5462,24.30651],[120.54591,24.30776],[120.54945,24.30579],[120.54999,24.30559],[120.55182,24.3052],[120.55172,24.30461],[120.55257,24.30425],[120.55285,24.30438],[120.55312,24.30426],[120.55327,24.30432],[120.55342,24.3048],[120.55418,24.30488],[120.55499,24.30469],[120.55551,24.30472],[120.55592,24.30461],[120.55663,24.30461],[120.55683,24.30473],[120.55694,24.30526],[120.55711,24.30563],[120.55742,24.30581],[120.55798,24.30596],[120.5601,24.30713],[120.5643,24.30803],[120.56708,24.30817],[120.5687,24.30664],[120.57193,24.30472],[120.57234,24.30402],[120.57292,24.30156],[120.57319,24.3011],[120.57385,24.30064],[120.57445,24.30035],[120.57192,24.2993],[120.5697,24.29855],[120.54946,24.2931],[120.54779,24.29398],[120.54583,24.29552],[120.53889,24.2994],[120.53176,24.30155],[120.5186,24.30533],[120.51895,24.30643],[120.52135,24.31073]]]}},{"type":"Feature","properties":{"c":"66000120020","t":"清水區","v":"高東里"},"geometry":{"type":"Polygon","coordinates":[[[120.58199,24.31765],[120.58695,24.32303],[120.58776,24.32221],[120.58809,24.32177],[120.58919,24.31988],[120.5895,24.31961],[120.59085,24.3188],[120.59115,24.31822],[120.59414,24.31568],[120.59487,24.31531],[120.59521,24.31521],[120.59621,24.31534],[120.59737,24.31526],[120.59932,24.31549],[120.59902,24.31512],[120.59756,24.31413],[120.5943,24.31167],[120.59333,24.31015],[120.57652,24.30281],[120.57284,24.30182],[120.57234,24.30402],[120.57193,24.30472],[120.5687,24.30664],[120.56708,24.30817],[120.56714,24.30906],[120.56754,24.31005],[120.56807,24.3106],[120.56901,24.3114],[120.56999,24.31188],[120.57213,24.31229],[120.57294,24.31263],[120.57371,24.31316],[120.57454,24.31347],[120.57602,24.31369],[120.57659,24.31406],[120.57692,24.31452],[120.57849,24.31502],[120.57923,24.31539],[120.58111,24.31692],[120.58199,24.31765]]]}},{"type":"Feature","properties":{"c":"66000120021","t":"清水區","v":"高北里"},"geometry":{"type":"Polygon","coordinates":[[[120.54684,24.32335],[120.54913,24.32351],[120.55157,24.3236],[120.55173,24.32365],[120.55239,24.32424],[120.55303,24.32457],[120.55304,24.32465],[120.55278,24.3245],[120.55262,24.32452],[120.55162,24.32523],[120.55169,24.32525],[120.55192,24.32507],[120.55205,24.32505],[120.55201,24.32519],[120.55212,24.32541],[120.55181,24.3255],[120.55191,24.32567],[120.55188,24.32582],[120.55259,24.32573],[120.55281,24.32581],[120.5528,24.32587],[120.55198,24.32611],[120.55225,24.32633],[120.55241,24.32655],[120.55278,24.3267],[120.5525,24.3267],[120.55186,24.32648],[120.55107,24.32647],[120.55107,24.32652],[120.5518,24.32663],[120.55154,24.32667],[120.55151,24.3268],[120.55097,24.32671],[120.55128,24.32688],[120.55133,24.32702],[120.55097,24.32709],[120.55103,24.32726],[120.55124,24.32736],[120.55076,24.32781],[120.55099,24.32796],[120.55127,24.32793],[120.55155,24.32806],[120.55165,24.32824],[120.55121,24.32879],[120.5506,24.32899],[120.55024,24.32966],[120.55054,24.32965],[120.55143,24.32939],[120.55154,24.32977],[120.55173,24.32989],[120.55174,24.32996],[120.55165,24.33001],[120.55104,24.33005],[120.55089,24.33017],[120.55109,24.3301],[120.55118,24.33013],[120.55118,24.33021],[120.55137,24.33021],[120.55137,24.33028],[120.55184,24.33028],[120.55245,24.33011],[120.55209,24.33037],[120.55263,24.3302],[120.55272,24.33028],[120.55306,24.33015],[120.55307,24.33024],[120.55296,24.33035],[120.55267,24.3304],[120.55303,24.33048],[120.55339,24.33025],[120.55339,24.33034],[120.55425,24.33011],[120.5536,24.33052],[120.55294,24.33078],[120.55184,24.33072],[120.55133,24.33079],[120.55105,24.3309],[120.55113,24.33094],[120.55147,24.33087],[120.55179,24.33089],[120.55178,24.33102],[120.55192,24.33107],[120.55186,24.33121],[120.55207,24.33109],[120.5522,24.33123],[120.55251,24.33116],[120.5525,24.33136],[120.5528,24.33109],[120.55296,24.33109],[120.55323,24.33096],[120.55329,24.33098],[120.55311,24.33112],[120.55358,24.33103],[120.55289,24.33136],[120.55182,24.33201],[120.55124,24.33219],[120.55268,24.33214],[120.5531,24.33233],[120.55367,24.33218],[120.55347,24.33233],[120.55234,24.33277],[120.55235,24.33282],[120.55267,24.33288],[120.5522,24.33296],[120.55184,24.33335],[120.55166,24.33368],[120.5517,24.33407],[120.55814,24.33363],[120.56051,24.33307],[120.56261,24.33272],[120.56535,24.33246],[120.5668,24.33245],[120.56931,24.33231],[120.57069,24.33214],[120.57362,24.33195],[120.57737,24.3321],[120.57989,24.33199],[120.58019,24.33183],[120.58125,24.33077],[120.58161,24.33029],[120.58261,24.32947],[120.58346,24.32857],[120.58369,24.32777],[120.58402,24.32558],[120.58415,24.32535],[120.58485,24.32476],[120.58626,24.32381],[120.58695,24.32303],[120.58199,24.31765],[120.58022,24.31624],[120.57972,24.31636],[120.57455,24.3167],[120.57129,24.31668],[120.56904,24.3166],[120.56697,24.31613],[120.5666,24.3163],[120.56526,24.31634],[120.56199,24.31604],[120.56107,24.31584],[120.5601,24.31545],[120.55748,24.31402],[120.55685,24.31392],[120.5558,24.31435],[120.55496,24.31485],[120.5527,24.31499],[120.55121,24.31479],[120.55016,24.31433],[120.54787,24.31298],[120.54809,24.31344],[120.5483,24.31413],[120.54863,24.31477],[120.54894,24.31508],[120.54972,24.31541],[120.54989,24.31568],[120.55017,24.31597],[120.55019,24.31615],[120.55005,24.31619],[120.54918,24.31597],[120.5487,24.31613],[120.54841,24.31654],[120.54806,24.31754],[120.54778,24.31781],[120.5468,24.31847],[120.54655,24.31884],[120.54601,24.31943],[120.5455,24.31988],[120.54498,24.32018],[120.54332,24.32077],[120.54279,24.32088],[120.54168,24.32092],[120.54068,24.32077],[120.54028,24.32061],[120.54017,24.3205],[120.54014,24.32034],[120.54024,24.32009],[120.54012,24.32003],[120.53992,24.32016],[120.5397,24.32021],[120.53879,24.32093],[120.53882,24.32107],[120.5392,24.3212],[120.53922,24.32129],[120.539,24.3218],[120.53894,24.32222],[120.53874,24.32255],[120.53875,24.32264],[120.53907,24.32281],[120.53946,24.32292],[120.54098,24.32301],[120.54175,24.32363],[120.54231,24.32389],[120.54243,24.32385],[120.5424,24.32373],[120.54216,24.32346],[120.54173,24.32312],[120.54173,24.32307],[120.54242,24.3232],[120.54436,24.3232],[120.54604,24.32337],[120.54684,24.32335]]]}},{"type":"Feature","properties":{"c":"66000120022","t":"清水區","v":"高美里"},"geometry":{"type":"Polygon","coordinates":[[[120.58022,24.31624],[120.5798,24.31583],[120.57923,24.31539],[120.57849,24.31502],[120.57692,24.31452],[120.57659,24.31406],[120.57602,24.31369],[120.57454,24.31347],[120.57371,24.31316],[120.57294,24.31263],[120.57213,24.31229],[120.56999,24.31188],[120.56901,24.3114],[120.56807,24.3106],[120.56754,24.31005],[120.56714,24.30906],[120.56708,24.30817],[120.5643,24.30803],[120.56173,24.30751],[120.56168,24.30786],[120.56065,24.30954],[120.55918,24.31366],[120.55918,24.31497],[120.5601,24.31545],[120.56107,24.31584],[120.56199,24.31604],[120.56526,24.31634],[120.5666,24.3163],[120.56697,24.31613],[120.56904,24.3166],[120.57129,24.31668],[120.57455,24.3167],[120.57972,24.31636],[120.58022,24.31624]]]}},{"type":"Feature","properties":{"c":"66000120023","t":"清水區","v":"國姓里"},"geometry":{"type":"Polygon","coordinates":[[[120.57284,24.30182],[120.57652,24.30281],[120.58879,24.30815],[120.58843,24.30303],[120.58745,24.30147],[120.58577,24.29804],[120.5853,24.29752],[120.58376,24.29675],[120.58332,24.29619],[120.58305,24.2955],[120.58281,24.29544],[120.58252,24.29556],[120.5821,24.29507],[120.58153,24.29491],[120.58141,24.29478],[120.58134,24.29465],[120.58134,24.29432],[120.58165,24.29401],[120.58169,24.29358],[120.58162,24.29343],[120.5807,24.29218],[120.57977,24.29165],[120.57949,24.29127],[120.57877,24.2899],[120.57844,24.28941],[120.57835,24.28935],[120.57792,24.28933],[120.57747,24.28889],[120.57733,24.28822],[120.57712,24.28767],[120.5761,24.28634],[120.57547,24.28605],[120.57508,24.28626],[120.57438,24.28627],[120.57413,24.28598],[120.57402,24.28594],[120.57313,24.28723],[120.57278,24.28748],[120.57234,24.28772],[120.57164,24.28792],[120.5706,24.28805],[120.57107,24.2889],[120.57245,24.28858],[120.57133,24.29077],[120.57148,24.29199],[120.5719,24.29357],[120.57301,24.2959],[120.57358,24.29695],[120.57444,24.29817],[120.57518,24.29904],[120.57566,24.30001],[120.57563,24.30025],[120.57457,24.3003],[120.57385,24.30064],[120.57319,24.3011],[120.57292,24.30156],[120.57284,24.30182]]]}},{"type":"Feature","properties":{"c":"66000120024","t":"清水區","v":"菁埔里"},"geometry":{"type":"Polygon","coordinates":[[[120.59333,24.31015],[120.5943,24.31167],[120.59756,24.31413],[120.59902,24.31512],[120.59932,24.31549],[120.59985,24.31522],[120.60162,24.31504],[120.60377,24.31538],[120.60549,24.31551],[120.60751,24.31598],[120.60815,24.31593],[120.60971,24.31562],[120.60961,24.3153],[120.60815,24.31379],[120.60723,24.31314],[120.60488,24.3119],[120.60427,24.31116],[120.60317,24.30882],[120.60285,24.30825],[120.60241,24.30764],[120.60213,24.30672],[120.60074,24.30378],[120.60054,24.30347],[120.60018,24.30317],[120.60015,24.30257],[120.59964,24.30233],[120.59904,24.3018],[120.59791,24.30056],[120.59716,24.29983],[120.59475,24.29872],[120.59359,24.29864],[120.58982,24.29484],[120.58866,24.29331],[120.58817,24.29354],[120.58759,24.29367],[120.58792,24.29422],[120.58795,24.29432],[120.58785,24.29441],[120.58485,24.29554],[120.58403,24.29595],[120.58385,24.29588],[120.58364,24.29592],[120.58327,24.29563],[120.58311,24.29563],[120.58332,24.29619],[120.58376,24.29675],[120.5853,24.29752],[120.58577,24.29804],[120.58745,24.30147],[120.58843,24.30303],[120.58879,24.30815],[120.59333,24.31015]]]}},{"type":"Feature","properties":{"c":"66000120025","t":"清水區","v":"頂湳里"},"geometry":{"type":"Polygon","coordinates":[[[120.60488,24.3119],[120.60723,24.31314],[120.60815,24.31379],[120.60961,24.3153],[120.60971,24.31562],[120.61143,24.31526],[120.61201,24.3152],[120.61338,24.31522],[120.61641,24.31557],[120.6187,24.31553],[120.6209,24.31537],[120.62152,24.31527],[120.62284,24.31494],[120.62406,24.31435],[120.62483,24.31384],[120.62595,24.31292],[120.62671,24.31251],[120.62688,24.31054],[120.62623,24.30893],[120.62606,24.30792],[120.62553,24.30701],[120.62559,24.3052],[120.62548,24.30467],[120.62534,24.30448],[120.62516,24.30438],[120.62399,24.30417],[120.62352,24.30417],[120.62255,24.30449],[120.62173,24.30491],[120.62061,24.30538],[120.61843,24.30576],[120.61342,24.3051],[120.61228,24.30509],[120.61171,24.30501],[120.61128,24.30461],[120.61071,24.30392],[120.60935,24.30307],[120.60756,24.30173],[120.60524,24.3002],[120.60418,24.29903],[120.60318,24.2981],[120.60203,24.2958],[120.60162,24.29481],[120.60125,24.29364],[120.60077,24.29285],[120.59763,24.28941],[120.59727,24.28948],[120.59701,24.28962],[120.59549,24.29048],[120.59516,24.29081],[120.59471,24.29142],[120.5943,24.29163],[120.59273,24.29165],[120.5923,24.29178],[120.59078,24.29247],[120.59025,24.29291],[120.58996,24.29277],[120.58965,24.29238],[120.5894,24.29234],[120.58916,24.29245],[120.58845,24.29297],[120.58891,24.29368],[120.58982,24.29484],[120.59359,24.29864],[120.59475,24.29872],[120.59716,24.29983],[120.59791,24.30056],[120.59904,24.3018],[120.59964,24.30233],[120.60015,24.30257],[120.60018,24.30317],[120.60054,24.30347],[120.60074,24.30378],[120.60213,24.30672],[120.60241,24.30764],[120.60285,24.30825],[120.60317,24.30882],[120.60427,24.31116],[120.60488,24.3119]]]}},{"type":"Feature","properties":{"c":"66000120026","t":"清水區","v":"田寮里"},"geometry":{"type":"Polygon","coordinates":[[[120.58255,24.29556],[120.58277,24.29544],[120.58303,24.29549],[120.58311,24.29563],[120.58327,24.29563],[120.58364,24.29592],[120.58385,24.29588],[120.58403,24.29595],[120.58485,24.29554],[120.58785,24.29441],[120.58795,24.29432],[120.58792,24.29422],[120.58759,24.29367],[120.58743,24.29326],[120.58705,24.2929],[120.58665,24.29228],[120.58612,24.29085],[120.58568,24.29031],[120.58562,24.29014],[120.58542,24.28995],[120.58467,24.28948],[120.58453,24.28946],[120.58419,24.28956],[120.58341,24.28938],[120.58326,24.28928],[120.58293,24.28876],[120.58253,24.28833],[120.5824,24.28799],[120.58199,24.28748],[120.58129,24.28574],[120.58083,24.2851],[120.5807,24.2847],[120.58029,24.28415],[120.58034,24.28375],[120.58009,24.28292],[120.57971,24.28221],[120.57841,24.28047],[120.57793,24.28004],[120.57798,24.27983],[120.57547,24.27821],[120.57475,24.28411],[120.5746,24.28473],[120.5743,24.28545],[120.57402,24.28594],[120.57413,24.28598],[120.57435,24.28627],[120.57508,24.28626],[120.57547,24.28605],[120.5761,24.28634],[120.57712,24.28767],[120.57733,24.28822],[120.57747,24.28889],[120.57792,24.28933],[120.57835,24.28935],[120.57844,24.28941],[120.57877,24.2899],[120.57949,24.29127],[120.57977,24.29165],[120.5807,24.29218],[120.58162,24.29343],[120.58169,24.29358],[120.58165,24.29401],[120.58134,24.2943],[120.58134,24.29465],[120.58153,24.29491],[120.5821,24.29507],[120.58252,24.29556],[120.58255,24.29556]]]}},{"type":"Feature","properties":{"c":"66000120027","t":"清水區","v":"橋頭里"},"geometry":{"type":"Polygon","coordinates":[[[120.57402,24.28594],[120.5743,24.28545],[120.5746,24.28473],[120.57475,24.28411],[120.57547,24.27821],[120.57328,24.27688],[120.5729,24.2763],[120.57244,24.27473],[120.57189,24.27426],[120.57131,24.27409],[120.57107,24.27413],[120.57037,24.2735],[120.5696,24.2738],[120.56863,24.27256],[120.56812,24.27162],[120.56792,24.27164],[120.56665,24.27215],[120.56609,24.27261],[120.56574,24.27299],[120.56415,24.27854],[120.56415,24.27889],[120.56429,24.27931],[120.56493,24.27996],[120.56549,24.2803],[120.56586,24.28043],[120.56707,24.28161],[120.5706,24.28805],[120.57164,24.28792],[120.57234,24.28772],[120.57278,24.28748],[120.57313,24.28723],[120.57401,24.28595],[120.57402,24.28594]]]}},{"type":"Feature","properties":{"c":"66000120028","t":"清水區","v":"下湳里"},"geometry":{"type":"Polygon","coordinates":[[[120.58866,24.29331],[120.58845,24.29297],[120.58916,24.29245],[120.5894,24.29234],[120.58965,24.29238],[120.58996,24.29277],[120.59025,24.29291],[120.59078,24.29247],[120.5923,24.29178],[120.59273,24.29165],[120.5943,24.29163],[120.59471,24.29142],[120.59516,24.29081],[120.59549,24.29048],[120.59701,24.28962],[120.59727,24.28948],[120.59763,24.28941],[120.59572,24.28776],[120.59494,24.28641],[120.59454,24.28496],[120.59377,24.28409],[120.59195,24.28259],[120.59105,24.28197],[120.58764,24.27891],[120.5869,24.27844],[120.58499,24.27583],[120.58452,24.275],[120.58459,24.27396],[120.5841,24.27345],[120.58322,24.27284],[120.58237,24.2724],[120.58163,24.27223],[120.58103,24.2724],[120.58049,24.27279],[120.57929,24.27437],[120.57794,24.27631],[120.57746,24.27683],[120.5756,24.27828],[120.57798,24.27983],[120.57793,24.28004],[120.57841,24.28047],[120.57971,24.28221],[120.58009,24.28292],[120.58034,24.28375],[120.58029,24.28415],[120.5807,24.2847],[120.58083,24.2851],[120.58129,24.28574],[120.58208,24.28763],[120.5824,24.28799],[120.58253,24.28833],[120.58293,24.28876],[120.58326,24.28928],[120.58341,24.28938],[120.58406,24.28955],[120.58467,24.28948],[120.58542,24.28995],[120.58562,24.29014],[120.58568,24.29031],[120.58612,24.29085],[120.58665,24.29228],[120.58705,24.2929],[120.58743,24.29326],[120.58759,24.29367],[120.58848,24.29341],[120.58866,24.29331]]]}},{"type":"Feature","properties":{"c":"66000120029","t":"清水區","v":"東山里"},"geometry":{"type":"Polygon","coordinates":[[[120.63686,24.2704],[120.63315,24.27039],[120.63153,24.27025],[120.63011,24.27022],[120.63009,24.27221],[120.62998,24.27338],[120.62967,24.2744],[120.62963,24.27479],[120.62978,24.27574],[120.62939,24.28143],[120.62936,24.28284],[120.62911,24.28374],[120.62886,24.28757],[120.62897,24.28832],[120.62888,24.28897],[120.62894,24.28933],[120.62878,24.29011],[120.63114,24.28997],[120.63157,24.28982],[120.63248,24.28967],[120.63271,24.28983],[120.63313,24.29033],[120.63347,24.29017],[120.63736,24.2892],[120.63785,24.28897],[120.63728,24.28818],[120.63712,24.28784],[120.63731,24.28758],[120.6373,24.28742],[120.63657,24.28651],[120.63689,24.28623],[120.63717,24.28567],[120.63619,24.28437],[120.638,24.28235],[120.63899,24.28145],[120.63945,24.28095],[120.63827,24.27898],[120.64009,24.27865],[120.64302,24.27789],[120.64452,24.2776],[120.64639,24.27695],[120.64696,24.27668],[120.64606,24.27521],[120.64428,24.273],[120.64412,24.27235],[120.64386,24.27205],[120.64348,24.27182],[120.64306,24.27143],[120.64276,24.27061],[120.64032,24.27051],[120.63686,24.2704]]]}},{"type":"Feature","properties":{"c":"66000120030","t":"清水區","v":"楊厝里"},"geometry":{"type":"Polygon","coordinates":[[[120.62184,24.2904],[120.62139,24.29047],[120.61945,24.29053],[120.61706,24.29045],[120.61341,24.28674],[120.61361,24.28277],[120.61235,24.28309],[120.61029,24.28382],[120.60646,24.28557],[120.6051,24.28593],[120.60236,24.28707],[120.6009,24.28753],[120.59976,24.28755],[120.59921,24.28786],[120.59857,24.28879],[120.59818,24.28917],[120.59763,24.28941],[120.60077,24.29285],[120.60125,24.29364],[120.60162,24.29481],[120.60203,24.2958],[120.60318,24.2981],[120.60418,24.29903],[120.60708,24.29838],[120.60828,24.29822],[120.60892,24.29795],[120.60933,24.29747],[120.60986,24.29706],[120.61072,24.29672],[120.61159,24.29593],[120.61579,24.2942],[120.61868,24.29312],[120.61928,24.29309],[120.62018,24.29285],[120.62082,24.29227],[120.62153,24.29104],[120.62184,24.2904]]]}},{"type":"Feature","properties":{"c":"66000120031","t":"清水區","v":"海風里"},"geometry":{"type":"Polygon","coordinates":[[[120.62352,24.30417],[120.62399,24.30417],[120.62516,24.30438],[120.62534,24.30448],[120.62548,24.30467],[120.62559,24.3052],[120.62553,24.30701],[120.62606,24.30792],[120.62623,24.30893],[120.62688,24.31054],[120.62671,24.31251],[120.63188,24.30939],[120.63318,24.30877],[120.64419,24.30148],[120.6462,24.29929],[120.6433,24.29848],[120.64283,24.29827],[120.64213,24.29764],[120.64147,24.29646],[120.64108,24.29593],[120.64105,24.29542],[120.64082,24.2952],[120.64004,24.29359],[120.63933,24.29172],[120.63895,24.2909],[120.63785,24.28897],[120.63736,24.2892],[120.63347,24.29017],[120.63313,24.29033],[120.63271,24.28983],[120.63248,24.28967],[120.63157,24.28982],[120.63114,24.28997],[120.6287,24.29012],[120.62258,24.29028],[120.62184,24.2904],[120.62082,24.29227],[120.62018,24.29285],[120.61928,24.29309],[120.61868,24.29312],[120.61579,24.2942],[120.61159,24.29593],[120.61072,24.29672],[120.60986,24.29706],[120.60933,24.29747],[120.60892,24.29795],[120.60828,24.29822],[120.60708,24.29838],[120.60418,24.29903],[120.60524,24.3002],[120.60756,24.30173],[120.60935,24.30307],[120.61071,24.30392],[120.61128,24.30461],[120.61171,24.30501],[120.61228,24.30509],[120.61342,24.3051],[120.61843,24.30576],[120.62061,24.30538],[120.62306,24.30429],[120.62352,24.30417]]]}},{"type":"Feature","properties":{"c":"66000120032","t":"清水區","v":"吳厝里"},"geometry":{"type":"Polygon","coordinates":[[[120.58459,24.27396],[120.58452,24.275],[120.58499,24.27583],[120.5869,24.27844],[120.58764,24.27891],[120.59105,24.28197],[120.59195,24.28259],[120.59377,24.28409],[120.59454,24.28496],[120.59494,24.28641],[120.59572,24.28776],[120.59763,24.28941],[120.59818,24.28917],[120.59857,24.28879],[120.59921,24.28786],[120.59976,24.28755],[120.6009,24.28753],[120.60236,24.28707],[120.6051,24.28593],[120.60646,24.28557],[120.61029,24.28382],[120.61235,24.28309],[120.61361,24.28277],[120.61372,24.28115],[120.61364,24.28081],[120.60643,24.26667],[120.6031,24.26741],[120.60316,24.26674],[120.60339,24.26548],[120.60336,24.26544],[120.60132,24.26631],[120.59991,24.26711],[120.59959,24.267],[120.59936,24.26665],[120.59907,24.26648],[120.59815,24.26642],[120.59735,24.26623],[120.5953,24.26652],[120.59433,24.26641],[120.59024,24.2666],[120.58722,24.26703],[120.58646,24.26737],[120.58544,24.26806],[120.58468,24.26838],[120.58482,24.2698],[120.58478,24.27125],[120.58459,24.27396]]]}},{"type":"Feature","properties":{"c":"66000130001","t":"沙鹿區","v":"居仁里"},"geometry":{"type":"Polygon","coordinates":[[[120.56092,24.24191],[120.56177,24.24153],[120.56582,24.24065],[120.56617,24.24047],[120.56632,24.24013],[120.56638,24.23962],[120.56672,24.23921],[120.56621,24.23705],[120.56433,24.23734],[120.56451,24.23853],[120.56236,24.23864],[120.56012,24.23894],[120.5601,24.23864],[120.56056,24.23857],[120.56072,24.23844],[120.56084,24.2382],[120.56093,24.23776],[120.56062,24.23602],[120.56034,24.23609],[120.55983,24.23823],[120.55903,24.23942],[120.55887,24.23978],[120.55885,24.24055],[120.5586,24.24114],[120.55794,24.24163],[120.55812,24.24219],[120.55848,24.2427],[120.55879,24.24298],[120.55955,24.24255],[120.56092,24.24191]]]}},{"type":"Feature","properties":{"c":"66000130002","t":"沙鹿區","v":"洛泉里"},"geometry":{"type":"Polygon","coordinates":[[[120.56773,24.23608],[120.56695,24.2359],[120.56697,24.23569],[120.56684,24.23552],[120.56419,24.23574],[120.56297,24.23609],[120.56264,24.23606],[120.56195,24.23583],[120.56062,24.23602],[120.56093,24.23778],[120.56084,24.2382],[120.56072,24.23844],[120.56056,24.23857],[120.5601,24.23864],[120.56012,24.23894],[120.56236,24.23864],[120.56451,24.23853],[120.56433,24.23734],[120.56781,24.23682],[120.56773,24.23608]]]}},{"type":"Feature","properties":{"c":"66000130003","t":"沙鹿區","v":"沙鹿里"},"geometry":{"type":"Polygon","coordinates":[[[120.56034,24.23609],[120.55928,24.23641],[120.55748,24.2371],[120.55757,24.2373],[120.55524,24.23813],[120.55608,24.23902],[120.55648,24.23971],[120.55685,24.24011],[120.55717,24.24072],[120.5578,24.24135],[120.55794,24.24163],[120.5586,24.24114],[120.55885,24.24055],[120.55887,24.23978],[120.55903,24.23942],[120.55983,24.23823],[120.56024,24.23662],[120.56034,24.23609]]]}},{"type":"Feature","properties":{"c":"66000130004","t":"沙鹿區","v":"美仁里"},"geometry":{"type":"Polygon","coordinates":[[[120.55748,24.2371],[120.55928,24.23641],[120.56062,24.23602],[120.56195,24.23583],[120.56264,24.23606],[120.56297,24.23609],[120.56408,24.23575],[120.56649,24.23555],[120.56524,24.23252],[120.56558,24.23221],[120.56593,24.2314],[120.56521,24.2321],[120.56473,24.23224],[120.56483,24.23256],[120.56407,24.23379],[120.56298,24.23401],[120.56072,24.23464],[120.5608,24.23511],[120.56007,24.2352],[120.56016,24.23557],[120.55982,24.23565],[120.55994,24.23607],[120.55768,24.23684],[120.55762,24.23667],[120.55735,24.23679],[120.55748,24.2371]]]}},{"type":"Feature","properties":{"c":"66000130005","t":"沙鹿區","v":"興仁里"},"geometry":{"type":"Polygon","coordinates":[[[120.55935,24.23627],[120.55994,24.23607],[120.55982,24.23565],[120.56016,24.23557],[120.56007,24.2352],[120.5608,24.23511],[120.56072,24.23464],[120.56298,24.23401],[120.56407,24.23379],[120.56483,24.23256],[120.56473,24.23224],[120.56415,24.23241],[120.56352,24.23245],[120.56073,24.22733],[120.5601,24.22746],[120.55953,24.22746],[120.55849,24.2277],[120.55864,24.22978],[120.55884,24.23116],[120.55866,24.2342],[120.55918,24.23578],[120.55935,24.23627]]]}},{"type":"Feature","properties":{"c":"66000130006","t":"沙鹿區","v":"斗抵里"},"geometry":{"type":"Polygon","coordinates":[[[120.5489,24.22937],[120.55356,24.22821],[120.55368,24.22856],[120.55504,24.2284],[120.55599,24.22811],[120.55624,24.22795],[120.55753,24.22774],[120.55764,24.22775],[120.55797,24.22807],[120.55815,24.22807],[120.55835,24.22796],[120.55848,24.22753],[120.55849,24.2277],[120.55953,24.22746],[120.5601,24.22746],[120.56073,24.22733],[120.55963,24.22667],[120.55898,24.22471],[120.55889,24.22379],[120.55852,24.22281],[120.55729,24.2209],[120.55624,24.21957],[120.55511,24.21778],[120.55408,24.21676],[120.55332,24.2158],[120.55257,24.2144],[120.55238,24.21446],[120.55226,24.21459],[120.55193,24.21622],[120.55143,24.21682],[120.55034,24.21695],[120.55005,24.21658],[120.55004,24.21631],[120.54995,24.21616],[120.54985,24.21607],[120.54936,24.21593],[120.54909,24.21595],[120.54838,24.21618],[120.54782,24.21627],[120.54718,24.21661],[120.54701,24.21682],[120.54672,24.21801],[120.54659,24.21828],[120.54689,24.21857],[120.54736,24.22006],[120.54761,24.22051],[120.54761,24.22081],[120.54822,24.22293],[120.54823,24.22317],[120.54859,24.22377],[120.54894,24.22475],[120.54903,24.22554],[120.54903,24.22643],[120.54897,24.22701],[120.54877,24.22714],[120.54824,24.22717],[120.54814,24.22728],[120.54872,24.22842],[120.54871,24.22852],[120.54789,24.22884],[120.54778,24.22895],[120.54861,24.22945],[120.5489,24.22937]]]}},{"type":"Feature","properties":{"c":"66000130007","t":"沙鹿區","v":"鹿峰里"},"geometry":{"type":"Polygon","coordinates":[[[120.56515,24.25806],[120.56639,24.25831],[120.56768,24.25883],[120.56864,24.2591],[120.56902,24.25915],[120.57234,24.25893],[120.57234,24.26003],[120.57242,24.26042],[120.57273,24.26143],[120.57313,24.26227],[120.57343,24.26263],[120.57477,24.26328],[120.57501,24.26334],[120.57517,24.26323],[120.57541,24.26276],[120.57555,24.26224],[120.57574,24.26195],[120.57591,24.2618],[120.5759,24.26109],[120.57572,24.26086],[120.57484,24.26069],[120.57463,24.26051],[120.57584,24.25889],[120.57601,24.2565],[120.5759,24.25413],[120.57515,24.25316],[120.57405,24.25106],[120.57333,24.24871],[120.57151,24.2495],[120.57015,24.24997],[120.56911,24.24999],[120.56871,24.25019],[120.56632,24.25093],[120.5659,24.25016],[120.56469,24.25057],[120.56339,24.25114],[120.56266,24.25153],[120.56132,24.25253],[120.56275,24.25788],[120.56437,24.25797],[120.56515,24.25806]]]}},{"type":"Feature","properties":{"c":"66000130008","t":"沙鹿區","v":"鹿寮里"},"geometry":{"type":"Polygon","coordinates":[[[120.55614,24.25003],[120.55645,24.25126],[120.55723,24.25352],[120.56132,24.25253],[120.56266,24.25153],[120.56339,24.25114],[120.56469,24.25057],[120.5659,24.25016],[120.56632,24.25093],[120.56871,24.25019],[120.56911,24.24999],[120.57015,24.24997],[120.57151,24.2495],[120.57333,24.24871],[120.57307,24.24754],[120.57248,24.24624],[120.5701,24.24613],[120.56996,24.24605],[120.56946,24.24459],[120.56913,24.24459],[120.56925,24.24227],[120.56741,24.2423],[120.56741,24.24077],[120.56597,24.24061],[120.56177,24.24153],[120.55955,24.24255],[120.55879,24.24298],[120.55901,24.24327],[120.55926,24.24389],[120.55811,24.24433],[120.55517,24.24482],[120.55547,24.24764],[120.556,24.24939],[120.55614,24.25003]]]}},{"type":"Feature","properties":{"c":"66000130009","t":"沙鹿區","v":"竹林里"},"geometry":{"type":"Polygon","coordinates":[[[120.59835,24.2362],[120.59863,24.23549],[120.59901,24.23366],[120.59937,24.23314],[120.60015,24.23258],[120.60076,24.23239],[120.60326,24.23232],[120.6033,24.23219],[120.60322,24.23164],[120.60286,24.23068],[120.60287,24.23022],[120.60271,24.22948],[120.60229,24.22835],[120.60191,24.22761],[120.60132,24.22682],[120.60097,24.22616],[120.60038,24.22545],[120.59931,24.22571],[120.59841,24.22653],[120.58806,24.22961],[120.58635,24.22981],[120.58486,24.22964],[120.58421,24.22969],[120.58277,24.23047],[120.58198,24.23075],[120.58123,24.2308],[120.57912,24.23027],[120.57822,24.23029],[120.5777,24.23053],[120.57675,24.23121],[120.57569,24.23158],[120.57461,24.2316],[120.57337,24.23094],[120.57274,24.23165],[120.5719,24.23235],[120.57129,24.23258],[120.57005,24.23271],[120.56953,24.23282],[120.56932,24.23306],[120.56919,24.2334],[120.56917,24.2343],[120.56904,24.23516],[120.56877,24.23575],[120.56826,24.23603],[120.56773,24.23608],[120.56781,24.23682],[120.56621,24.23705],[120.56672,24.23921],[120.56638,24.23962],[120.56634,24.24005],[120.56624,24.24037],[120.56597,24.24061],[120.56741,24.24077],[120.56741,24.2423],[120.56925,24.24227],[120.56913,24.24459],[120.56946,24.24459],[120.57,24.2461],[120.57424,24.24632],[120.57139,24.24209],[120.57159,24.24153],[120.57274,24.24125],[120.57556,24.23976],[120.57713,24.23874],[120.57844,24.23807],[120.57991,24.23757],[120.58253,24.23725],[120.58423,24.2373],[120.58696,24.23781],[120.58889,24.23879],[120.58956,24.23924],[120.59056,24.23953],[120.59212,24.23957],[120.59332,24.23929],[120.59593,24.23823],[120.5969,24.23758],[120.59778,24.23683],[120.59835,24.2362]]]}},{"type":"Feature","properties":{"c":"66000130010","t":"沙鹿區","v":"犁分里"},"geometry":{"type":"Polygon","coordinates":[[[120.60023,24.24831],[120.6012,24.2478],[120.60333,24.24701],[120.60488,24.24619],[120.60387,24.24316],[120.60371,24.24294],[120.60337,24.24183],[120.6032,24.24054],[120.60326,24.23965],[120.60345,24.23899],[120.60409,24.23838],[120.60497,24.23793],[120.60466,24.23689],[120.60345,24.23417],[120.60321,24.23301],[120.60326,24.23232],[120.60076,24.23239],[120.60015,24.23258],[120.59937,24.23314],[120.59901,24.23366],[120.59863,24.23549],[120.59835,24.2362],[120.59778,24.23683],[120.5969,24.23758],[120.59593,24.23823],[120.59332,24.23929],[120.59212,24.23957],[120.59056,24.23953],[120.58956,24.23924],[120.58889,24.23879],[120.58696,24.23781],[120.58423,24.2373],[120.58253,24.23725],[120.57991,24.23757],[120.57844,24.23807],[120.57713,24.23874],[120.57556,24.23976],[120.57274,24.24125],[120.57159,24.24153],[120.57139,24.24209],[120.57424,24.24632],[120.57248,24.24624],[120.57307,24.24754],[120.57333,24.24871],[120.57394,24.24819],[120.57615,24.24898],[120.57761,24.24912],[120.57971,24.24899],[120.58372,24.24838],[120.58758,24.24754],[120.58942,24.24747],[120.59144,24.24762],[120.59429,24.24814],[120.59676,24.24846],[120.59905,24.24846],[120.60023,24.24831]]]}},{"type":"Feature","properties":{"c":"66000130011","t":"沙鹿區","v":"北勢里"},"geometry":{"type":"Polygon","coordinates":[[[120.56773,24.23608],[120.56826,24.23603],[120.56877,24.23575],[120.56904,24.23516],[120.56917,24.2343],[120.56919,24.2334],[120.56932,24.23306],[120.56953,24.23282],[120.57005,24.23271],[120.57129,24.23258],[120.5719,24.23235],[120.57274,24.23165],[120.57342,24.23088],[120.57421,24.22955],[120.5761,24.22674],[120.57609,24.22599],[120.57593,24.22496],[120.57588,24.22401],[120.57596,24.22299],[120.57629,24.22194],[120.57315,24.22243],[120.57061,24.22301],[120.56877,24.22326],[120.56872,24.22446],[120.56595,24.23138],[120.56558,24.23221],[120.56524,24.23252],[120.56649,24.23555],[120.56687,24.23553],[120.56697,24.23569],[120.56695,24.2359],[120.56765,24.23609],[120.56773,24.23608]]]}},{"type":"Feature","properties":{"c":"66000130012","t":"沙鹿區","v":"福興里"},"geometry":{"type":"Polygon","coordinates":[[[120.56473,24.23224],[120.56521,24.2321],[120.56595,24.23138],[120.56872,24.22446],[120.56877,24.22326],[120.57061,24.22301],[120.57315,24.22243],[120.57811,24.22168],[120.57851,24.22154],[120.57862,24.22136],[120.57862,24.22105],[120.57828,24.22077],[120.57622,24.22069],[120.57539,24.22038],[120.57419,24.22089],[120.57326,24.22116],[120.57156,24.22144],[120.57085,24.22146],[120.57022,24.22113],[120.56987,24.22074],[120.56987,24.21995],[120.57043,24.21851],[120.56914,24.21883],[120.56856,24.2193],[120.5681,24.22001],[120.56748,24.22228],[120.56723,24.22265],[120.56693,24.22284],[120.56655,24.2227],[120.56585,24.22042],[120.56547,24.21998],[120.56484,24.21968],[120.56383,24.21956],[120.56279,24.21977],[120.56129,24.22046],[120.56051,24.22043],[120.56003,24.22004],[120.55932,24.21959],[120.55849,24.21959],[120.55665,24.22008],[120.55729,24.2209],[120.55852,24.22281],[120.55889,24.22379],[120.55898,24.22471],[120.55963,24.22667],[120.56078,24.22739],[120.56352,24.23245],[120.56415,24.23241],[120.56473,24.23224]]]}},{"type":"Feature","properties":{"c":"66000130013","t":"沙鹿區","v":"晉江里"},"geometry":{"type":"Polygon","coordinates":[[[120.59084,24.22875],[120.59841,24.22653],[120.59931,24.22571],[120.60038,24.22545],[120.60022,24.22525],[120.59984,24.22439],[120.59968,24.22329],[120.59947,24.22262],[120.59961,24.2221],[120.59956,24.2214],[120.59889,24.22008],[120.59755,24.21643],[120.597,24.2156],[120.59438,24.21558],[120.59163,24.2157],[120.58794,24.21652],[120.58429,24.21688],[120.58387,24.21578],[120.58372,24.2157],[120.58342,24.21573],[120.58196,24.21621],[120.58116,24.21637],[120.58081,24.21663],[120.58055,24.21663],[120.58046,24.21731],[120.57968,24.21751],[120.57863,24.21793],[120.57736,24.21863],[120.57654,24.2193],[120.57539,24.22038],[120.57622,24.22069],[120.57828,24.22077],[120.57862,24.22105],[120.57862,24.22136],[120.57851,24.22154],[120.57811,24.22168],[120.57629,24.22194],[120.57596,24.22299],[120.57588,24.22401],[120.57593,24.22496],[120.57609,24.22599],[120.5761,24.22674],[120.57421,24.22955],[120.57337,24.23094],[120.57461,24.2316],[120.57569,24.23158],[120.57675,24.23121],[120.5777,24.23053],[120.57822,24.23029],[120.57912,24.23027],[120.58123,24.2308],[120.58198,24.23075],[120.58277,24.23047],[120.58421,24.22969],[120.58486,24.22964],[120.58635,24.22981],[120.58806,24.22961],[120.59084,24.22875]]]}},{"type":"Feature","properties":{"c":"66000130014","t":"沙鹿區","v":"六路里"},"geometry":{"type":"Polygon","coordinates":[[[120.58899,24.20283],[120.58786,24.20291],[120.58629,24.2029],[120.58555,24.20307],[120.58495,24.20347],[120.58476,24.20401],[120.58483,24.2046],[120.58514,24.20491],[120.58561,24.20504],[120.58659,24.20443],[120.58769,24.20396],[120.58898,24.20381],[120.58953,24.20392],[120.58953,24.20422],[120.58919,24.20472],[120.58781,24.20527],[120.58635,24.20605],[120.58433,24.20695],[120.58317,24.20737],[120.58242,24.20778],[120.58211,24.20823],[120.58171,24.2084],[120.58134,24.20847],[120.58128,24.20857],[120.58125,24.20891],[120.58092,24.20911],[120.58068,24.20946],[120.57949,24.21009],[120.57879,24.21091],[120.57733,24.21145],[120.57535,24.21163],[120.57458,24.21195],[120.57425,24.21234],[120.57405,24.21323],[120.57144,24.21491],[120.5709,24.21508],[120.57094,24.21581],[120.5708,24.21649],[120.5713,24.21636],[120.57166,24.21816],[120.57043,24.21851],[120.56987,24.21995],[120.56987,24.22074],[120.57022,24.22113],[120.57085,24.22146],[120.57156,24.22144],[120.57326,24.22116],[120.57419,24.22089],[120.57539,24.22038],[120.57654,24.2193],[120.57736,24.21863],[120.57863,24.21793],[120.57968,24.21751],[120.58046,24.21731],[120.58055,24.21663],[120.58081,24.21663],[120.58116,24.21637],[120.58196,24.21621],[120.58277,24.2159],[120.58354,24.2157],[120.5838,24.21573],[120.58391,24.21584],[120.58429,24.21688],[120.58794,24.21652],[120.59163,24.2157],[120.59438,24.21558],[120.597,24.2156],[120.59569,24.21269],[120.59556,24.21206],[120.5956,24.21138],[120.59556,24.21076],[120.59503,24.20801],[120.59507,24.2072],[120.59495,24.20628],[120.59459,24.20534],[120.59396,24.20382],[120.59274,24.20138],[120.59136,24.20177],[120.58899,24.20283]]]}},{"type":"Feature","properties":{"c":"66000130015","t":"沙鹿區","v":"南勢里"},"geometry":{"type":"Polygon","coordinates":[[[120.55665,24.22008],[120.55849,24.21959],[120.55932,24.21959],[120.56003,24.22004],[120.56051,24.22043],[120.56129,24.22046],[120.56279,24.21977],[120.56383,24.21956],[120.56484,24.21968],[120.56547,24.21998],[120.56585,24.22042],[120.56655,24.2227],[120.56693,24.22284],[120.56723,24.22265],[120.56748,24.22228],[120.5681,24.22001],[120.56856,24.2193],[120.56914,24.21883],[120.57166,24.21816],[120.5713,24.21636],[120.5708,24.21649],[120.57094,24.21581],[120.5709,24.21508],[120.57053,24.21517],[120.57041,24.21511],[120.56999,24.21411],[120.56756,24.21491],[120.56657,24.21409],[120.56587,24.2139],[120.56388,24.21401],[120.56323,24.21432],[120.56248,24.21479],[120.56167,24.21481],[120.55875,24.21424],[120.55815,24.21442],[120.55652,24.21553],[120.55509,24.21617],[120.55386,24.21649],[120.55511,24.21778],[120.55624,24.21957],[120.55665,24.22008]]]}},{"type":"Feature","properties":{"c":"66000130016","t":"沙鹿區","v":"埔子里"},"geometry":{"type":"Polygon","coordinates":[[[120.57361,24.19757],[120.57254,24.19839],[120.57212,24.19903],[120.57188,24.19988],[120.57077,24.20108],[120.5706,24.20169],[120.57012,24.20245],[120.56986,24.20275],[120.56956,24.20296],[120.56917,24.20345],[120.56865,24.20365],[120.56848,24.20379],[120.56828,24.20443],[120.56816,24.20458],[120.56806,24.20605],[120.56793,24.20626],[120.56772,24.20644],[120.56757,24.20671],[120.56743,24.20748],[120.56745,24.20788],[120.56767,24.20848],[120.56775,24.20933],[120.56745,24.21165],[120.56734,24.21201],[120.567,24.21253],[120.56686,24.21331],[120.56658,24.2141],[120.56756,24.21491],[120.56999,24.21411],[120.57037,24.21504],[120.57048,24.21516],[120.57144,24.21491],[120.57405,24.21323],[120.57425,24.21234],[120.57458,24.21195],[120.57535,24.21163],[120.57733,24.21145],[120.57879,24.21091],[120.57949,24.21009],[120.58068,24.20946],[120.58092,24.20911],[120.58125,24.20891],[120.58128,24.20857],[120.58134,24.20847],[120.58171,24.2084],[120.58211,24.20823],[120.58242,24.20778],[120.58317,24.20737],[120.58433,24.20695],[120.58635,24.20605],[120.58781,24.20527],[120.58919,24.20472],[120.58953,24.20422],[120.58953,24.20392],[120.58898,24.20381],[120.58769,24.20396],[120.58659,24.20443],[120.58561,24.20504],[120.58514,24.20491],[120.58483,24.2046],[120.58476,24.20401],[120.58495,24.20347],[120.58555,24.20307],[120.58629,24.2029],[120.58786,24.20291],[120.58899,24.20283],[120.59136,24.20177],[120.59274,24.20138],[120.59233,24.20091],[120.59155,24.19979],[120.59073,24.19836],[120.59016,24.19773],[120.58977,24.19718],[120.58888,24.19552],[120.58856,24.1947],[120.58842,24.19455],[120.58812,24.19398],[120.58803,24.19339],[120.58773,24.19264],[120.58738,24.19265],[120.58636,24.19297],[120.58551,24.1934],[120.58514,24.19347],[120.5849,24.19361],[120.58455,24.19359],[120.58354,24.19416],[120.58303,24.19469],[120.58208,24.19474],[120.58168,24.1949],[120.58041,24.19561],[120.58002,24.19569],[120.57937,24.19599],[120.57869,24.19657],[120.57805,24.19691],[120.57713,24.19707],[120.57605,24.19714],[120.57374,24.19753],[120.57361,24.19757]]]}},{"type":"Feature","properties":{"c":"66000130017","t":"沙鹿區","v":"公明里"},"geometry":{"type":"Polygon","coordinates":[[[120.60371,24.24294],[120.60387,24.24316],[120.60488,24.24619],[120.60333,24.24701],[120.6012,24.2478],[120.60023,24.24831],[120.60006,24.25281],[120.60038,24.25324],[120.60102,24.25354],[120.60174,24.25353],[120.60255,24.25328],[120.60302,24.25373],[120.60327,24.25422],[120.60417,24.25677],[120.60442,24.25694],[120.60479,24.25687],[120.60606,24.25563],[120.60649,24.25655],[120.60707,24.25869],[120.60751,24.25864],[120.6088,24.25791],[120.60946,24.25766],[120.61045,24.25739],[120.61226,24.25704],[120.61272,24.25688],[120.61307,24.25654],[120.61318,24.25611],[120.61268,24.25263],[120.61275,24.25186],[120.61295,24.25164],[120.61617,24.2507],[120.61619,24.24769],[120.61221,24.24792],[120.61004,24.24185],[120.6083,24.23828],[120.6058,24.23923],[120.60561,24.23906],[120.60535,24.23833],[120.6051,24.23817],[120.60497,24.23793],[120.60409,24.23838],[120.60345,24.23899],[120.60326,24.23965],[120.6032,24.24054],[120.60337,24.24183],[120.60371,24.24294]]]}},{"type":"Feature","properties":{"c":"66000130018","t":"沙鹿區","v":"清泉里"},"geometry":{"type":"Polygon","coordinates":[[[120.61182,24.2643],[120.61401,24.26271],[120.61502,24.26213],[120.61742,24.26104],[120.61873,24.26052],[120.6203,24.26006],[120.62292,24.25974],[120.62772,24.25941],[120.63316,24.25927],[120.63121,24.25802],[120.63047,24.25737],[120.62788,24.25545],[120.62623,24.25406],[120.62563,24.2534],[120.62511,24.25268],[120.62426,24.25124],[120.62401,24.25052],[120.62362,24.24828],[120.62352,24.2459],[120.62353,24.2458],[120.62425,24.24514],[120.62426,24.24458],[120.62311,24.24285],[120.62253,24.24164],[120.62256,24.24148],[120.62328,24.2403],[120.62361,24.23994],[120.6236,24.23974],[120.62224,24.23874],[120.61956,24.23695],[120.6171,24.23559],[120.61692,24.23561],[120.61601,24.23603],[120.61536,24.23603],[120.61401,24.23654],[120.61312,24.2367],[120.61094,24.23783],[120.61067,24.23814],[120.61054,24.23819],[120.61046,24.2382],[120.61033,24.23808],[120.61022,24.23774],[120.6083,24.23828],[120.61004,24.24185],[120.61221,24.24792],[120.61619,24.24769],[120.61617,24.2507],[120.61295,24.25164],[120.61275,24.25186],[120.61268,24.25263],[120.61318,24.25611],[120.61307,24.25654],[120.61272,24.25688],[120.61226,24.25704],[120.61045,24.25739],[120.60946,24.25766],[120.6088,24.25791],[120.60751,24.25864],[120.60707,24.25869],[120.60763,24.26116],[120.60777,24.26147],[120.60821,24.26195],[120.60865,24.26218],[120.60902,24.26293],[120.60939,24.26332],[120.60995,24.26561],[120.6109,24.26493],[120.61182,24.2643]]]}},{"type":"Feature","properties":{"c":"66000130019","t":"沙鹿區","v":"西勢里"},"geometry":{"type":"Polygon","coordinates":[[[120.58312,24.26898],[120.58377,24.26863],[120.58512,24.26822],[120.58646,24.26737],[120.58722,24.26703],[120.58953,24.26668],[120.59433,24.26641],[120.5953,24.26652],[120.59735,24.26623],[120.59815,24.26642],[120.59907,24.26648],[120.59936,24.26665],[120.59959,24.267],[120.59991,24.26711],[120.60132,24.26631],[120.60336,24.26544],[120.60339,24.26548],[120.60316,24.26674],[120.6031,24.26741],[120.60675,24.2666],[120.60866,24.26608],[120.6094,24.26595],[120.60995,24.26561],[120.60939,24.26332],[120.60902,24.26293],[120.60865,24.26218],[120.60821,24.26195],[120.60777,24.26147],[120.60763,24.26116],[120.60707,24.25869],[120.60649,24.25655],[120.60606,24.25563],[120.60479,24.25687],[120.60442,24.25694],[120.60417,24.25677],[120.60327,24.25422],[120.60302,24.25373],[120.60255,24.25328],[120.60174,24.25353],[120.60102,24.25354],[120.60038,24.25324],[120.60006,24.25281],[120.60023,24.24831],[120.59905,24.24846],[120.59676,24.24846],[120.59429,24.24814],[120.59144,24.24762],[120.58942,24.24747],[120.58758,24.24754],[120.58372,24.24838],[120.57971,24.24899],[120.57761,24.24912],[120.57615,24.24898],[120.57394,24.24819],[120.57333,24.24871],[120.57405,24.25106],[120.57515,24.25316],[120.5759,24.25413],[120.57601,24.2565],[120.57584,24.25889],[120.57463,24.26051],[120.57484,24.26069],[120.57572,24.26086],[120.5759,24.26109],[120.57591,24.2618],[120.57578,24.26191],[120.57605,24.26174],[120.57649,24.26187],[120.57836,24.26325],[120.5822,24.26561],[120.58256,24.26611],[120.58294,24.26726],[120.58289,24.26892],[120.58303,24.26901],[120.58312,24.26898]]]}},{"type":"Feature","properties":{"c":"66000130020","t":"沙鹿區","v":"興安里"},"geometry":{"type":"Polygon","coordinates":[[[120.54986,24.23183],[120.55083,24.23304],[120.55176,24.23398],[120.55229,24.23471],[120.55324,24.2355],[120.55359,24.23611],[120.55455,24.23726],[120.5548,24.23748],[120.55524,24.23813],[120.55757,24.2373],[120.55735,24.23679],[120.55762,24.23667],[120.55768,24.23684],[120.55935,24.23627],[120.55866,24.2342],[120.55884,24.23116],[120.55864,24.22978],[120.55848,24.22753],[120.55836,24.22794],[120.55821,24.22806],[120.55797,24.22807],[120.55764,24.22775],[120.55737,24.22775],[120.55624,24.22795],[120.55599,24.22811],[120.55574,24.22815],[120.55513,24.22839],[120.55368,24.22856],[120.55356,24.22821],[120.54861,24.22945],[120.54889,24.22962],[120.54895,24.22975],[120.54886,24.22996],[120.54858,24.23011],[120.54856,24.2303],[120.54939,24.23133],[120.54986,24.23183]]]}},{"type":"Feature","properties":{"c":"66000130021","t":"沙鹿區","v":"三鹿里"},"geometry":{"type":"Polygon","coordinates":[[[120.55509,24.21617],[120.55652,24.21553],[120.55815,24.21442],[120.55875,24.21424],[120.56167,24.21481],[120.56248,24.21479],[120.56323,24.21432],[120.56388,24.21401],[120.56587,24.2139],[120.56658,24.2141],[120.56686,24.21331],[120.567,24.21253],[120.56734,24.21201],[120.56745,24.21165],[120.56775,24.20933],[120.56767,24.20848],[120.56741,24.2077],[120.56747,24.20713],[120.56764,24.20657],[120.56806,24.20605],[120.56814,24.20464],[120.56828,24.20443],[120.56848,24.20379],[120.56865,24.20365],[120.56917,24.20345],[120.56956,24.20296],[120.56986,24.20275],[120.57012,24.20245],[120.5706,24.20169],[120.57077,24.20108],[120.57188,24.19988],[120.57212,24.19903],[120.57267,24.19824],[120.57361,24.19757],[120.57507,24.1973],[120.57377,24.19667],[120.57325,24.19618],[120.57249,24.19568],[120.57224,24.19531],[120.5721,24.19524],[120.57148,24.19522],[120.57106,24.1953],[120.56968,24.19537],[120.56932,24.19495],[120.56907,24.19491],[120.56735,24.19585],[120.56712,24.19591],[120.56669,24.19587],[120.56592,24.19617],[120.56555,24.19726],[120.56537,24.19828],[120.56537,24.19861],[120.56526,24.19891],[120.56524,24.19961],[120.56506,24.20061],[120.56484,24.20108],[120.56405,24.20215],[120.56381,24.20273],[120.56368,24.20287],[120.56328,24.20296],[120.56231,24.20267],[120.562,24.20264],[120.56175,24.20268],[120.56161,24.20277],[120.56149,24.20294],[120.56139,24.20339],[120.56032,24.20436],[120.56007,24.20441],[120.55968,24.20436],[120.55894,24.20442],[120.55828,24.20478],[120.55816,24.20494],[120.55764,24.20515],[120.55475,24.20568],[120.55447,24.20565],[120.55344,24.20527],[120.55385,24.20677],[120.55446,24.20696],[120.55453,24.20707],[120.55483,24.20714],[120.55519,24.20774],[120.556,24.20875],[120.55598,24.20882],[120.55564,24.20895],[120.55508,24.20965],[120.55461,24.21029],[120.55382,24.21181],[120.55313,24.21234],[120.55296,24.21266],[120.5528,24.21432],[120.55257,24.2144],[120.55332,24.2158],[120.55386,24.21649],[120.55509,24.21617]]]}},{"type":"Feature","properties":{"c":"66000140001","t":"梧棲區","v":"頂寮里"},"geometry":{"type":"Polygon","coordinates":[[[120.52885,24.27522],[120.53117,24.27334],[120.53258,24.27231],[120.53274,24.27199],[120.53277,24.27206],[120.53422,24.27153],[120.5328,24.26818],[120.54094,24.26523],[120.53988,24.26273],[120.54125,24.26223],[120.54143,24.26264],[120.54169,24.26254],[120.53962,24.25769],[120.53022,24.2611],[120.52927,24.26269],[120.52903,24.26304],[120.52874,24.26332],[120.52815,24.26359],[120.52383,24.26499],[120.52458,24.26723],[120.52457,24.26732],[120.52412,24.26756],[120.52415,24.26774],[120.52402,24.26781],[120.52678,24.27419],[120.52494,24.27734],[120.52731,24.27579],[120.52801,24.27545],[120.52869,24.27532],[120.52885,24.27522]]]}},{"type":"Feature","properties":{"c":"66000140002","t":"梧棲區","v":"下寮里"},"geometry":{"type":"Polygon","coordinates":[[[120.52149,24.26183],[120.52176,24.26245],[120.52205,24.26236],[120.52198,24.26215],[120.52264,24.26195],[120.52354,24.26412],[120.52383,24.26499],[120.52815,24.26359],[120.52874,24.26332],[120.52903,24.26304],[120.52927,24.26269],[120.53022,24.2611],[120.53962,24.25769],[120.53899,24.25623],[120.53481,24.25771],[120.53418,24.2576],[120.53326,24.25763],[120.53004,24.25822],[120.52718,24.25923],[120.52149,24.26183]]]}},{"type":"Feature","properties":{"c":"66000140003","t":"梧棲區","v":"中正里"},"geometry":{"type":"Polygon","coordinates":[[[120.52113,24.26101],[120.52149,24.26183],[120.52718,24.25923],[120.53004,24.25822],[120.53326,24.25763],[120.53418,24.2576],[120.53481,24.25771],[120.53899,24.25623],[120.53725,24.25228],[120.53452,24.25328],[120.534,24.25363],[120.53367,24.25413],[120.53316,24.25396],[120.53279,24.25399],[120.53127,24.25443],[120.5299,24.25494],[120.52982,24.25508],[120.52983,24.25527],[120.53038,24.25691],[120.52811,24.25755],[120.52674,24.2583],[120.52113,24.26101]]]}},{"type":"Feature","properties":{"c":"66000140004","t":"梧棲區","v":"中和里"},"geometry":{"type":"Polygon","coordinates":[[[120.51084,24.26132],[120.51096,24.26141],[120.51113,24.26203],[120.51098,24.26226],[120.51088,24.26214],[120.51056,24.26225],[120.51702,24.27738],[120.52062,24.2761],[120.52253,24.27293],[120.51849,24.26341],[120.51785,24.26358],[120.51762,24.26299],[120.5176,24.26288],[120.51827,24.26162],[120.51932,24.26001],[120.51947,24.25991],[120.52025,24.25967],[120.52037,24.25995],[120.52063,24.25987],[120.52113,24.26101],[120.52674,24.2583],[120.52811,24.25755],[120.53038,24.25691],[120.52993,24.2556],[120.5283,24.25605],[120.52609,24.25683],[120.51796,24.25938],[120.51084,24.26132]]]}},{"type":"Feature","properties":{"c":"66000140005","t":"梧棲區","v":"文化里"},"geometry":{"type":"Polygon","coordinates":[[[120.50995,24.26091],[120.51018,24.26143],[120.51084,24.26132],[120.51796,24.25938],[120.52609,24.25683],[120.5283,24.25605],[120.52993,24.2556],[120.52982,24.2552],[120.5299,24.25494],[120.53127,24.25443],[120.53297,24.25396],[120.53331,24.25398],[120.53367,24.25413],[120.534,24.25363],[120.53433,24.25338],[120.53631,24.2526],[120.53603,24.25199],[120.5358,24.25167],[120.53511,24.25129],[120.53482,24.25119],[120.53465,24.25119],[120.53008,24.25381],[120.52798,24.25495],[120.5271,24.25557],[120.52626,24.25605],[120.52524,24.25655],[120.52315,24.25731],[120.50995,24.26091]]]}},{"type":"Feature","properties":{"c":"66000140006","t":"梧棲區","v":"安仁里"},"geometry":{"type":"Polygon","coordinates":[[[120.50936,24.25954],[120.50995,24.26091],[120.52315,24.25731],[120.52524,24.25655],[120.52626,24.25605],[120.5271,24.25557],[120.52798,24.25495],[120.53008,24.25381],[120.53465,24.25119],[120.53482,24.25119],[120.53511,24.25129],[120.5358,24.25167],[120.53603,24.25199],[120.53631,24.2526],[120.53725,24.25228],[120.53623,24.24999],[120.52955,24.25241],[120.52927,24.25163],[120.52794,24.25214],[120.52804,24.25234],[120.52807,24.25296],[120.51191,24.25871],[120.50936,24.25954]]]}},{"type":"Feature","properties":{"c":"66000140007","t":"梧棲區","v":"草湳里"},"geometry":{"type":"Polygon","coordinates":[[[120.50394,24.23638],[120.50355,24.23663],[120.50336,24.2371],[120.50291,24.23774],[120.50253,24.23813],[120.50245,24.2384],[120.50221,24.23871],[120.5014,24.24062],[120.50132,24.24102],[120.50379,24.24671],[120.50669,24.25376],[120.5085,24.25755],[120.50936,24.25954],[120.51191,24.25871],[120.52807,24.25296],[120.52804,24.25234],[120.52794,24.25214],[120.52927,24.25163],[120.52955,24.25241],[120.53623,24.24999],[120.52639,24.22685],[120.52312,24.2278],[120.52163,24.22805],[120.52077,24.22866],[120.52049,24.22874],[120.5143,24.22981],[120.51358,24.22967],[120.51065,24.22975],[120.50953,24.22993],[120.50814,24.23027],[120.50388,24.23306],[120.50424,24.23281],[120.50425,24.2331],[120.50455,24.23348],[120.5045,24.23375],[120.5044,24.23387],[120.50423,24.23393],[120.50415,24.23422],[120.50428,24.23468],[120.50408,24.23611],[120.50394,24.23638]]]}},{"type":"Feature","properties":{"c":"66000140008","t":"梧棲區","v":"南簡里"},"geometry":{"type":"Polygon","coordinates":[[[120.53971,24.25791],[120.54169,24.26254],[120.54189,24.26247],[120.54195,24.26261],[120.54351,24.26207],[120.5441,24.26171],[120.54519,24.26156],[120.54646,24.26117],[120.55359,24.25957],[120.55813,24.25849],[120.55837,24.25829],[120.55865,24.25818],[120.56026,24.25783],[120.56181,24.25795],[120.56275,24.25788],[120.56132,24.25253],[120.55527,24.25399],[120.54278,24.25677],[120.54265,24.25623],[120.54145,24.25658],[120.54139,24.25642],[120.53929,24.25693],[120.53962,24.25769],[120.53971,24.25791]]]}},{"type":"Feature","properties":{"c":"66000140009","t":"梧棲區","v":"福德里"},"geometry":{"type":"Polygon","coordinates":[[[120.55696,24.25276],[120.55645,24.25126],[120.556,24.24939],[120.55547,24.24764],[120.55532,24.2461],[120.55343,24.24635],[120.55022,24.24714],[120.54626,24.24852],[120.54415,24.24898],[120.5435,24.24923],[120.54233,24.24955],[120.54075,24.24979],[120.54058,24.24973],[120.53995,24.24926],[120.53968,24.24902],[120.53953,24.24877],[120.53623,24.24999],[120.53929,24.25693],[120.54139,24.25642],[120.54145,24.25658],[120.54265,24.25623],[120.54278,24.25677],[120.55527,24.25399],[120.55721,24.25352],[120.55701,24.2529],[120.55696,24.25276]]]}},{"type":"Feature","properties":{"c":"66000140010","t":"梧棲區","v":"大庄里"},"geometry":{"type":"Polygon","coordinates":[[[120.55162,24.24683],[120.55343,24.24635],[120.55532,24.2461],[120.55517,24.24482],[120.55811,24.24433],[120.55926,24.24389],[120.55898,24.24322],[120.55848,24.2427],[120.55812,24.24219],[120.55785,24.24147],[120.55708,24.24156],[120.55505,24.24227],[120.55491,24.24222],[120.55476,24.24196],[120.55386,24.24162],[120.55356,24.24094],[120.55256,24.24145],[120.5504,24.2421],[120.54905,24.24259],[120.54811,24.24299],[120.54817,24.24315],[120.54696,24.24354],[120.54593,24.24398],[120.54589,24.244],[120.5462,24.24471],[120.54073,24.24667],[120.53965,24.24642],[120.53954,24.2458],[120.53894,24.24567],[120.53843,24.24564],[120.53829,24.24515],[120.53472,24.2464],[120.53623,24.24999],[120.53953,24.24877],[120.53968,24.24902],[120.53995,24.24926],[120.54058,24.24973],[120.54075,24.24979],[120.54233,24.24955],[120.5435,24.24923],[120.54415,24.24898],[120.54626,24.24852],[120.55022,24.24714],[120.55162,24.24683]]]}},{"type":"Feature","properties":{"c":"66000140011","t":"梧棲區","v":"大村里"},"geometry":{"type":"Polygon","coordinates":[[[120.55785,24.24147],[120.55727,24.24088],[120.55685,24.24011],[120.55648,24.23971],[120.55608,24.23902],[120.55542,24.23833],[120.55263,24.23897],[120.5491,24.23941],[120.54342,24.24084],[120.54178,24.24101],[120.5405,24.24078],[120.53791,24.24056],[120.53414,24.24039],[120.53225,24.24058],[120.53472,24.2464],[120.53829,24.24515],[120.53843,24.24564],[120.53894,24.24567],[120.53954,24.2458],[120.53965,24.24642],[120.54073,24.24667],[120.5462,24.24471],[120.54589,24.244],[120.54593,24.24398],[120.54696,24.24354],[120.54817,24.24315],[120.54811,24.24299],[120.54905,24.24259],[120.5504,24.2421],[120.55256,24.24145],[120.55356,24.24094],[120.55386,24.24162],[120.55476,24.24196],[120.55491,24.24222],[120.55505,24.24227],[120.55693,24.24161],[120.55743,24.24151],[120.55785,24.24147]]]}},{"type":"Feature","properties":{"c":"66000140012","t":"梧棲區","v":"興農里"},"geometry":{"type":"Polygon","coordinates":[[[120.55063,24.23926],[120.55263,24.23897],[120.55542,24.23833],[120.5548,24.23748],[120.55455,24.23726],[120.55359,24.23611],[120.55324,24.2355],[120.55229,24.23471],[120.55176,24.23398],[120.55083,24.23304],[120.54986,24.23183],[120.54871,24.23054],[120.54832,24.23054],[120.54719,24.23105],[120.5462,24.23142],[120.5457,24.23154],[120.54482,24.23144],[120.54328,24.23162],[120.53965,24.23152],[120.5392,24.23159],[120.53899,24.23155],[120.53804,24.23112],[120.53751,24.2314],[120.53341,24.23169],[120.53342,24.23184],[120.52899,24.23302],[120.53225,24.24058],[120.53414,24.24039],[120.53791,24.24056],[120.5405,24.24078],[120.54178,24.24101],[120.54342,24.24084],[120.5491,24.23941],[120.55063,24.23926]]]}},{"type":"Feature","properties":{"c":"66000140013","t":"梧棲區","v":"永寧里"},"geometry":{"type":"Polygon","coordinates":[[[120.5444,24.22681],[120.5434,24.22653],[120.54113,24.22615],[120.53616,24.22547],[120.53467,24.22532],[120.5342,24.22521],[120.53029,24.22566],[120.52988,24.22584],[120.52639,24.22685],[120.52899,24.23302],[120.53342,24.23184],[120.53341,24.23169],[120.53751,24.2314],[120.53804,24.23112],[120.53899,24.23155],[120.5392,24.23159],[120.53965,24.23152],[120.54328,24.23162],[120.54482,24.23144],[120.5457,24.23154],[120.5462,24.23142],[120.54719,24.23105],[120.54832,24.23054],[120.54871,24.23054],[120.54854,24.23019],[120.54858,24.23011],[120.54886,24.22996],[120.54895,24.22975],[120.54877,24.22954],[120.5478,24.22898],[120.54783,24.22888],[120.54816,24.22874],[120.54622,24.2276],[120.5444,24.22681]]]}},{"type":"Feature","properties":{"c":"66000140014","t":"梧棲區","v":"永安里"},"geometry":{"type":"Polygon","coordinates":[[[120.51445,24.22979],[120.52064,24.2287],[120.52163,24.22805],[120.52312,24.2278],[120.52988,24.22584],[120.53029,24.22566],[120.5342,24.22521],[120.53467,24.22532],[120.53616,24.22547],[120.54113,24.22615],[120.5434,24.22653],[120.5444,24.22681],[120.54622,24.2276],[120.54816,24.22874],[120.54871,24.22852],[120.54872,24.22842],[120.54814,24.22728],[120.54824,24.22717],[120.54877,24.22714],[120.54897,24.22701],[120.54904,24.22618],[120.54899,24.22504],[120.54859,24.22377],[120.54823,24.22317],[120.54822,24.22293],[120.54761,24.22081],[120.54761,24.22051],[120.54736,24.22006],[120.54689,24.21857],[120.54659,24.21828],[120.54674,24.21787],[120.5465,24.21811],[120.54633,24.21819],[120.53413,24.22099],[120.53309,24.22112],[120.53168,24.22148],[120.52927,24.22227],[120.52904,24.22226],[120.52891,24.22202],[120.52897,24.22145],[120.52892,24.22113],[120.52864,24.22071],[120.52856,24.22048],[120.52835,24.22045],[120.52801,24.22052],[120.52778,24.22023],[120.52228,24.22229],[120.5201,24.22313],[120.51993,24.22329],[120.51263,24.22604],[120.51407,24.2295],[120.51358,24.22967],[120.5143,24.22981],[120.51445,24.22979]]]}},{"type":"Feature","properties":{"c":"66000150001","t":"后里區","v":"廣福里"},"geometry":{"type":"Polygon","coordinates":[[[120.72326,24.28876],[120.72389,24.29579],[120.72376,24.29705],[120.72348,24.29846],[120.7219,24.30537],[120.72181,24.30608],[120.72187,24.30685],[120.722,24.3074],[120.7234,24.3075],[120.72461,24.30739],[120.72483,24.30743],[120.72515,24.30759],[120.72528,24.30519],[120.72769,24.30527],[120.73057,24.30555],[120.73087,24.30489],[120.73166,24.30492],[120.73173,24.30542],[120.73528,24.30577],[120.73862,24.30591],[120.74016,24.30578],[120.74046,24.30568],[120.74118,24.30461],[120.74148,24.3043],[120.74181,24.30422],[120.74211,24.30436],[120.74255,24.30538],[120.74292,24.30579],[120.74324,24.30595],[120.74348,24.30594],[120.74572,24.30497],[120.74623,24.30486],[120.74742,24.3048],[120.74813,24.30484],[120.74871,24.30499],[120.75093,24.30591],[120.75135,24.30599],[120.75435,24.30596],[120.75519,24.30602],[120.75578,24.30615],[120.75621,24.30635],[120.75812,24.30772],[120.75811,24.30788],[120.75745,24.30923],[120.75731,24.3099],[120.75718,24.31171],[120.75733,24.31374],[120.75855,24.31375],[120.75913,24.31357],[120.76185,24.31236],[120.76452,24.31126],[120.76479,24.3106],[120.76487,24.30997],[120.76479,24.30963],[120.76457,24.3094],[120.76453,24.30922],[120.76472,24.30845],[120.76461,24.30795],[120.76467,24.3064],[120.76448,24.306],[120.76326,24.30515],[120.76283,24.30441],[120.76285,24.30425],[120.76308,24.30381],[120.76298,24.30326],[120.76308,24.30291],[120.76336,24.30245],[120.76342,24.30204],[120.76368,24.30152],[120.76381,24.30099],[120.76407,24.30078],[120.76422,24.30045],[120.7645,24.30023],[120.76451,24.29986],[120.76529,24.29911],[120.76557,24.29907],[120.76577,24.29912],[120.76615,24.29936],[120.76657,24.29943],[120.7673,24.29894],[120.76745,24.29864],[120.76749,24.29833],[120.76724,24.29775],[120.76704,24.2965],[120.76683,24.29576],[120.76668,24.29538],[120.76624,24.29474],[120.76616,24.29447],[120.76601,24.29362],[120.76606,24.29297],[120.76601,24.29288],[120.76474,24.29222],[120.7643,24.2919],[120.76417,24.29168],[120.76417,24.29115],[120.76401,24.29097],[120.76361,24.29074],[120.76261,24.29045],[120.76124,24.29019],[120.76027,24.29033],[120.75987,24.29007],[120.75958,24.29004],[120.75841,24.2907],[120.75814,24.29071],[120.75778,24.29036],[120.75719,24.28933],[120.75698,24.28912],[120.75561,24.28893],[120.75516,24.28915],[120.75492,24.28909],[120.75466,24.28887],[120.75428,24.28837],[120.75333,24.28789],[120.75237,24.28726],[120.75205,24.28715],[120.75172,24.28715],[120.75089,24.28752],[120.7498,24.28759],[120.74925,24.28749],[120.74882,24.28725],[120.74825,24.28646],[120.74813,24.28615],[120.74817,24.28557],[120.74806,24.28508],[120.74807,24.28477],[120.74844,24.28405],[120.74869,24.28322],[120.74868,24.28276],[120.74825,24.28065],[120.74674,24.28094],[120.73935,24.28175],[120.73792,24.28175],[120.73318,24.28209],[120.72662,24.28223],[120.72263,24.28247],[120.72289,24.28584],[120.72306,24.2871],[120.72326,24.28876]]]}},{"type":"Feature","properties":{"c":"66000150002","t":"后里區","v":"仁里里"},"geometry":{"type":"Polygon","coordinates":[[[120.75644,24.31972],[120.75682,24.31957],[120.75879,24.31919],[120.75857,24.31872],[120.75874,24.3183],[120.7591,24.31809],[120.75929,24.31807],[120.75973,24.31789],[120.76033,24.31752],[120.76083,24.31736],[120.76102,24.31719],[120.76133,24.31639],[120.76162,24.31616],[120.76207,24.31563],[120.76238,24.31545],[120.76301,24.31469],[120.7635,24.31432],[120.76376,24.31358],[120.76369,24.3133],[120.76341,24.31293],[120.76344,24.31273],[120.76353,24.31252],[120.76381,24.31243],[120.76398,24.3123],[120.76452,24.31126],[120.76185,24.31236],[120.75913,24.31357],[120.75855,24.31375],[120.75733,24.31374],[120.75718,24.31171],[120.75731,24.3099],[120.75745,24.30923],[120.75811,24.30788],[120.75812,24.30772],[120.75621,24.30635],[120.75578,24.30615],[120.75519,24.30602],[120.75435,24.30596],[120.75135,24.30599],[120.75093,24.30591],[120.74871,24.30499],[120.74813,24.30484],[120.74742,24.3048],[120.74623,24.30486],[120.74572,24.30497],[120.74348,24.30594],[120.74324,24.30595],[120.74292,24.30579],[120.74255,24.30538],[120.74211,24.30436],[120.74181,24.30422],[120.74148,24.3043],[120.74118,24.30461],[120.74046,24.30568],[120.74016,24.30578],[120.73862,24.30591],[120.73706,24.30588],[120.73528,24.30577],[120.73173,24.30542],[120.73177,24.30564],[120.73302,24.30907],[120.73465,24.31284],[120.73497,24.31328],[120.73596,24.31436],[120.73581,24.31443],[120.73767,24.3165],[120.73981,24.31848],[120.74121,24.3195],[120.74286,24.32039],[120.74336,24.32056],[120.74494,24.32048],[120.74631,24.32063],[120.74894,24.32077],[120.75003,24.3209],[120.75094,24.32111],[120.75236,24.32168],[120.75287,24.32171],[120.75367,24.32158],[120.7544,24.32136],[120.75498,24.32104],[120.75621,24.31989],[120.75644,24.31972]]]}},{"type":"Feature","properties":{"c":"66000150003","t":"后里區","v":"義里里"},"geometry":{"type":"Polygon","coordinates":[[[120.73581,24.31443],[120.73596,24.31436],[120.73497,24.31328],[120.73465,24.31284],[120.73416,24.31171],[120.73302,24.30907],[120.73237,24.30732],[120.73177,24.30564],[120.73166,24.30492],[120.73087,24.30489],[120.73057,24.30555],[120.72769,24.30527],[120.72705,24.30647],[120.72668,24.30763],[120.72655,24.30905],[120.72675,24.31011],[120.72676,24.31087],[120.72707,24.31103],[120.72773,24.31116],[120.72795,24.31128],[120.72814,24.31177],[120.72868,24.31249],[120.72894,24.31269],[120.72896,24.31296],[120.72921,24.31333],[120.72971,24.31351],[120.73021,24.31348],[120.73061,24.31355],[120.73089,24.31394],[120.73068,24.31445],[120.73067,24.31464],[120.73075,24.31492],[120.73111,24.31509],[120.7319,24.31476],[120.73251,24.31439],[120.73321,24.31532],[120.73405,24.31529],[120.73423,24.31515],[120.73453,24.31462],[120.73473,24.31459],[120.73508,24.31467],[120.73544,24.31462],[120.73581,24.31443]]]}},{"type":"Feature","properties":{"c":"66000150004","t":"后里區","v":"后里里"},"geometry":{"type":"Polygon","coordinates":[[[120.72711,24.32537],[120.73367,24.32211],[120.73587,24.32113],[120.73786,24.32038],[120.74031,24.32],[120.74129,24.32008],[120.74286,24.32039],[120.74121,24.3195],[120.73981,24.31848],[120.73767,24.3165],[120.73581,24.31443],[120.73544,24.31462],[120.73508,24.31467],[120.73473,24.31459],[120.73453,24.31462],[120.73423,24.31515],[120.73405,24.31529],[120.73321,24.31532],[120.73251,24.31439],[120.7319,24.31476],[120.73111,24.31509],[120.73075,24.31492],[120.73067,24.31464],[120.73068,24.31445],[120.73089,24.31394],[120.73061,24.31355],[120.73021,24.31348],[120.72971,24.31351],[120.72921,24.31333],[120.72896,24.31296],[120.72894,24.31269],[120.72868,24.31249],[120.72814,24.31177],[120.72795,24.31128],[120.72773,24.31116],[120.72707,24.31103],[120.72676,24.31087],[120.72658,24.31098],[120.72688,24.31136],[120.72677,24.31148],[120.72658,24.31146],[120.72645,24.31118],[120.72604,24.31098],[120.72589,24.31059],[120.726,24.30993],[120.7259,24.30977],[120.72568,24.30964],[120.72553,24.30965],[120.72549,24.31019],[120.72541,24.31031],[120.72518,24.31037],[120.7249,24.31028],[120.72468,24.31013],[120.72389,24.31054],[120.72363,24.31057],[120.72352,24.31052],[120.7234,24.31038],[120.7231,24.30937],[120.72316,24.30932],[120.72396,24.30956],[120.72415,24.30856],[120.72361,24.30862],[120.72299,24.30857],[120.72247,24.30782],[120.72233,24.30742],[120.722,24.3074],[120.72034,24.30772],[120.71989,24.30804],[120.72001,24.30948],[120.7194,24.30961],[120.71943,24.30971],[120.72012,24.31011],[120.72012,24.31078],[120.71998,24.31144],[120.71804,24.31184],[120.7181,24.31279],[120.71826,24.3134],[120.71834,24.31453],[120.71815,24.31618],[120.71823,24.31669],[120.71959,24.31902],[120.72007,24.32048],[120.72039,24.32277],[120.72048,24.32289],[120.72199,24.32415],[120.72319,24.32358],[120.72384,24.3235],[120.72426,24.32479],[120.72453,24.32529],[120.72522,24.32617],[120.72711,24.32537]]]}},{"type":"Feature","properties":{"c":"66000150005","t":"后里區","v":"厚里里"},"geometry":{"type":"Polygon","coordinates":[[[120.72522,24.32617],[120.72453,24.32529],[120.72426,24.32479],[120.72384,24.3235],[120.72319,24.32358],[120.72199,24.32415],[120.72074,24.32315],[120.72039,24.32277],[120.72007,24.32048],[120.71959,24.31902],[120.71823,24.31669],[120.71815,24.31618],[120.71834,24.31453],[120.71826,24.3134],[120.7181,24.31279],[120.71804,24.31184],[120.71998,24.31144],[120.72012,24.31078],[120.72012,24.31011],[120.71943,24.30971],[120.7194,24.30961],[120.72001,24.30948],[120.71989,24.30804],[120.72034,24.30772],[120.71995,24.3076],[120.7194,24.30694],[120.71817,24.307],[120.71832,24.30738],[120.71834,24.30783],[120.71819,24.30848],[120.71803,24.30866],[120.71781,24.30872],[120.71725,24.30858],[120.71679,24.30856],[120.71601,24.30861],[120.71462,24.30899],[120.71429,24.30924],[120.71445,24.31015],[120.71417,24.31023],[120.71433,24.31097],[120.71432,24.31126],[120.71422,24.31136],[120.70979,24.31229],[120.70959,24.31242],[120.70956,24.31267],[120.70961,24.31296],[120.70948,24.31343],[120.70945,24.31526],[120.71028,24.3166],[120.71103,24.31663],[120.71197,24.31693],[120.71383,24.31792],[120.71433,24.31844],[120.71549,24.32068],[120.71785,24.32342],[120.7182,24.32459],[120.71856,24.32524],[120.72006,24.32673],[120.72075,24.32767],[120.72101,24.3282],[120.7232,24.32703],[120.72522,24.32617]]]}},{"type":"Feature","properties":{"c":"66000150006","t":"后里區","v":"墩東里"},"geometry":{"type":"Polygon","coordinates":[[[120.722,24.3074],[120.72187,24.30685],[120.72181,24.30608],[120.72201,24.30478],[120.72119,24.30396],[120.72038,24.30346],[120.71959,24.30312],[120.71842,24.30296],[120.71814,24.30303],[120.71654,24.3041],[120.71621,24.3042],[120.71606,24.30415],[120.7159,24.30394],[120.7153,24.30284],[120.71246,24.30405],[120.71414,24.30732],[120.71356,24.30758],[120.71421,24.30885],[120.71429,24.30924],[120.71462,24.30899],[120.71601,24.30861],[120.71679,24.30856],[120.71725,24.30858],[120.71781,24.30872],[120.71803,24.30866],[120.71819,24.30848],[120.71834,24.30783],[120.71832,24.30738],[120.71817,24.307],[120.7194,24.30694],[120.71995,24.3076],[120.72034,24.30772],[120.7214,24.30751],[120.722,24.3074]]]}},{"type":"Feature","properties":{"c":"66000150007","t":"后里區","v":"墩西里"},"geometry":{"type":"Polygon","coordinates":[[[120.71302,24.30518],[120.71246,24.30405],[120.7153,24.30284],[120.71478,24.30276],[120.7143,24.30283],[120.71317,24.30321],[120.71255,24.30322],[120.71141,24.30281],[120.71066,24.30268],[120.70939,24.30331],[120.70959,24.30397],[120.70956,24.30456],[120.70921,24.30564],[120.70875,24.3059],[120.7065,24.30688],[120.70627,24.30816],[120.70726,24.30776],[120.70965,24.30662],[120.71302,24.30518]]]}},{"type":"Feature","properties":{"c":"66000150008","t":"后里區","v":"墩南里"},"geometry":{"type":"Polygon","coordinates":[[[120.70946,24.28922],[120.70956,24.29196],[120.70902,24.29249],[120.70858,24.29276],[120.70799,24.29297],[120.70761,24.29302],[120.70754,24.29311],[120.70745,24.29404],[120.70642,24.29476],[120.70583,24.29536],[120.70419,24.29752],[120.70521,24.29751],[120.70568,24.29765],[120.70646,24.29811],[120.70675,24.29844],[120.70708,24.29902],[120.70765,24.3005],[120.70803,24.30126],[120.70894,24.30199],[120.70933,24.30211],[120.70931,24.30307],[120.70939,24.30331],[120.71066,24.30268],[120.71141,24.30281],[120.71255,24.30322],[120.71317,24.30321],[120.7143,24.30283],[120.71478,24.30276],[120.7153,24.30284],[120.7159,24.30394],[120.71606,24.30415],[120.71621,24.3042],[120.71654,24.3041],[120.71814,24.30303],[120.71842,24.30296],[120.71959,24.30312],[120.72038,24.30346],[120.72119,24.30396],[120.72201,24.30478],[120.72348,24.29846],[120.72376,24.29705],[120.72389,24.29579],[120.72326,24.28876],[120.72289,24.28584],[120.72263,24.28247],[120.714,24.28348],[120.70937,24.2841],[120.70937,24.2872],[120.70946,24.28922]]]}},{"type":"Feature","properties":{"c":"66000150009","t":"后里區","v":"墩北里"},"geometry":{"type":"Polygon","coordinates":[[[120.71028,24.3166],[120.70945,24.31526],[120.70948,24.31343],[120.70961,24.31296],[120.70956,24.31267],[120.70959,24.31242],[120.70979,24.31229],[120.71422,24.31136],[120.71432,24.31126],[120.71433,24.31097],[120.71417,24.31023],[120.71445,24.31015],[120.71421,24.30885],[120.71356,24.30758],[120.71414,24.30732],[120.71302,24.30518],[120.70965,24.30662],[120.70726,24.30776],[120.70066,24.31055],[120.70153,24.31239],[120.7029,24.31508],[120.70329,24.31573],[120.70655,24.31635],[120.70842,24.31662],[120.71028,24.3166]]]}},{"type":"Feature","properties":{"c":"66000150010","t":"后里區","v":"中和里"},"geometry":{"type":"Polygon","coordinates":[[[120.70627,24.30816],[120.7065,24.30688],[120.70875,24.3059],[120.70921,24.30564],[120.70956,24.30456],[120.70959,24.30397],[120.70931,24.30307],[120.70933,24.30211],[120.70894,24.30199],[120.70803,24.30126],[120.70765,24.3005],[120.70708,24.29902],[120.70675,24.29844],[120.70646,24.29811],[120.70568,24.29765],[120.70521,24.29751],[120.70419,24.29752],[120.70376,24.29797],[120.69688,24.30167],[120.69628,24.30204],[120.69434,24.30344],[120.69462,24.30579],[120.69476,24.30654],[120.69493,24.30688],[120.6974,24.31027],[120.69823,24.31082],[120.69914,24.31127],[120.70212,24.3099],[120.70485,24.30874],[120.70627,24.30816]]]}},{"type":"Feature","properties":{"c":"66000150011","t":"后里區","v":"舊社里"},"geometry":{"type":"Polygon","coordinates":[[[120.65686,24.29529],[120.65905,24.29641],[120.66077,24.29717],[120.66226,24.29797],[120.66419,24.29921],[120.66486,24.29955],[120.66565,24.29981],[120.66748,24.30082],[120.66795,24.30096],[120.66848,24.30074],[120.66965,24.29997],[120.67068,24.2998],[120.67098,24.29955],[120.67141,24.29883],[120.67187,24.29847],[120.67225,24.29831],[120.67327,24.29823],[120.67386,24.29833],[120.67421,24.29855],[120.67461,24.29902],[120.6749,24.29918],[120.67528,24.29928],[120.67573,24.29928],[120.67597,24.29917],[120.67699,24.29807],[120.67786,24.2973],[120.67797,24.29687],[120.67865,24.29714],[120.6792,24.29711],[120.67951,24.29728],[120.67971,24.2973],[120.67994,24.29719],[120.68011,24.29677],[120.68037,24.2966],[120.68069,24.29669],[120.68119,24.29695],[120.68142,24.29694],[120.68156,24.29655],[120.6816,24.29614],[120.68168,24.2961],[120.68229,24.29618],[120.6825,24.29583],[120.68342,24.29514],[120.68436,24.29512],[120.68462,24.29498],[120.68478,24.29479],[120.68566,24.29488],[120.6862,24.29473],[120.68636,24.29459],[120.68665,24.29418],[120.68676,24.29411],[120.68736,24.294],[120.68767,24.29379],[120.68785,24.29354],[120.68801,24.29353],[120.68854,24.29378],[120.68878,24.29375],[120.68908,24.29348],[120.6894,24.29334],[120.68993,24.29352],[120.69025,24.29374],[120.6904,24.29373],[120.6907,24.29355],[120.69095,24.29357],[120.69126,24.29378],[120.69149,24.29422],[120.69163,24.29426],[120.69187,24.29447],[120.69188,24.29498],[120.69233,24.29654],[120.69276,24.29658],[120.69325,24.29676],[120.69345,24.29777],[120.69476,24.30247],[120.69418,24.30294],[120.69434,24.30344],[120.69628,24.30204],[120.69688,24.30167],[120.70376,24.29797],[120.70419,24.29752],[120.70583,24.29536],[120.70642,24.29476],[120.70745,24.29404],[120.70754,24.29311],[120.70761,24.29302],[120.70799,24.29297],[120.70858,24.29276],[120.70902,24.29249],[120.70956,24.29196],[120.70933,24.28609],[120.70937,24.2841],[120.70818,24.28431],[120.70742,24.28429],[120.7004,24.28458],[120.69375,24.28456],[120.68507,24.28483],[120.68315,24.28469],[120.67357,24.28751],[120.67005,24.28862],[120.66665,24.28954],[120.66452,24.29027],[120.66228,24.29086],[120.65867,24.29162],[120.65815,24.29178],[120.65146,24.29556],[120.64948,24.29686],[120.65001,24.29702],[120.65102,24.29678],[120.65149,24.29677],[120.6528,24.29641],[120.65452,24.29629],[120.65498,24.29601],[120.65556,24.29537],[120.65588,24.29525],[120.65641,24.29523],[120.65686,24.29529]]]}},{"type":"Feature","properties":{"c":"66000150012","t":"后里區","v":"聯合里"},"geometry":{"type":"Polygon","coordinates":[[[120.68084,24.31115],[120.68352,24.31036],[120.6845,24.31],[120.68765,24.30818],[120.68895,24.30735],[120.69434,24.30344],[120.69418,24.30294],[120.69476,24.30247],[120.69345,24.29777],[120.69325,24.29676],[120.69276,24.29658],[120.69233,24.29654],[120.69188,24.29498],[120.69187,24.29447],[120.69163,24.29426],[120.69149,24.29422],[120.69131,24.29384],[120.69109,24.29362],[120.69077,24.29354],[120.6904,24.29373],[120.69025,24.29374],[120.68993,24.29352],[120.6894,24.29334],[120.68908,24.29348],[120.68889,24.29369],[120.68869,24.29377],[120.68848,24.29377],[120.68796,24.29351],[120.68785,24.29354],[120.68767,24.29379],[120.68736,24.294],[120.68676,24.29411],[120.68665,24.29418],[120.68636,24.29459],[120.6862,24.29473],[120.68566,24.29488],[120.68478,24.29479],[120.68462,24.29498],[120.68436,24.29512],[120.68342,24.29514],[120.6825,24.29583],[120.68229,24.29618],[120.68168,24.2961],[120.6816,24.29614],[120.68156,24.29655],[120.68142,24.29694],[120.68119,24.29695],[120.68069,24.29669],[120.68037,24.2966],[120.68011,24.29677],[120.67994,24.29719],[120.67971,24.2973],[120.67951,24.29728],[120.6792,24.29711],[120.67865,24.29714],[120.67797,24.29687],[120.67786,24.2973],[120.67699,24.29807],[120.67597,24.29917],[120.67573,24.29928],[120.67528,24.29928],[120.6749,24.29918],[120.67461,24.29902],[120.67421,24.29855],[120.67386,24.29833],[120.67327,24.29823],[120.67225,24.29831],[120.67187,24.29847],[120.67141,24.29883],[120.67098,24.29955],[120.67068,24.2998],[120.66965,24.29997],[120.66848,24.30074],[120.66795,24.30096],[120.66863,24.30116],[120.66917,24.30143],[120.66941,24.30179],[120.66984,24.30213],[120.67009,24.30218],[120.67054,24.30214],[120.67073,24.30222],[120.67084,24.3024],[120.6711,24.30367],[120.67136,24.30399],[120.67178,24.30418],[120.67223,24.30418],[120.67361,24.30397],[120.67479,24.30406],[120.67544,24.30421],[120.67574,24.30421],[120.67698,24.30388],[120.67813,24.30386],[120.6795,24.30404],[120.67973,24.3041],[120.68016,24.30436],[120.6809,24.30497],[120.68129,24.30872],[120.68166,24.31018],[120.68166,24.31034],[120.68155,24.31052],[120.68084,24.31115]]]}},{"type":"Feature","properties":{"c":"66000150013","t":"后里區","v":"太平里"},"geometry":{"type":"Polygon","coordinates":[[[120.67299,24.3168],[120.67298,24.31665],[120.67328,24.31648],[120.67343,24.31646],[120.67478,24.3152],[120.67687,24.31363],[120.67822,24.31252],[120.67998,24.31154],[120.68084,24.31115],[120.68155,24.31052],[120.68166,24.31034],[120.68129,24.30872],[120.6809,24.30497],[120.68016,24.30436],[120.67973,24.3041],[120.6795,24.30404],[120.67813,24.30386],[120.67698,24.30388],[120.67601,24.30417],[120.67555,24.30422],[120.67479,24.30406],[120.67361,24.30397],[120.67193,24.3042],[120.67149,24.30408],[120.67127,24.30391],[120.6711,24.30367],[120.67084,24.3024],[120.67065,24.30217],[120.66984,24.30213],[120.66941,24.30179],[120.66917,24.30143],[120.66863,24.30116],[120.66748,24.30082],[120.66619,24.30006],[120.66565,24.29981],[120.66486,24.29955],[120.66371,24.29895],[120.66226,24.29797],[120.66077,24.29717],[120.65905,24.29641],[120.65686,24.29529],[120.65641,24.29523],[120.65588,24.29525],[120.65556,24.29537],[120.65498,24.29601],[120.65452,24.29629],[120.6528,24.29641],[120.65149,24.29677],[120.65102,24.29678],[120.65001,24.29702],[120.64948,24.29686],[120.64717,24.29827],[120.64635,24.29914],[120.64669,24.29948],[120.64743,24.3013],[120.64765,24.30198],[120.64844,24.30553],[120.64918,24.30581],[120.65002,24.30634],[120.65096,24.30716],[120.65013,24.3083],[120.6501,24.30845],[120.65022,24.30868],[120.65001,24.30888],[120.65061,24.31372],[120.65073,24.31439],[120.65091,24.31493],[120.65344,24.31475],[120.65415,24.31476],[120.65488,24.31496],[120.65646,24.31513],[120.65864,24.31495],[120.65931,24.31519],[120.66212,24.31584],[120.66444,24.3161],[120.66481,24.31606],[120.66695,24.31619],[120.6692,24.3162],[120.67166,24.31674],[120.67295,24.31678],[120.67299,24.3168]]]}},{"type":"Feature","properties":{"c":"66000150014","t":"后里區","v":"眉山里"},"geometry":{"type":"Polygon","coordinates":[[[120.69158,24.31815],[120.69192,24.31762],[120.69194,24.317],[120.69209,24.31681],[120.69435,24.31765],[120.69563,24.31636],[120.69625,24.31679],[120.69702,24.31624],[120.70021,24.31339],[120.69975,24.31266],[120.70153,24.31239],[120.70066,24.31055],[120.69914,24.31127],[120.69823,24.31082],[120.6974,24.31027],[120.69493,24.30688],[120.69476,24.30654],[120.69462,24.30579],[120.69434,24.30344],[120.68895,24.30735],[120.68765,24.30818],[120.6845,24.31],[120.68352,24.31036],[120.68056,24.31124],[120.67822,24.31252],[120.67687,24.31363],[120.67478,24.3152],[120.67343,24.31646],[120.67328,24.31648],[120.67298,24.31665],[120.67295,24.31678],[120.67446,24.31737],[120.67618,24.31782],[120.67811,24.31815],[120.67957,24.31877],[120.68074,24.31906],[120.68137,24.31942],[120.68258,24.31994],[120.6835,24.32014],[120.68699,24.32129],[120.68805,24.32151],[120.68918,24.32188],[120.69076,24.31939],[120.69158,24.31815]]]}},{"type":"Feature","properties":{"c":"66000150015","t":"后里區","v":"泰安里"},"geometry":{"type":"Polygon","coordinates":[[[120.75303,24.33148],[120.75455,24.33187],[120.75557,24.33094],[120.75825,24.32878],[120.75851,24.32865],[120.75904,24.32852],[120.75965,24.32847],[120.7601,24.32823],[120.76173,24.32717],[120.76248,24.32636],[120.763,24.32601],[120.76449,24.32573],[120.76225,24.32492],[120.76001,24.32372],[120.75954,24.32325],[120.75949,24.32259],[120.75936,24.3223],[120.75918,24.32213],[120.75875,24.32194],[120.7591,24.32166],[120.75923,24.32141],[120.75928,24.32114],[120.75921,24.32061],[120.75894,24.32009],[120.75895,24.31987],[120.75881,24.3195],[120.75879,24.31919],[120.75682,24.31957],[120.75644,24.31972],[120.75498,24.32104],[120.7544,24.32136],[120.75367,24.32158],[120.75287,24.32171],[120.75236,24.32168],[120.75094,24.32111],[120.75003,24.3209],[120.74894,24.32077],[120.74631,24.32063],[120.74494,24.32048],[120.74336,24.32056],[120.74286,24.32039],[120.74129,24.32008],[120.74031,24.32],[120.73786,24.32038],[120.73587,24.32113],[120.73367,24.32211],[120.72711,24.32537],[120.72782,24.32563],[120.72851,24.32604],[120.72879,24.32611],[120.72942,24.32613],[120.72992,24.32628],[120.73085,24.32683],[120.73122,24.32699],[120.73214,24.32715],[120.73341,24.32713],[120.73441,24.32743],[120.73518,24.32783],[120.73651,24.32819],[120.73928,24.32827],[120.74133,24.32853],[120.74237,24.32849],[120.74418,24.32863],[120.74505,24.32845],[120.74622,24.32801],[120.74688,24.32794],[120.74795,24.32726],[120.7484,24.3271],[120.74966,24.32703],[120.75021,24.32716],[120.75055,24.32747],[120.75074,24.32784],[120.75095,24.32886],[120.75103,24.33001],[120.75112,24.33041],[120.7513,24.33076],[120.75182,24.33127],[120.75254,24.33139],[120.75303,24.33148]]]}},{"type":"Feature","properties":{"c":"66000150016","t":"后里區","v":"公館里"},"geometry":{"type":"Polygon","coordinates":[[[120.72435,24.3541],[120.72778,24.35296],[120.7284,24.35284],[120.72928,24.35235],[120.72984,24.35213],[120.73064,24.35164],[120.73094,24.3514],[120.7317,24.35045],[120.73446,24.34794],[120.73752,24.34582],[120.73848,24.34507],[120.7397,24.34396],[120.74156,24.34253],[120.74216,24.34193],[120.74253,24.34138],[120.74328,24.34051],[120.74476,24.33947],[120.74537,24.33893],[120.74626,24.33802],[120.74862,24.33615],[120.74989,24.33553],[120.75224,24.33417],[120.75331,24.33285],[120.75374,24.33241],[120.75455,24.33187],[120.75303,24.33148],[120.75182,24.33127],[120.7516,24.33111],[120.7513,24.33076],[120.75112,24.33041],[120.75103,24.33001],[120.75095,24.32886],[120.75074,24.32784],[120.75055,24.32747],[120.75021,24.32716],[120.74966,24.32703],[120.7484,24.3271],[120.74795,24.32726],[120.74688,24.32794],[120.74622,24.32801],[120.74505,24.32845],[120.74418,24.32863],[120.74237,24.32849],[120.74133,24.32853],[120.73928,24.32827],[120.73651,24.32819],[120.73518,24.32783],[120.73441,24.32743],[120.73341,24.32713],[120.73214,24.32715],[120.73122,24.32699],[120.73085,24.32683],[120.72992,24.32628],[120.72942,24.32613],[120.72879,24.32611],[120.72851,24.32604],[120.72782,24.32563],[120.72711,24.32537],[120.7232,24.32703],[120.71805,24.32979],[120.71478,24.33128],[120.71475,24.33244],[120.71459,24.33348],[120.71464,24.33398],[120.71538,24.33506],[120.71593,24.33569],[120.71577,24.33613],[120.71547,24.33627],[120.71538,24.33645],[120.715,24.33636],[120.71479,24.33655],[120.71457,24.33693],[120.71473,24.33723],[120.71434,24.33764],[120.71444,24.33766],[120.71497,24.33738],[120.71517,24.33808],[120.7152,24.33885],[120.71511,24.33927],[120.71514,24.33938],[120.71551,24.33986],[120.71582,24.33994],[120.71801,24.33999],[120.71844,24.33991],[120.71865,24.34008],[120.71942,24.34123],[120.71932,24.34137],[120.71899,24.34151],[120.71767,24.34168],[120.71755,24.34179],[120.71742,24.34215],[120.71697,24.34236],[120.71714,24.34295],[120.7172,24.34299],[120.71731,24.34293],[120.71739,24.34304],[120.71825,24.34458],[120.71844,24.3451],[120.71838,24.34534],[120.718,24.34616],[120.71795,24.34641],[120.71828,24.34703],[120.71832,24.3474],[120.71819,24.34756],[120.71796,24.34766],[120.71782,24.34798],[120.71762,24.34821],[120.71763,24.34838],[120.71756,24.34849],[120.7171,24.3489],[120.71712,24.34975],[120.71765,24.35056],[120.71791,24.35219],[120.71785,24.35289],[120.71806,24.35398],[120.71827,24.35583],[120.72063,24.35512],[120.72315,24.35467],[120.72433,24.3541],[120.72435,24.3541]]]}},{"type":"Feature","properties":{"c":"66000150017","t":"后里區","v":"月眉里"},"geometry":{"type":"Polygon","coordinates":[[[120.71478,24.33128],[120.71805,24.32979],[120.72101,24.3282],[120.72075,24.32767],[120.72006,24.32673],[120.71856,24.32524],[120.7182,24.32459],[120.71785,24.32342],[120.71549,24.32068],[120.71433,24.31844],[120.71383,24.31792],[120.71197,24.31693],[120.71103,24.31663],[120.70842,24.31662],[120.70774,24.31656],[120.70329,24.31573],[120.7029,24.31508],[120.70153,24.31239],[120.69975,24.31266],[120.70021,24.31339],[120.69702,24.31624],[120.69625,24.31679],[120.69563,24.31636],[120.69435,24.31765],[120.69209,24.31681],[120.69194,24.317],[120.69192,24.31762],[120.68918,24.32188],[120.68996,24.32221],[120.69108,24.32326],[120.69147,24.32354],[120.69264,24.32415],[120.69375,24.32514],[120.69484,24.32568],[120.69504,24.32576],[120.69566,24.32584],[120.6979,24.32682],[120.69957,24.32711],[120.70037,24.32697],[120.70063,24.32706],[120.70076,24.32727],[120.70087,24.32797],[120.70112,24.33024],[120.70119,24.33115],[120.70118,24.33258],[120.70243,24.33282],[120.7034,24.33287],[120.70445,24.33247],[120.70699,24.33211],[120.70772,24.33207],[120.70926,24.33226],[120.71153,24.33168],[120.71365,24.33159],[120.71415,24.33143],[120.71428,24.33132],[120.71441,24.33102],[120.71451,24.33099],[120.71475,24.33099],[120.71478,24.33124],[120.71478,24.33128]]]}},{"type":"Feature","properties":{"c":"66000150018","t":"后里區","v":"義德里"},"geometry":{"type":"Polygon","coordinates":[[[120.72676,24.31087],[120.72675,24.31011],[120.72655,24.30905],[120.72668,24.30763],[120.72705,24.30647],[120.72769,24.30527],[120.72528,24.30519],[120.72515,24.30759],[120.72483,24.30743],[120.72461,24.30739],[120.7234,24.3075],[120.72233,24.30742],[120.72247,24.30782],[120.72299,24.30857],[120.72361,24.30862],[120.72415,24.30856],[120.72396,24.30956],[120.72316,24.30932],[120.7231,24.30937],[120.7234,24.31038],[120.72352,24.31052],[120.72363,24.31057],[120.72389,24.31054],[120.72468,24.31013],[120.7249,24.31028],[120.72518,24.31037],[120.72541,24.31031],[120.72549,24.31019],[120.72553,24.30965],[120.72568,24.30964],[120.7259,24.30977],[120.726,24.30993],[120.72589,24.31059],[120.72604,24.31098],[120.72645,24.31118],[120.72658,24.31146],[120.72677,24.31148],[120.72688,24.31136],[120.72658,24.31098],[120.72676,24.31087]]]}},{"type":"Feature","properties":{"c":"66000160001","t":"神岡區","v":"神岡里"},"geometry":{"type":"Polygon","coordinates":[[[120.66264,24.26325],[120.66252,24.2586],[120.66384,24.25831],[120.66278,24.25803],[120.66279,24.25782],[120.66231,24.25778],[120.66177,24.25762],[120.66127,24.25736],[120.66098,24.25708],[120.65995,24.25681],[120.65898,24.25628],[120.65811,24.25608],[120.65711,24.256],[120.65439,24.25502],[120.65407,24.25503],[120.65305,24.25544],[120.65422,24.25727],[120.65398,24.25832],[120.65411,24.25943],[120.65461,24.26193],[120.65497,24.2625],[120.6552,24.26267],[120.6555,24.26276],[120.65654,24.26275],[120.65779,24.26293],[120.65946,24.26382],[120.66047,24.26422],[120.66262,24.26528],[120.66263,24.26442],[120.66264,24.26325]]]}},{"type":"Feature","properties":{"c":"66000160002","t":"神岡區","v":"庄前里"},"geometry":{"type":"Polygon","coordinates":[[[120.66941,24.24899],[120.66946,24.24787],[120.66972,24.24739],[120.66932,24.24713],[120.66919,24.24689],[120.66923,24.24651],[120.66951,24.24594],[120.66943,24.24562],[120.66929,24.24558],[120.66919,24.2452],[120.66902,24.24487],[120.66896,24.24485],[120.66279,24.24749],[120.66248,24.24752],[120.66205,24.24738],[120.65999,24.24821],[120.65819,24.24909],[120.65305,24.25131],[120.65277,24.25106],[120.65272,24.25134],[120.65292,24.25238],[120.65329,24.25305],[120.65369,24.25353],[120.65414,24.25394],[120.65579,24.2551],[120.65561,24.25545],[120.65711,24.256],[120.65811,24.25608],[120.65898,24.25628],[120.65995,24.25681],[120.66098,24.25708],[120.66127,24.25736],[120.66177,24.25762],[120.66231,24.25778],[120.66279,24.25782],[120.6628,24.25586],[120.66483,24.25524],[120.66486,24.25454],[120.66779,24.25363],[120.66785,24.25348],[120.66777,24.25297],[120.66787,24.25279],[120.6694,24.25265],[120.66921,24.2516],[120.66896,24.25105],[120.66872,24.25071],[120.66868,24.24895],[120.66883,24.24883],[120.66908,24.24884],[120.66941,24.24899]]]}},{"type":"Feature","properties":{"c":"66000160003","t":"神岡區","v":"北庄里"},"geometry":{"type":"Polygon","coordinates":[[[120.66264,24.26325],[120.665,24.26289],[120.66497,24.26194],[120.6648,24.26075],[120.66482,24.26057],[120.66493,24.26046],[120.66713,24.25976],[120.6709,24.25886],[120.67181,24.25847],[120.67256,24.25825],[120.67285,24.258],[120.67474,24.25914],[120.6753,24.25918],[120.67602,24.25993],[120.67621,24.25997],[120.67652,24.2599],[120.677,24.25959],[120.67723,24.25933],[120.67742,24.25888],[120.67787,24.25825],[120.67959,24.25738],[120.68019,24.25653],[120.6798,24.25608],[120.67955,24.25606],[120.67928,24.25594],[120.67867,24.25505],[120.6783,24.25511],[120.67802,24.25504],[120.67791,24.25485],[120.67799,24.25457],[120.67754,24.25437],[120.67696,24.2545],[120.67629,24.25425],[120.67545,24.25367],[120.67508,24.25309],[120.67477,24.25291],[120.67413,24.25282],[120.67354,24.25256],[120.67228,24.25238],[120.67218,24.25229],[120.67205,24.25181],[120.67178,24.25143],[120.67172,24.25086],[120.67164,24.25072],[120.67136,24.25064],[120.67124,24.25027],[120.67103,24.25013],[120.6705,24.24951],[120.6702,24.24927],[120.66908,24.24884],[120.66883,24.24883],[120.66874,24.24887],[120.66867,24.24906],[120.66872,24.25071],[120.66896,24.25105],[120.66921,24.2516],[120.6694,24.25265],[120.66787,24.25279],[120.66777,24.25297],[120.66785,24.25348],[120.66779,24.25363],[120.66486,24.25454],[120.66483,24.25524],[120.6628,24.25586],[120.66278,24.25803],[120.66384,24.25831],[120.66252,24.2586],[120.6626,24.26138],[120.66264,24.26325]]]}},{"type":"Feature","properties":{"c":"66000160004","t":"神岡區","v":"庄後里"},"geometry":{"type":"Polygon","coordinates":[[[120.67701,24.26705],[120.67961,24.26505],[120.68025,24.26406],[120.68206,24.26247],[120.68363,24.26185],[120.68613,24.25972],[120.68739,24.25897],[120.68668,24.25841],[120.68595,24.2581],[120.68553,24.25752],[120.6833,24.2576],[120.68217,24.25697],[120.68166,24.25689],[120.68065,24.2569],[120.68043,24.2568],[120.68019,24.25653],[120.67959,24.25738],[120.67787,24.25825],[120.67742,24.25888],[120.67723,24.25933],[120.677,24.25959],[120.67652,24.2599],[120.67621,24.25997],[120.67602,24.25993],[120.6753,24.25918],[120.67474,24.25914],[120.67285,24.258],[120.67256,24.25825],[120.67181,24.25847],[120.6709,24.25886],[120.66713,24.25976],[120.66493,24.26046],[120.66482,24.26057],[120.6648,24.26075],[120.66497,24.26194],[120.665,24.26289],[120.66264,24.26325],[120.66263,24.26442],[120.66305,24.26457],[120.66308,24.26474],[120.66319,24.26479],[120.66379,24.26479],[120.66503,24.26531],[120.66562,24.26653],[120.66599,24.26698],[120.66626,24.26714],[120.66686,24.26871],[120.66722,24.26911],[120.66779,24.2694],[120.66828,24.27005],[120.66997,24.26941],[120.67273,24.26931],[120.67334,24.2688],[120.67447,24.26811],[120.67523,24.26713],[120.67591,24.26647],[120.67616,24.26642],[120.67627,24.26648],[120.67701,24.26705]]]}},{"type":"Feature","properties":{"c":"66000160005","t":"神岡區","v":"社口里"},"geometry":{"type":"Polygon","coordinates":[[[120.68739,24.25897],[120.68888,24.25864],[120.6896,24.2584],[120.68938,24.25766],[120.69066,24.2562],[120.69083,24.25589],[120.69086,24.2556],[120.69071,24.25465],[120.69067,24.25404],[120.68995,24.25383],[120.68974,24.25359],[120.68935,24.25139],[120.6894,24.25116],[120.6896,24.25088],[120.68981,24.25071],[120.69042,24.25052],[120.69094,24.25044],[120.69133,24.25025],[120.69153,24.25004],[120.69205,24.24911],[120.69277,24.24855],[120.69285,24.24841],[120.68718,24.24709],[120.685,24.24648],[120.68366,24.24664],[120.68295,24.24661],[120.68054,24.24788],[120.68018,24.24834],[120.67971,24.24879],[120.67514,24.25172],[120.67453,24.25225],[120.67404,24.25278],[120.67477,24.25291],[120.67494,24.25299],[120.67508,24.25309],[120.67545,24.25367],[120.67644,24.25432],[120.67696,24.2545],[120.67754,24.25437],[120.67799,24.25457],[120.67791,24.25485],[120.67802,24.25504],[120.6783,24.25511],[120.67867,24.25505],[120.67928,24.25594],[120.67955,24.25606],[120.6798,24.25608],[120.68035,24.25672],[120.68055,24.25687],[120.68166,24.25689],[120.68217,24.25697],[120.6833,24.2576],[120.68553,24.25752],[120.68595,24.2581],[120.68668,24.25841],[120.68739,24.25897]]]}},{"type":"Feature","properties":{"c":"66000160006","t":"神岡區","v":"社南里"},"geometry":{"type":"Polygon","coordinates":[[[120.67459,24.23586],[120.67454,24.23608],[120.67428,24.23634],[120.67426,24.2366],[120.67456,24.23695],[120.67438,24.23725],[120.67437,24.23755],[120.67465,24.23765],[120.67479,24.23782],[120.67458,24.23816],[120.67467,24.23838],[120.67492,24.23859],[120.67467,24.23899],[120.67479,24.23921],[120.67509,24.23943],[120.67528,24.23973],[120.67536,24.23975],[120.6758,24.23955],[120.67594,24.2396],[120.67602,24.23973],[120.67588,24.23992],[120.6761,24.24016],[120.67606,24.24033],[120.67579,24.24052],[120.67574,24.24085],[120.67564,24.2408],[120.67555,24.24086],[120.67507,24.24142],[120.67456,24.24188],[120.67455,24.24197],[120.6752,24.24306],[120.67106,24.24497],[120.66942,24.24562],[120.66951,24.24594],[120.6692,24.24666],[120.66919,24.24689],[120.66926,24.24707],[120.66972,24.24739],[120.66946,24.24787],[120.66941,24.24899],[120.6702,24.24927],[120.67036,24.24939],[120.67075,24.24985],[120.67124,24.25027],[120.67136,24.25064],[120.67164,24.25072],[120.67172,24.25086],[120.67178,24.25143],[120.67205,24.25181],[120.67218,24.25229],[120.67228,24.25238],[120.67354,24.25256],[120.67404,24.25278],[120.67453,24.25225],[120.67514,24.25172],[120.67971,24.24879],[120.68018,24.24834],[120.68054,24.24788],[120.68295,24.24661],[120.68366,24.24664],[120.685,24.24648],[120.68718,24.24709],[120.69285,24.24841],[120.69279,24.24806],[120.69242,24.24751],[120.6919,24.24709],[120.69089,24.24649],[120.69006,24.24614],[120.68942,24.24658],[120.68864,24.24657],[120.68792,24.246],[120.68777,24.24576],[120.6878,24.24538],[120.68772,24.24522],[120.68663,24.24457],[120.68667,24.24427],[120.68652,24.24376],[120.68666,24.24357],[120.68665,24.24333],[120.68596,24.24235],[120.68588,24.24201],[120.68547,24.24167],[120.6854,24.24147],[120.68544,24.24116],[120.68539,24.24108],[120.68523,24.24101],[120.68467,24.24098],[120.68432,24.2408],[120.68386,24.24098],[120.68359,24.24077],[120.68312,24.24067],[120.68304,24.24056],[120.683,24.24001],[120.68289,24.23983],[120.68226,24.23971],[120.68207,24.23959],[120.68159,24.23911],[120.681,24.23832],[120.68081,24.23826],[120.68008,24.23831],[120.6794,24.23818],[120.67914,24.23807],[120.67893,24.23771],[120.67871,24.23772],[120.67856,24.23762],[120.67838,24.23738],[120.67834,24.23679],[120.67825,24.23657],[120.6779,24.23639],[120.67759,24.23612],[120.67739,24.23571],[120.67726,24.23504],[120.67682,24.23431],[120.67628,24.23359],[120.6758,24.23314],[120.67567,24.23313],[120.67504,24.23337],[120.67482,24.23326],[120.67474,24.23308],[120.67456,24.23334],[120.67447,24.2336],[120.67454,24.23403],[120.67428,24.23437],[120.67426,24.23453],[120.67434,24.23466],[120.6745,24.23471],[120.67471,24.23462],[120.67473,24.23509],[120.67456,24.23551],[120.67458,24.23581],[120.67459,24.23586]]]}},{"type":"Feature","properties":{"c":"66000160007","t":"神岡區","v":"三角里"},"geometry":{"type":"Polygon","coordinates":[[[120.69454,24.24348],[120.69621,24.24352],[120.69686,24.24375],[120.69754,24.2439],[120.69698,24.24277],[120.69681,24.2416],[120.69674,24.24142],[120.69577,24.23991],[120.69564,24.23958],[120.6957,24.23919],[120.69582,24.23909],[120.69808,24.23913],[120.6982,24.23856],[120.69875,24.23817],[120.69824,24.23562],[120.69827,24.23557],[120.69904,24.23561],[120.69899,24.23528],[120.6991,24.23502],[120.69895,24.2345],[120.69849,24.23346],[120.69834,24.23275],[120.69845,24.23235],[120.69828,24.23214],[120.69724,24.23173],[120.69705,24.23156],[120.69672,24.23146],[120.69499,24.23117],[120.693,24.23114],[120.69292,24.23109],[120.69289,24.23078],[120.69293,24.23045],[120.69286,24.23016],[120.69286,24.22962],[120.69271,24.22945],[120.69197,24.22904],[120.6914,24.22889],[120.69098,24.22887],[120.68996,24.2291],[120.6898,24.22926],[120.68973,24.23023],[120.68979,24.23031],[120.69027,24.23051],[120.69039,24.23215],[120.69053,24.23288],[120.69081,24.23353],[120.69126,24.23417],[120.6915,24.23465],[120.69164,24.23514],[120.69087,24.23535],[120.69055,24.23555],[120.6896,24.23575],[120.68926,24.23576],[120.6886,24.23564],[120.68824,24.23517],[120.68796,24.23499],[120.68639,24.23458],[120.68553,24.23406],[120.68541,24.23304],[120.68527,24.23275],[120.68546,24.23238],[120.68526,24.23181],[120.68425,24.23194],[120.68415,24.23165],[120.68137,24.2321],[120.68274,24.23401],[120.6826,24.23408],[120.68184,24.23412],[120.68145,24.23402],[120.681,24.23363],[120.68086,24.23365],[120.68046,24.23595],[120.68096,24.23713],[120.68111,24.23782],[120.68176,24.23861],[120.68216,24.23937],[120.68241,24.23971],[120.68259,24.2398],[120.68278,24.23978],[120.68289,24.23983],[120.683,24.24001],[120.68304,24.24056],[120.68312,24.24067],[120.68359,24.24077],[120.68386,24.24098],[120.68432,24.2408],[120.68467,24.24098],[120.68523,24.24101],[120.68539,24.24108],[120.68544,24.24116],[120.6854,24.24147],[120.68547,24.24167],[120.68588,24.24201],[120.68596,24.24235],[120.68665,24.24333],[120.68666,24.24357],[120.68652,24.24376],[120.68667,24.24427],[120.68663,24.24457],[120.68772,24.24522],[120.6878,24.24538],[120.68777,24.24576],[120.68792,24.246],[120.6888,24.24583],[120.68918,24.24567],[120.68927,24.24559],[120.68943,24.24519],[120.69169,24.24515],[120.69386,24.24526],[120.69312,24.24434],[120.6922,24.24358],[120.69387,24.24349],[120.69454,24.24348]]]}},{"type":"Feature","properties":{"c":"66000160008","t":"神岡區","v":"岸裡里"},"geometry":{"type":"Polygon","coordinates":[[[120.69454,24.24348],[120.6922,24.24358],[120.69312,24.24434],[120.69386,24.24526],[120.69169,24.24515],[120.68943,24.24519],[120.68927,24.24559],[120.68918,24.24567],[120.6888,24.24583],[120.68792,24.246],[120.68864,24.24657],[120.68942,24.24658],[120.69006,24.24614],[120.69058,24.24635],[120.69138,24.24676],[120.69223,24.24733],[120.69259,24.24772],[120.69283,24.24818],[120.69285,24.24841],[120.69277,24.24855],[120.69205,24.24911],[120.69153,24.25004],[120.69133,24.25025],[120.69094,24.25044],[120.69042,24.25052],[120.68981,24.25071],[120.6896,24.25088],[120.68937,24.25124],[120.6894,24.25176],[120.68974,24.25359],[120.68995,24.25383],[120.69067,24.25404],[120.69071,24.25465],[120.69086,24.2556],[120.69083,24.25589],[120.69066,24.2562],[120.68938,24.25766],[120.6896,24.2584],[120.69046,24.25823],[120.69205,24.25718],[120.6928,24.25706],[120.69325,24.25686],[120.69362,24.25663],[120.69467,24.25555],[120.69606,24.25482],[120.69661,24.2542],[120.69655,24.25313],[120.69614,24.25199],[120.69652,24.25177],[120.69729,24.25093],[120.69889,24.25027],[120.70015,24.25042],[120.69987,24.25011],[120.69943,24.24982],[120.69921,24.24958],[120.69922,24.24819],[120.69911,24.2468],[120.69754,24.2439],[120.69686,24.24375],[120.69621,24.24352],[120.69518,24.24347],[120.69454,24.24348]]]}},{"type":"Feature","properties":{"c":"66000160009","t":"神岡區","v":"大社里"},"geometry":{"type":"Polygon","coordinates":[[[120.6981,24.25061],[120.69754,24.25078],[120.69729,24.25093],[120.69652,24.25177],[120.69614,24.25199],[120.69655,24.25313],[120.69663,24.25463],[120.69696,24.25606],[120.69693,24.2568],[120.69737,24.25798],[120.69769,24.25859],[120.69804,24.25841],[120.69839,24.25801],[120.69884,24.25703],[120.69905,24.25675],[120.6992,24.25625],[120.69961,24.25616],[120.70061,24.25625],[120.70081,24.25622],[120.70216,24.25548],[120.7027,24.25534],[120.70341,24.25496],[120.70378,24.25483],[120.70406,24.25494],[120.70411,24.25479],[120.70401,24.25464],[120.70348,24.2543],[120.70307,24.25354],[120.70297,24.25349],[120.70282,24.25351],[120.70268,24.2533],[120.70223,24.25301],[120.70192,24.25247],[120.70156,24.25222],[120.70148,24.25211],[120.7013,24.25131],[120.70117,24.25108],[120.70094,24.25087],[120.70015,24.25042],[120.69889,24.25027],[120.69841,24.25049],[120.6981,24.25061]]]}},{"type":"Feature","properties":{"c":"66000160010","t":"神岡區","v":"豐洲里"},"geometry":{"type":"Polygon","coordinates":[[[120.70769,24.25601],[120.70637,24.25624],[120.70569,24.25623],[120.7051,24.25613],[120.70479,24.256],[120.70406,24.25494],[120.70378,24.25483],[120.70341,24.25496],[120.7027,24.25534],[120.70216,24.25548],[120.70081,24.25622],[120.70061,24.25625],[120.69961,24.25616],[120.6992,24.25625],[120.69905,24.25675],[120.69884,24.25703],[120.69839,24.25801],[120.69804,24.25841],[120.69769,24.25859],[120.69818,24.25906],[120.69841,24.25971],[120.69849,24.26017],[120.69853,24.26126],[120.69897,24.26281],[120.69891,24.2633],[120.69951,24.26419],[120.69968,24.26436],[120.69964,24.26482],[120.6997,24.26517],[120.69986,24.26569],[120.69994,24.26628],[120.70016,24.26687],[120.70045,24.26829],[120.70029,24.26928],[120.69954,24.26971],[120.69947,24.26986],[120.69945,24.27028],[120.69918,24.27054],[120.69904,24.27214],[120.69878,24.2726],[120.69882,24.27325],[120.69896,24.2734],[120.69991,24.27396],[120.7005,24.27444],[120.70147,24.27562],[120.70198,24.27645],[120.70258,24.27814],[120.70319,24.2791],[120.70342,24.27973],[120.70332,24.28116],[120.70313,24.2818],[120.70198,24.28451],[120.70742,24.28429],[120.70818,24.28431],[120.70848,24.28422],[120.71271,24.28364],[120.71256,24.27745],[120.71244,24.27731],[120.71245,24.27489],[120.71262,24.27471],[120.71261,24.27397],[120.7124,24.27405],[120.71212,24.27439],[120.71166,24.27432],[120.7114,24.27419],[120.71084,24.27371],[120.7102,24.27343],[120.70975,24.27283],[120.70955,24.27275],[120.70932,24.27208],[120.7095,24.27143],[120.70948,24.27081],[120.70938,24.27071],[120.70812,24.27032],[120.70797,24.27018],[120.70796,24.26988],[120.7081,24.26947],[120.70795,24.26903],[120.70793,24.2684],[120.70778,24.26773],[120.70755,24.2674],[120.70772,24.26686],[120.70824,24.26611],[120.70902,24.26578],[120.70923,24.26577],[120.7101,24.26532],[120.71009,24.26497],[120.71044,24.26446],[120.71086,24.26414],[120.71089,24.26389],[120.71082,24.26355],[120.71136,24.26254],[120.71151,24.26087],[120.7118,24.26026],[120.71194,24.2596],[120.71203,24.25943],[120.71225,24.25922],[120.71253,24.25915],[120.71324,24.25923],[120.71338,24.25896],[120.71356,24.2583],[120.71396,24.25791],[120.71397,24.25775],[120.71381,24.25728],[120.71398,24.25673],[120.71278,24.25609],[120.71196,24.25587],[120.70879,24.25567],[120.70818,24.25591],[120.70769,24.25601]]]}},{"type":"Feature","properties":{"c":"66000160011","t":"神岡區","v":"神洲里"},"geometry":{"type":"Polygon","coordinates":[[[120.69172,24.27854],[120.69186,24.28092],[120.69188,24.28305],[120.69204,24.28461],[120.69375,24.28456],[120.69918,24.28461],[120.70198,24.28451],[120.70313,24.2818],[120.70332,24.28116],[120.70342,24.27973],[120.70337,24.27947],[120.70258,24.27814],[120.70215,24.27685],[120.70177,24.27605],[120.70111,24.27514],[120.7005,24.27444],[120.69991,24.27396],[120.69896,24.2734],[120.69882,24.27325],[120.69878,24.2726],[120.69904,24.27214],[120.69918,24.27054],[120.69945,24.27028],[120.69947,24.26986],[120.69954,24.26971],[120.70029,24.26928],[120.70045,24.26829],[120.70016,24.26687],[120.69994,24.26628],[120.69986,24.26569],[120.6997,24.26517],[120.69964,24.26482],[120.69968,24.26436],[120.69951,24.26419],[120.69891,24.2633],[120.69897,24.26281],[120.69853,24.26126],[120.69849,24.26017],[120.69841,24.25971],[120.69818,24.25906],[120.69769,24.25859],[120.69746,24.25816],[120.69697,24.25694],[120.69691,24.25665],[120.69696,24.25606],[120.69663,24.25463],[120.69661,24.2542],[120.69593,24.25493],[120.69536,24.25515],[120.69467,24.25555],[120.69362,24.25663],[120.69325,24.25686],[120.6928,24.25706],[120.69205,24.25718],[120.69046,24.25823],[120.68854,24.2587],[120.68863,24.25985],[120.68881,24.26065],[120.68869,24.26125],[120.68843,24.26162],[120.6884,24.26201],[120.68859,24.26241],[120.68898,24.26233],[120.68918,24.26236],[120.68988,24.26344],[120.69021,24.26375],[120.69002,24.2647],[120.69035,24.26635],[120.69058,24.26712],[120.69061,24.26767],[120.69103,24.26897],[120.69124,24.27004],[120.69215,24.27321],[120.69254,24.27421],[120.69254,24.27438],[120.69246,24.27455],[120.69159,24.27482],[120.69148,24.275],[120.69142,24.27635],[120.69157,24.2774],[120.69172,24.27854]]]}},{"type":"Feature","properties":{"c":"66000160012","t":"神岡區","v":"溪洲里"},"geometry":{"type":"Polygon","coordinates":[[[120.69204,24.28461],[120.69188,24.28305],[120.69179,24.2792],[120.69142,24.27635],[120.69152,24.27489],[120.69174,24.27476],[120.69246,24.27455],[120.69254,24.27438],[120.69254,24.27421],[120.69215,24.27321],[120.69124,24.27004],[120.69103,24.26897],[120.69061,24.26767],[120.69058,24.26712],[120.69035,24.26635],[120.69002,24.2647],[120.69021,24.26375],[120.68988,24.26344],[120.68918,24.26236],[120.68898,24.26233],[120.68859,24.26241],[120.6884,24.26201],[120.68843,24.26162],[120.68869,24.26125],[120.68881,24.26065],[120.68863,24.25985],[120.68854,24.2587],[120.68739,24.25897],[120.68613,24.25972],[120.68363,24.26185],[120.68206,24.26247],[120.68025,24.26406],[120.67961,24.26505],[120.67701,24.26705],[120.67492,24.26939],[120.67433,24.27019],[120.67384,24.27068],[120.6715,24.2727],[120.67001,24.27389],[120.6697,24.27427],[120.66953,24.27469],[120.66954,24.27584],[120.66925,24.27927],[120.66963,24.28466],[120.66975,24.28528],[120.66985,24.28551],[120.6705,24.28633],[120.67233,24.2879],[120.68315,24.28469],[120.68507,24.28483],[120.69119,24.28463],[120.69204,24.28461]]]}},{"type":"Feature","properties":{"c":"66000160013","t":"神岡區","v":"圳前里"},"geometry":{"type":"Polygon","coordinates":[[[120.663,24.28318],[120.66505,24.28806],[120.66537,24.28873],[120.66613,24.28971],[120.67005,24.28862],[120.67233,24.2879],[120.6706,24.28644],[120.66985,24.28551],[120.66975,24.28528],[120.66963,24.28466],[120.66925,24.27946],[120.66954,24.27584],[120.66953,24.27469],[120.6697,24.27427],[120.67001,24.27389],[120.6715,24.2727],[120.67411,24.27043],[120.67492,24.26939],[120.67701,24.26705],[120.67627,24.26648],[120.67605,24.26641],[120.67578,24.26658],[120.67523,24.26713],[120.67447,24.26811],[120.67334,24.2688],[120.67273,24.26931],[120.66997,24.26941],[120.66828,24.27005],[120.66779,24.2694],[120.66722,24.26911],[120.66686,24.26871],[120.66626,24.26714],[120.66599,24.26698],[120.66562,24.26653],[120.66507,24.26537],[120.66494,24.26524],[120.66379,24.26479],[120.66319,24.26479],[120.66308,24.26474],[120.66305,24.26457],[120.66263,24.26442],[120.66262,24.26528],[120.66047,24.26422],[120.65946,24.26382],[120.65779,24.26293],[120.65654,24.26275],[120.6555,24.26276],[120.6552,24.26267],[120.65497,24.2625],[120.65461,24.26193],[120.65411,24.25943],[120.65398,24.25832],[120.65422,24.25727],[120.65305,24.25544],[120.65245,24.25574],[120.65207,24.25603],[120.65177,24.25637],[120.65148,24.2569],[120.65076,24.25742],[120.65025,24.25758],[120.6493,24.25803],[120.6492,24.25822],[120.64821,24.25821],[120.64748,24.25834],[120.64746,24.25843],[120.65124,24.26309],[120.65245,24.26449],[120.65279,24.26461],[120.65357,24.2646],[120.65419,24.2655],[120.65471,24.26603],[120.65622,24.26693],[120.65653,24.26723],[120.65997,24.27201],[120.66022,24.27254],[120.66041,24.27322],[120.66182,24.27334],[120.66198,24.27331],[120.66211,24.27317],[120.66275,24.27331],[120.66415,24.27374],[120.66419,24.27383],[120.66412,24.27399],[120.66251,24.27579],[120.66232,24.27611],[120.66188,24.27723],[120.66272,24.27712],[120.66239,24.27792],[120.66205,24.27817],[120.66199,24.27836],[120.66296,24.2799],[120.66324,24.2805],[120.66282,24.28205],[120.66295,24.28303],[120.663,24.28318]]]}},{"type":"Feature","properties":{"c":"66000160014","t":"神岡區","v":"新庄里"},"geometry":{"type":"Polygon","coordinates":[[[120.6451,24.299],[120.6462,24.29929],[120.64717,24.29827],[120.64919,24.29704],[120.65146,24.29556],[120.65815,24.29178],[120.65867,24.29162],[120.66228,24.29086],[120.66452,24.29027],[120.66613,24.28971],[120.66537,24.28873],[120.66505,24.28806],[120.66295,24.28303],[120.66282,24.28205],[120.66324,24.2805],[120.66296,24.2799],[120.66199,24.27836],[120.66205,24.27817],[120.66239,24.27792],[120.66272,24.27712],[120.66084,24.27736],[120.6597,24.27733],[120.65931,24.27682],[120.65915,24.27618],[120.65907,24.2753],[120.65911,24.27488],[120.65907,24.27433],[120.65472,24.27506],[120.65317,24.27555],[120.65276,24.27435],[120.65212,24.27433],[120.65007,24.27504],[120.64681,24.27677],[120.64452,24.2776],[120.64302,24.27789],[120.64009,24.27865],[120.63827,24.27898],[120.63945,24.28095],[120.63899,24.28145],[120.638,24.28235],[120.63619,24.28437],[120.63717,24.28567],[120.63689,24.28623],[120.63657,24.28651],[120.6373,24.28742],[120.63731,24.28758],[120.63712,24.2878],[120.6372,24.28802],[120.63808,24.28932],[120.63895,24.2909],[120.63933,24.29172],[120.64004,24.29359],[120.64082,24.2952],[120.64105,24.29542],[120.64108,24.29593],[120.64147,24.29646],[120.64198,24.29745],[120.64241,24.29793],[120.64283,24.29827],[120.6433,24.29848],[120.64459,24.29885],[120.6451,24.299]]]}},{"type":"Feature","properties":{"c":"66000160015","t":"神岡區","v":"圳堵里"},"geometry":{"type":"Polygon","coordinates":[[[120.645,24.27392],[120.64606,24.27521],[120.64679,24.27633],[120.64695,24.27668],[120.64987,24.27513],[120.65212,24.27433],[120.65276,24.27435],[120.65317,24.27555],[120.65472,24.27506],[120.65907,24.27433],[120.65909,24.27575],[120.65931,24.27682],[120.6597,24.27733],[120.66084,24.27736],[120.66188,24.27723],[120.66232,24.27611],[120.66251,24.27579],[120.66412,24.27399],[120.66419,24.27383],[120.6641,24.27369],[120.66211,24.27317],[120.66198,24.27331],[120.66182,24.27334],[120.66041,24.27322],[120.66022,24.27254],[120.65997,24.27201],[120.65638,24.26707],[120.65471,24.26603],[120.65419,24.2655],[120.65357,24.2646],[120.65279,24.26461],[120.65245,24.26449],[120.65124,24.26309],[120.64849,24.25966],[120.64839,24.25992],[120.64825,24.26007],[120.64742,24.26081],[120.64522,24.26229],[120.64376,24.26342],[120.64169,24.26469],[120.64171,24.26487],[120.64219,24.26533],[120.64213,24.26558],[120.64158,24.26596],[120.64241,24.26945],[120.64293,24.27114],[120.64316,24.27155],[120.64386,24.27205],[120.64412,24.27235],[120.64428,24.273],[120.64486,24.27372],[120.645,24.27392]]]}},{"type":"Feature","properties":{"c":"66000160016","t":"神岡區","v":"山皮里"},"geometry":{"type":"Polygon","coordinates":[[[120.64522,24.26229],[120.64742,24.26081],[120.64839,24.25992],[120.64849,24.25966],[120.64753,24.25853],[120.64746,24.25843],[120.64748,24.25834],[120.64844,24.25819],[120.6492,24.25822],[120.6493,24.25803],[120.65025,24.25758],[120.65076,24.25742],[120.65135,24.257],[120.65157,24.25677],[120.65191,24.25618],[120.65235,24.2558],[120.65305,24.25544],[120.65407,24.25503],[120.65439,24.25502],[120.65561,24.25545],[120.65579,24.2551],[120.65414,24.25394],[120.65349,24.25332],[120.65308,24.25274],[120.65292,24.25238],[120.65272,24.25134],[120.65277,24.25106],[120.65193,24.25025],[120.65143,24.24944],[120.65102,24.24894],[120.65024,24.24834],[120.64996,24.2482],[120.64958,24.24782],[120.64816,24.2469],[120.64798,24.24671],[120.64812,24.24648],[120.64808,24.24636],[120.64766,24.24661],[120.64735,24.24642],[120.64647,24.2454],[120.64579,24.24507],[120.64575,24.24442],[120.64564,24.24422],[120.64439,24.24349],[120.64405,24.24315],[120.64391,24.24315],[120.6419,24.24349],[120.64111,24.24372],[120.64057,24.24403],[120.63923,24.2443],[120.63961,24.24532],[120.63995,24.24586],[120.64141,24.2475],[120.64198,24.2483],[120.64128,24.24857],[120.6409,24.24924],[120.64055,24.24969],[120.63961,24.25039],[120.63827,24.25169],[120.63797,24.25206],[120.6378,24.25236],[120.63772,24.25328],[120.63706,24.25557],[120.63655,24.2567],[120.63637,24.2573],[120.63557,24.25877],[120.63519,24.25913],[120.63316,24.25927],[120.633,24.25952],[120.63175,24.2606],[120.63075,24.26156],[120.6306,24.26177],[120.63072,24.26192],[120.63099,24.26204],[120.63249,24.26229],[120.63315,24.26232],[120.63393,24.2622],[120.63582,24.2622],[120.63731,24.26238],[120.6383,24.26258],[120.63925,24.26296],[120.63985,24.26328],[120.64059,24.26383],[120.64097,24.26438],[120.64128,24.26501],[120.64158,24.26596],[120.64219,24.26549],[120.64219,24.26533],[120.64212,24.26523],[120.64171,24.26487],[120.64168,24.26479],[120.64174,24.26462],[120.64376,24.26342],[120.64438,24.26297],[120.64522,24.26229]]]}},{"type":"Feature","properties":{"c":"66000170001","t":"潭子區","v":"潭陽里"},"geometry":{"type":"Polygon","coordinates":[[[120.70797,24.21432],[120.70949,24.21409],[120.71114,24.21395],[120.71353,24.21354],[120.71624,24.21323],[120.71619,24.21201],[120.71613,24.21178],[120.71621,24.21048],[120.71613,24.20965],[120.7154,24.20865],[120.71531,24.20673],[120.71558,24.20615],[120.71593,24.2057],[120.71596,24.20557],[120.71588,24.20534],[120.7159,24.20515],[120.71572,24.2046],[120.71255,24.20561],[120.7118,24.20635],[120.71134,24.20638],[120.71122,24.20643],[120.71107,24.20661],[120.711,24.20662],[120.7109,24.20629],[120.71061,24.20631],[120.70988,24.20638],[120.70731,24.20702],[120.70635,24.20712],[120.7053,24.20715],[120.70511,24.20713],[120.70449,24.20651],[120.70394,24.20654],[120.70398,24.20717],[120.70169,24.20727],[120.70236,24.20772],[120.70325,24.20821],[120.7034,24.20991],[120.70422,24.20994],[120.70432,24.21159],[120.70224,24.21163],[120.7023,24.21235],[120.70357,24.21227],[120.70358,24.21274],[120.70524,24.21326],[120.70579,24.21337],[120.70657,24.2131],[120.70708,24.21327],[120.70755,24.21326],[120.70742,24.21349],[120.70735,24.21395],[120.70778,24.21422],[120.70797,24.21432]]]}},{"type":"Feature","properties":{"c":"66000170002","t":"潭子區","v":"潭秀里"},"geometry":{"type":"Polygon","coordinates":[[[120.70742,24.22406],[120.7068,24.22132],[120.70662,24.22025],[120.70603,24.21332],[120.70579,24.21337],[120.70524,24.21326],[120.70358,24.21274],[120.70365,24.21364],[120.70349,24.21387],[120.70322,24.21398],[120.70285,24.21401],[120.70308,24.21479],[120.70305,24.21513],[120.70347,24.21568],[120.70353,24.21588],[120.69773,24.2166],[120.69785,24.21814],[120.6981,24.2185],[120.69806,24.21891],[120.69836,24.21946],[120.69857,24.22007],[120.69866,24.22024],[120.69881,24.22029],[120.69931,24.22024],[120.6996,24.22029],[120.7002,24.22027],[120.70052,24.22094],[120.70053,24.22127],[120.70076,24.2214],[120.70093,24.22239],[120.70147,24.22267],[120.70152,24.22278],[120.70136,24.22351],[120.70138,24.22363],[120.70149,24.22374],[120.70237,24.22363],[120.70258,24.22332],[120.70269,24.22328],[120.7028,24.22343],[120.70267,24.22379],[120.70273,24.22401],[120.70286,24.22411],[120.70327,24.22417],[120.70333,24.22426],[120.70328,24.2246],[120.70335,24.22475],[120.70393,24.22486],[120.704,24.22498],[120.70754,24.22455],[120.70742,24.22406]]]}},{"type":"Feature","properties":{"c":"66000170003","t":"潭子區","v":"潭北里"},"geometry":{"type":"Polygon","coordinates":[[[120.71072,24.22367],[120.7106,24.22353],[120.7102,24.22351],[120.70971,24.22329],[120.70965,24.2232],[120.70965,24.22283],[120.70927,24.22256],[120.70922,24.22238],[120.70926,24.22231],[120.70947,24.22226],[120.70957,24.22214],[120.70949,24.22193],[120.70952,24.2212],[120.70929,24.22098],[120.70925,24.22086],[120.70956,24.22063],[120.70964,24.22049],[120.70909,24.21995],[120.70872,24.21998],[120.7085,24.21989],[120.70829,24.21967],[120.70823,24.21943],[120.70846,24.21897],[120.70789,24.21851],[120.70771,24.21759],[120.70785,24.21777],[120.70805,24.21781],[120.70847,24.21771],[120.70862,24.21759],[120.70867,24.21744],[120.70865,24.21731],[120.7082,24.21698],[120.70814,24.21682],[120.70827,24.21606],[120.7082,24.21553],[120.70823,24.21492],[120.70797,24.21432],[120.70735,24.21395],[120.70742,24.21349],[120.70755,24.21326],[120.70708,24.21327],[120.70657,24.2131],[120.70603,24.21332],[120.70619,24.21553],[120.70662,24.22025],[120.7068,24.22132],[120.70742,24.22406],[120.71015,24.22382],[120.71072,24.22367]]]}},{"type":"Feature","properties":{"c":"66000170004","t":"潭子區","v":"福仁里"},"geometry":{"type":"Polygon","coordinates":[[[120.70231,24.20724],[120.70398,24.20717],[120.70394,24.20654],[120.70449,24.20651],[120.70511,24.20713],[120.7053,24.20715],[120.70635,24.20712],[120.70731,24.20702],[120.70988,24.20638],[120.71061,24.20631],[120.7109,24.20629],[120.711,24.20662],[120.71107,24.20661],[120.71122,24.20643],[120.71134,24.20638],[120.7118,24.20635],[120.71255,24.20561],[120.71572,24.2046],[120.71548,24.20411],[120.71424,24.20283],[120.71367,24.20242],[120.71208,24.20179],[120.71182,24.20159],[120.71176,24.20118],[120.71184,24.20065],[120.7135,24.19673],[120.71351,24.19592],[120.71327,24.19523],[120.71306,24.19498],[120.71081,24.19315],[120.7105,24.19305],[120.71036,24.19315],[120.7102,24.19313],[120.71002,24.19359],[120.7098,24.19365],[120.70947,24.19414],[120.7089,24.19478],[120.70865,24.19528],[120.70822,24.19587],[120.70825,24.19624],[120.70855,24.19691],[120.70851,24.19707],[120.70841,24.19711],[120.70812,24.1972],[120.70765,24.19716],[120.70757,24.19726],[120.70758,24.19851],[120.70749,24.1991],[120.70734,24.1994],[120.70723,24.19939],[120.70704,24.19925],[120.70607,24.19835],[120.7056,24.1981],[120.70553,24.19771],[120.70544,24.19763],[120.70504,24.1975],[120.70501,24.19716],[120.70449,24.19687],[120.70502,24.20124],[120.70367,24.20062],[120.70344,24.20067],[120.70204,24.20041],[120.70197,24.2006],[120.70173,24.2008],[120.70026,24.20176],[120.69965,24.20227],[120.6994,24.20232],[120.69863,24.2035],[120.69787,24.20435],[120.69782,24.20468],[120.69819,24.20469],[120.69844,24.2049],[120.69899,24.20462],[120.69942,24.20476],[120.70048,24.20463],[120.70074,24.20502],[120.70094,24.20561],[120.70122,24.20608],[120.7015,24.20652],[120.70172,24.20665],[120.7016,24.2072],[120.70169,24.20727],[120.70231,24.20724]]]}},{"type":"Feature","properties":{"c":"66000170005","t":"潭子區","v":"頭家里"},"geometry":{"type":"Polygon","coordinates":[[[120.70099,24.20127],[120.70192,24.20065],[120.70204,24.20041],[120.70344,24.20067],[120.70254,24.19594],[120.70248,24.19443],[120.70027,24.19436],[120.69847,24.19461],[120.69794,24.19463],[120.69517,24.19398],[120.69492,24.19408],[120.69484,24.19441],[120.69513,24.19466],[120.69513,24.19517],[120.69478,24.19532],[120.69476,24.19586],[120.6943,24.19691],[120.69438,24.19713],[120.69397,24.19739],[120.69371,24.19773],[120.69377,24.19795],[120.69397,24.19792],[120.69414,24.19806],[120.69397,24.19818],[120.69406,24.19835],[120.69469,24.19845],[120.69472,24.19859],[120.69525,24.19877],[120.69588,24.19863],[120.69609,24.19871],[120.69661,24.19931],[120.69822,24.19988],[120.70054,24.2009],[120.70082,24.20139],[120.70099,24.20127]]]}},{"type":"Feature","properties":{"c":"66000170006","t":"潭子區","v":"甘蔗里"},"geometry":{"type":"Polygon","coordinates":[[[120.69802,24.21659],[120.70353,24.21588],[120.70347,24.21568],[120.70305,24.21513],[120.70308,24.21479],[120.70285,24.21401],[120.70322,24.21398],[120.70349,24.21387],[120.70365,24.21364],[120.70357,24.21227],[120.7023,24.21235],[120.70224,24.21163],[120.70432,24.21159],[120.70422,24.20994],[120.7034,24.20991],[120.70325,24.20821],[120.70236,24.20772],[120.7016,24.2072],[120.70172,24.20665],[120.7015,24.20652],[120.70122,24.20608],[120.70094,24.20561],[120.70074,24.20502],[120.70048,24.20463],[120.69942,24.20476],[120.69899,24.20462],[120.69844,24.2049],[120.69819,24.20469],[120.69782,24.20468],[120.69787,24.20435],[120.69863,24.2035],[120.6994,24.20232],[120.69965,24.20227],[120.70026,24.20176],[120.70082,24.20139],[120.70054,24.2009],[120.69822,24.19988],[120.69661,24.19931],[120.69692,24.19964],[120.6973,24.19984],[120.69746,24.20022],[120.69737,24.2007],[120.69724,24.20075],[120.69693,24.20239],[120.69692,24.20307],[120.6965,24.2032],[120.69627,24.20314],[120.69552,24.20353],[120.69524,24.20356],[120.69487,24.20373],[120.69498,24.20386],[120.69483,24.20411],[120.69438,24.20417],[120.6938,24.20387],[120.69294,24.20403],[120.69284,24.20398],[120.69263,24.20402],[120.69248,24.20418],[120.69231,24.20418],[120.69205,24.20406],[120.69049,24.20422],[120.69048,24.20435],[120.69068,24.20523],[120.69102,24.20618],[120.69117,24.20616],[120.6919,24.20631],[120.69342,24.20708],[120.69372,24.20721],[120.6939,24.20721],[120.6942,24.20745],[120.69567,24.20815],[120.69588,24.20855],[120.69598,24.2086],[120.69603,24.20871],[120.69599,24.2089],[120.69571,24.20937],[120.69566,24.20971],[120.69528,24.21011],[120.69518,24.21029],[120.69518,24.21047],[120.69534,24.21068],[120.69572,24.21078],[120.69589,24.21101],[120.69615,24.21115],[120.69603,24.21153],[120.69606,24.21174],[120.69668,24.21182],[120.6967,24.21195],[120.69655,24.21215],[120.69659,24.21227],[120.69693,24.21228],[120.69716,24.21244],[120.69714,24.21259],[120.697,24.2127],[120.69655,24.21273],[120.69603,24.21292],[120.69597,24.21308],[120.69621,24.21347],[120.69659,24.21345],[120.6967,24.21347],[120.69679,24.21359],[120.69674,24.21371],[120.69639,24.21387],[120.69634,24.21398],[120.69646,24.21478],[120.69695,24.2154],[120.69707,24.21546],[120.6974,24.21547],[120.69772,24.21618],[120.69773,24.2166],[120.69802,24.21659]]]}},{"type":"Feature","properties":{"c":"66000170007","t":"潭子區","v":"東寶里"},"geometry":{"type":"Polygon","coordinates":[[[120.68645,24.22036],[120.68643,24.21956],[120.68795,24.21967],[120.68904,24.21961],[120.69063,24.21967],[120.69208,24.21963],[120.69335,24.21972],[120.69524,24.21966],[120.69732,24.22002],[120.69857,24.22007],[120.69836,24.21946],[120.69806,24.21891],[120.6981,24.2185],[120.69782,24.21804],[120.69772,24.21618],[120.6974,24.21547],[120.69707,24.21546],[120.69695,24.2154],[120.69646,24.21478],[120.69634,24.21398],[120.69639,24.21387],[120.69674,24.21371],[120.69679,24.21359],[120.6967,24.21347],[120.69659,24.21345],[120.69621,24.21347],[120.69597,24.21308],[120.69603,24.21292],[120.69655,24.21273],[120.697,24.2127],[120.69714,24.21259],[120.69716,24.21244],[120.69693,24.21228],[120.69659,24.21227],[120.69655,24.21215],[120.6967,24.21195],[120.69668,24.21182],[120.69606,24.21174],[120.69603,24.21153],[120.69615,24.21115],[120.69589,24.21101],[120.69572,24.21078],[120.69534,24.21068],[120.69518,24.21047],[120.69518,24.21029],[120.69566,24.20971],[120.69571,24.20937],[120.69599,24.2089],[120.69603,24.20871],[120.69567,24.20815],[120.6942,24.20745],[120.6939,24.20721],[120.69372,24.20721],[120.69342,24.20708],[120.6919,24.20631],[120.69117,24.20616],[120.69102,24.20618],[120.69094,24.20626],[120.68906,24.20595],[120.687,24.2055],[120.68594,24.20515],[120.68449,24.20478],[120.68314,24.20424],[120.6818,24.20354],[120.68048,24.20331],[120.68004,24.2034],[120.67986,24.2035],[120.67987,24.20371],[120.67962,24.20379],[120.67851,24.20328],[120.67586,24.2031],[120.67472,24.20288],[120.67464,24.20295],[120.67413,24.20439],[120.67345,24.20398],[120.67164,24.20365],[120.67052,24.2036],[120.66983,24.20368],[120.67023,24.20476],[120.67072,24.20684],[120.67079,24.20719],[120.67053,24.20726],[120.67115,24.20876],[120.67189,24.20854],[120.67249,24.20848],[120.67357,24.20847],[120.67414,24.20855],[120.67426,24.20863],[120.67525,24.21006],[120.6766,24.2112],[120.67719,24.21229],[120.67748,24.21303],[120.67765,24.21389],[120.67863,24.21728],[120.68123,24.21821],[120.68195,24.21867],[120.68233,24.2187],[120.68256,24.2189],[120.68273,24.21926],[120.68298,24.21954],[120.68478,24.2202],[120.68533,24.22028],[120.68625,24.22028],[120.68641,24.22037],[120.68645,24.22036]]]}},{"type":"Feature","properties":{"c":"66000170008","t":"潭子區","v":"大富里"},"geometry":{"type":"Polygon","coordinates":[[[120.68793,24.22703],[120.68747,24.22535],[120.68707,24.22332],[120.68668,24.22205],[120.68655,24.22142],[120.68645,24.22036],[120.68625,24.22028],[120.68533,24.22028],[120.68478,24.2202],[120.68298,24.21954],[120.68273,24.21926],[120.68256,24.2189],[120.68233,24.2187],[120.68195,24.21867],[120.68123,24.21821],[120.67863,24.21728],[120.67859,24.21712],[120.67866,24.2175],[120.67852,24.2176],[120.67681,24.21759],[120.67496,24.21773],[120.67459,24.21781],[120.67456,24.21847],[120.67307,24.21846],[120.67385,24.22204],[120.67411,24.22264],[120.67452,24.22309],[120.67479,24.22329],[120.676,24.22354],[120.67666,24.22391],[120.67739,24.225],[120.67774,24.22576],[120.67797,24.22695],[120.67795,24.22734],[120.67765,24.22862],[120.67766,24.2292],[120.67779,24.2296],[120.67805,24.22999],[120.67829,24.23013],[120.67888,24.23022],[120.68014,24.23009],[120.68031,24.23015],[120.68086,24.23137],[120.68137,24.2321],[120.68415,24.23165],[120.68425,24.23194],[120.68526,24.23181],[120.68546,24.23238],[120.68527,24.23275],[120.68544,24.23319],[120.6855,24.23396],[120.68566,24.23417],[120.68662,24.23467],[120.68796,24.23499],[120.68824,24.23517],[120.68852,24.23559],[120.68871,24.23569],[120.6896,24.23575],[120.69055,24.23555],[120.69087,24.23535],[120.69164,24.23514],[120.6915,24.23465],[120.69126,24.23417],[120.69081,24.23353],[120.69053,24.23288],[120.69039,24.23215],[120.69027,24.23051],[120.68979,24.23031],[120.68973,24.23023],[120.6898,24.22926],[120.68999,24.22909],[120.68899,24.22824],[120.68816,24.22739],[120.68793,24.22703]]]}},{"type":"Feature","properties":{"c":"66000170009","t":"潭子區","v":"大豐里"},"geometry":{"type":"Polygon","coordinates":[[[120.68847,24.22772],[120.68999,24.22909],[120.69098,24.22887],[120.6914,24.22889],[120.69197,24.22904],[120.69271,24.22945],[120.69286,24.22962],[120.69294,24.23111],[120.69353,24.23117],[120.69499,24.23117],[120.69672,24.23146],[120.69705,24.23156],[120.69696,24.23117],[120.69723,24.23084],[120.69708,24.23059],[120.69703,24.23016],[120.69694,24.23011],[120.69661,24.23017],[120.69648,24.23007],[120.69615,24.22782],[120.69707,24.22765],[120.69697,24.22572],[120.69826,24.22562],[120.69818,24.22418],[120.6982,24.22405],[120.69826,24.22401],[120.69852,24.22404],[120.69872,24.22444],[120.69881,24.22446],[120.69957,24.22435],[120.70134,24.22423],[120.70136,24.22351],[120.70152,24.22278],[120.70147,24.22267],[120.70093,24.22239],[120.70076,24.2214],[120.70053,24.22127],[120.70052,24.22094],[120.7002,24.22027],[120.6996,24.22029],[120.69931,24.22024],[120.69881,24.22029],[120.69866,24.22024],[120.69857,24.22007],[120.69732,24.22002],[120.69524,24.21966],[120.69335,24.21972],[120.69208,24.21963],[120.69063,24.21967],[120.68904,24.21961],[120.68795,24.21967],[120.68643,24.21956],[120.68646,24.22063],[120.68668,24.22205],[120.68707,24.22332],[120.68747,24.22535],[120.68772,24.22627],[120.68793,24.22703],[120.68816,24.22739],[120.68847,24.22772]]]}},{"type":"Feature","properties":{"c":"66000170010","t":"潭子區","v":"栗林里"},"geometry":{"type":"Polygon","coordinates":[[[120.7056,24.23337],[120.70615,24.23483],[120.70689,24.23599],[120.70719,24.23628],[120.70745,24.23634],[120.70958,24.23615],[120.70967,24.23635],[120.71146,24.23615],[120.71174,24.23677],[120.71185,24.2368],[120.71188,24.23668],[120.71176,24.23603],[120.71155,24.23538],[120.71238,24.23556],[120.71249,24.23552],[120.7119,24.23475],[120.71186,24.23434],[120.71192,24.23369],[120.71163,24.23337],[120.71176,24.23315],[120.71234,24.23313],[120.71225,24.23209],[120.71186,24.23205],[120.71183,24.232],[120.71179,24.23113],[120.71185,24.23095],[120.71191,24.2309],[120.71205,24.23093],[120.71236,24.23123],[120.71305,24.23121],[120.71343,24.23101],[120.71354,24.23103],[120.71367,24.23117],[120.71364,24.23149],[120.71395,24.23155],[120.71447,24.23204],[120.71472,24.23199],[120.71485,24.23156],[120.71509,24.23153],[120.71484,24.23123],[120.71407,24.23077],[120.71393,24.23052],[120.71393,24.23013],[120.71414,24.22962],[120.71416,24.22905],[120.71431,24.2284],[120.71431,24.22811],[120.71423,24.22794],[120.71361,24.22753],[120.71331,24.22682],[120.71282,24.22639],[120.71294,24.22596],[120.71292,24.22583],[120.71235,24.22548],[120.71223,24.22478],[120.7117,24.22439],[120.71118,24.22446],[120.7109,24.22425],[120.7105,24.22416],[120.71072,24.22367],[120.71015,24.22382],[120.70742,24.22406],[120.70754,24.22455],[120.704,24.22498],[120.70393,24.22486],[120.70335,24.22475],[120.70328,24.2246],[120.70333,24.22426],[120.70327,24.22417],[120.70286,24.22411],[120.70273,24.22401],[120.70267,24.22379],[120.7028,24.22343],[120.70269,24.22328],[120.70258,24.22332],[120.70237,24.22363],[120.70161,24.22375],[120.70149,24.22374],[120.70138,24.22363],[120.70134,24.22423],[120.70139,24.22519],[120.70155,24.227],[120.7021,24.22696],[120.70232,24.22707],[120.70262,24.2274],[120.70274,24.22776],[120.70304,24.22824],[120.70362,24.22864],[120.70375,24.22915],[120.70418,24.22983],[120.7044,24.23087],[120.7052,24.23186],[120.70543,24.23284],[120.7056,24.23337]]]}},{"type":"Feature","properties":{"c":"66000170011","t":"潭子區","v":"嘉仁里"},"geometry":{"type":"Polygon","coordinates":[[[120.71282,24.22639],[120.71331,24.22682],[120.71361,24.22753],[120.7141,24.2278],[120.71431,24.22811],[120.71412,24.22961],[120.71434,24.22976],[120.71439,24.23014],[120.71456,24.23031],[120.71562,24.23034],[120.71919,24.22929],[120.71951,24.22936],[120.71987,24.22967],[120.72061,24.22889],[120.72081,24.22847],[120.7209,24.22713],[120.72074,24.22611],[120.72081,24.22579],[120.72131,24.22515],[120.72177,24.22486],[120.72213,24.22451],[120.72244,24.22396],[120.7225,24.22328],[120.72198,24.22238],[120.72191,24.22209],[120.72165,24.22184],[120.72119,24.2212],[120.72035,24.2207],[120.7195,24.22029],[120.71829,24.21909],[120.7179,24.2177],[120.71793,24.21734],[120.71769,24.21637],[120.71728,24.21539],[120.71628,24.21373],[120.71624,24.21323],[120.71353,24.21354],[120.71114,24.21395],[120.70949,24.21409],[120.70797,24.21432],[120.70823,24.21492],[120.7082,24.21553],[120.70827,24.21606],[120.70814,24.21682],[120.7082,24.21698],[120.70865,24.21731],[120.70867,24.21744],[120.70862,24.21759],[120.70847,24.21771],[120.70805,24.21781],[120.70785,24.21777],[120.70771,24.21759],[120.70789,24.21851],[120.70846,24.21897],[120.70823,24.21943],[120.70829,24.21967],[120.7085,24.21989],[120.70872,24.21998],[120.70909,24.21995],[120.70964,24.22049],[120.70956,24.22063],[120.70925,24.22086],[120.70929,24.22098],[120.70952,24.2212],[120.70949,24.22193],[120.70957,24.22214],[120.70947,24.22226],[120.70926,24.22231],[120.70922,24.22238],[120.70927,24.22256],[120.70965,24.22283],[120.70965,24.2232],[120.70971,24.22329],[120.7102,24.22351],[120.7106,24.22353],[120.71072,24.22367],[120.71068,24.22386],[120.7105,24.22407],[120.71052,24.22418],[120.7109,24.22425],[120.71124,24.22447],[120.7117,24.22439],[120.71223,24.22478],[120.71235,24.22548],[120.71292,24.22583],[120.71294,24.22596],[120.71286,24.22623],[120.71282,24.22639]]]}},{"type":"Feature","properties":{"c":"66000170012","t":"潭子區","v":"新田里"},"geometry":{"type":"Polygon","coordinates":[[[120.73958,24.21119],[120.73912,24.21128],[120.73812,24.2112],[120.73721,24.21135],[120.73639,24.21131],[120.73595,24.21111],[120.73529,24.21025],[120.73472,24.20977],[120.73448,24.20971],[120.73391,24.2097],[120.73317,24.20946],[120.73278,24.2094],[120.73244,24.20944],[120.73157,24.20987],[120.73101,24.20968],[120.73085,24.20954],[120.7304,24.20807],[120.73023,24.20769],[120.72994,24.20745],[120.72977,24.20717],[120.72981,24.20685],[120.73005,24.20617],[120.73001,24.20597],[120.72987,24.20587],[120.72953,24.20581],[120.72894,24.20635],[120.72869,24.20646],[120.72841,24.20642],[120.72832,24.20624],[120.72855,24.20581],[120.72854,24.20569],[120.72836,24.20521],[120.72827,24.20463],[120.72822,24.20452],[120.72799,24.20439],[120.72766,24.20452],[120.72666,24.20525],[120.72639,24.20526],[120.72575,24.20499],[120.72524,24.20502],[120.72471,24.20515],[120.7244,24.20514],[120.72393,24.20504],[120.72324,24.20459],[120.72203,24.2045],[120.72151,24.20465],[120.72073,24.20513],[120.72015,24.20509],[120.71989,24.20515],[120.71961,24.20534],[120.71925,24.20574],[120.71895,24.20584],[120.71848,24.20577],[120.7177,24.20535],[120.7175,24.20532],[120.71716,24.20538],[120.71672,24.20562],[120.71596,24.20557],[120.71593,24.2057],[120.71558,24.20615],[120.71531,24.20673],[120.7154,24.20865],[120.71613,24.20965],[120.71621,24.21048],[120.71613,24.21178],[120.71619,24.21201],[120.71628,24.21373],[120.71728,24.21539],[120.71769,24.21637],[120.71793,24.21734],[120.7179,24.2177],[120.71829,24.21909],[120.7195,24.22029],[120.72035,24.2207],[120.72119,24.2212],[120.72165,24.22184],[120.72191,24.22209],[120.72193,24.22194],[120.7221,24.2218],[120.72299,24.22159],[120.72357,24.22161],[120.72421,24.22174],[120.72505,24.22148],[120.72537,24.2212],[120.72553,24.22096],[120.72612,24.22084],[120.72653,24.22064],[120.72662,24.2205],[120.72682,24.2196],[120.72722,24.21927],[120.72744,24.21927],[120.7279,24.21943],[120.72837,24.21922],[120.72894,24.21924],[120.72932,24.21918],[120.73009,24.21919],[120.73058,24.21927],[120.7315,24.21922],[120.7325,24.21934],[120.73263,24.21937],[120.73277,24.21955],[120.73313,24.2197],[120.73338,24.21987],[120.73432,24.22124],[120.73501,24.22171],[120.73673,24.22325],[120.73706,24.22408],[120.73769,24.22477],[120.7379,24.22487],[120.7388,24.22498],[120.73922,24.22469],[120.73952,24.22464],[120.74003,24.2247],[120.74134,24.22462],[120.74218,24.22473],[120.7429,24.22376],[120.74302,24.22343],[120.74411,24.22221],[120.74459,24.22221],[120.74496,24.22241],[120.7463,24.22269],[120.74682,24.22265],[120.74816,24.22225],[120.75098,24.22161],[120.75207,24.22143],[120.75326,24.22028],[120.75367,24.21927],[120.75339,24.21894],[120.75208,24.21665],[120.75185,24.21564],[120.75173,24.21547],[120.75155,24.21539],[120.75073,24.21524],[120.75062,24.21517],[120.75006,24.2143],[120.74943,24.21384],[120.7495,24.21356],[120.7495,24.21325],[120.74932,24.21278],[120.74866,24.21183],[120.74795,24.21102],[120.74795,24.21092],[120.74806,24.21083],[120.74722,24.21057],[120.74699,24.21043],[120.7464,24.20981],[120.74559,24.20953],[120.74528,24.20965],[120.74394,24.21061],[120.74359,24.21065],[120.74313,24.2104],[120.74256,24.20982],[120.74223,24.20965],[120.74179,24.20955],[120.7414,24.20972],[120.73995,24.21095],[120.73958,24.21119]]]}},{"type":"Feature","properties":{"c":"66000170013","t":"潭子區","v":"聚興里"},"geometry":{"type":"Polygon","coordinates":[[[120.73773,24.21124],[120.73812,24.2112],[120.73912,24.21128],[120.73958,24.21119],[120.73995,24.21095],[120.7414,24.20972],[120.74179,24.20955],[120.74223,24.20965],[120.74256,24.20982],[120.74313,24.2104],[120.74359,24.21065],[120.74394,24.21061],[120.74528,24.20965],[120.74559,24.20953],[120.7464,24.20981],[120.74699,24.21043],[120.74722,24.21057],[120.74806,24.21083],[120.74903,24.21005],[120.74976,24.20923],[120.75035,24.20897],[120.75038,24.20833],[120.75021,24.20756],[120.7502,24.20685],[120.75048,24.20655],[120.75101,24.20622],[120.75103,24.2061],[120.75041,24.20487],[120.75022,24.20467],[120.74966,24.20444],[120.74771,24.20443],[120.74726,24.20417],[120.74638,24.20407],[120.74625,24.20399],[120.74612,24.2034],[120.7459,24.20309],[120.74577,24.20302],[120.74547,24.203],[120.74422,24.20331],[120.74341,24.20337],[120.74303,24.2033],[120.74265,24.20299],[120.74209,24.20267],[120.74117,24.20226],[120.73893,24.20211],[120.73847,24.20194],[120.73838,24.2018],[120.73829,24.20138],[120.73801,24.20093],[120.73798,24.20021],[120.73771,24.19993],[120.73737,24.19971],[120.73721,24.19948],[120.7374,24.19844],[120.73735,24.19726],[120.73765,24.19649],[120.73754,24.19616],[120.73685,24.19515],[120.73642,24.19482],[120.73608,24.19475],[120.73596,24.19467],[120.73552,24.19409],[120.73533,24.19404],[120.73421,24.19419],[120.73367,24.19419],[120.73255,24.195],[120.73232,24.19508],[120.7316,24.19497],[120.73082,24.19461],[120.73061,24.1944],[120.73023,24.1936],[120.72973,24.19313],[120.72973,24.19289],[120.72942,24.19209],[120.72922,24.19171],[120.72905,24.19156],[120.72824,24.19165],[120.72805,24.19178],[120.72718,24.19192],[120.72693,24.19188],[120.72665,24.19192],[120.726,24.1918],[120.72496,24.192],[120.72441,24.19197],[120.72391,24.19062],[120.72352,24.19039],[120.72334,24.19009],[120.72209,24.1902],[120.72179,24.19003],[120.7216,24.19011],[120.72099,24.19013],[120.72082,24.19019],[120.72077,24.19044],[120.72024,24.19043],[120.72024,24.19083],[120.72012,24.19124],[120.72001,24.19132],[120.71876,24.19132],[120.71871,24.19123],[120.71786,24.19127],[120.7178,24.19118],[120.71781,24.19067],[120.71764,24.19051],[120.71729,24.1904],[120.71474,24.19011],[120.71473,24.18985],[120.71484,24.18933],[120.7146,24.18805],[120.71462,24.18771],[120.71454,24.18763],[120.71335,24.18782],[120.71329,24.18755],[120.71357,24.18709],[120.71369,24.18659],[120.71347,24.18603],[120.71339,24.1859],[120.71323,24.18586],[120.71279,24.1862],[120.71264,24.18647],[120.71218,24.18683],[120.71228,24.18705],[120.71134,24.18771],[120.711,24.18785],[120.71093,24.18793],[120.71112,24.18825],[120.71225,24.18976],[120.71222,24.18997],[120.71209,24.19042],[120.71195,24.19064],[120.71155,24.19109],[120.71057,24.19199],[120.7103,24.19228],[120.71028,24.19242],[120.7105,24.19305],[120.71081,24.19315],[120.71306,24.19498],[120.71327,24.19523],[120.71351,24.19592],[120.7135,24.19673],[120.71184,24.20065],[120.71176,24.20118],[120.71182,24.20159],[120.71208,24.20179],[120.71367,24.20242],[120.71467,24.20323],[120.71548,24.20411],[120.71582,24.20481],[120.71596,24.20557],[120.71672,24.20562],[120.71716,24.20538],[120.7175,24.20532],[120.7177,24.20535],[120.71848,24.20577],[120.71895,24.20584],[120.71925,24.20574],[120.71961,24.20534],[120.71989,24.20515],[120.72015,24.20509],[120.72073,24.20513],[120.72151,24.20465],[120.72203,24.2045],[120.72324,24.20459],[120.72393,24.20504],[120.7244,24.20514],[120.72471,24.20515],[120.72524,24.20502],[120.72575,24.20499],[120.72639,24.20526],[120.72666,24.20525],[120.72766,24.20452],[120.72799,24.20439],[120.72822,24.20452],[120.72827,24.20463],[120.72836,24.20521],[120.72854,24.20569],[120.72855,24.20581],[120.72832,24.20624],[120.72841,24.20642],[120.72869,24.20646],[120.72894,24.20635],[120.72953,24.20581],[120.72987,24.20587],[120.73001,24.20597],[120.73005,24.20617],[120.72981,24.20685],[120.72977,24.20717],[120.72994,24.20745],[120.73023,24.20769],[120.7304,24.20807],[120.73085,24.20954],[120.73101,24.20968],[120.73157,24.20987],[120.73244,24.20944],[120.73278,24.2094],[120.73317,24.20946],[120.73391,24.2097],[120.73448,24.20971],[120.73472,24.20977],[120.73529,24.21025],[120.73595,24.21111],[120.73639,24.21131],[120.73721,24.21135],[120.73773,24.21124]]]}},{"type":"Feature","properties":{"c":"66000170014","t":"潭子區","v":"頭家東里"},"geometry":{"type":"Polygon","coordinates":[[[120.70494,24.20033],[120.70449,24.19687],[120.70501,24.19716],[120.70506,24.19699],[120.70555,24.19648],[120.70564,24.19627],[120.70551,24.1959],[120.70536,24.1957],[120.70506,24.19549],[120.70484,24.19518],[120.70484,24.19487],[120.70529,24.19492],[120.70538,24.19468],[120.70535,24.19441],[120.70524,24.19395],[120.705,24.19334],[120.70449,24.19269],[120.70443,24.19252],[120.70448,24.1923],[120.70456,24.19221],[120.70531,24.19213],[120.70531,24.19138],[120.70517,24.19057],[120.70498,24.19026],[120.70428,24.18981],[120.70423,24.18971],[120.70429,24.18957],[120.70486,24.18912],[120.70484,24.18898],[120.70448,24.18873],[120.70356,24.18872],[120.70338,24.18857],[120.7033,24.18795],[120.70338,24.18788],[120.70406,24.18779],[120.70417,24.18757],[120.70409,24.18709],[120.70332,24.187],[120.70247,24.18704],[120.70248,24.19443],[120.70254,24.19594],[120.70262,24.19646],[120.70344,24.20067],[120.70367,24.20062],[120.7039,24.2007],[120.70502,24.20124],[120.70494,24.20033]]]}},{"type":"Feature","properties":{"c":"66000170015","t":"潭子區","v":"家興里"},"geometry":{"type":"Polygon","coordinates":[[[120.7025,24.19206],[120.70247,24.18704],[120.70111,24.18713],[120.70101,24.18737],[120.70077,24.18746],[120.69914,24.18804],[120.69789,24.18831],[120.69786,24.18844],[120.69805,24.18867],[120.69861,24.18884],[120.69904,24.18916],[120.6993,24.1897],[120.69936,24.19042],[120.69949,24.19103],[120.69945,24.19144],[120.69953,24.19212],[120.69944,24.19216],[120.70184,24.19207],[120.7025,24.19206]]]}},{"type":"Feature","properties":{"c":"66000170016","t":"潭子區","v":"家福里"},"geometry":{"type":"Polygon","coordinates":[[[120.69847,24.19461],[120.70027,24.19436],[120.70248,24.19443],[120.7025,24.19206],[120.69939,24.19218],[120.69873,24.19145],[120.69809,24.1915],[120.69753,24.1916],[120.6969,24.19201],[120.6959,24.19199],[120.69522,24.19211],[120.69394,24.19291],[120.69497,24.1938],[120.69486,24.19399],[120.69492,24.19408],[120.69517,24.19398],[120.69794,24.19463],[120.69847,24.19461]]]}},{"type":"Feature","properties":{"c":"66000180001","t":"大雅區","v":"大雅里"},"geometry":{"type":"Polygon","coordinates":[[[120.64527,24.22555],[120.65049,24.22733],[120.65179,24.22798],[120.65347,24.2253],[120.65361,24.22469],[120.6536,24.22392],[120.65339,24.22381],[120.65277,24.22315],[120.65256,24.2231],[120.6521,24.22322],[120.65162,24.22304],[120.65098,24.22295],[120.64973,24.22297],[120.64995,24.2216],[120.64882,24.22137],[120.64869,24.22044],[120.64856,24.2201],[120.64811,24.21962],[120.647,24.22186],[120.64527,24.22555]]]}},{"type":"Feature","properties":{"c":"66000180002","t":"大雅區","v":"員林里"},"geometry":{"type":"Polygon","coordinates":[[[120.66942,24.24562],[120.6693,24.24517],[120.66908,24.24468],[120.66895,24.24453],[120.66857,24.24431],[120.66827,24.24399],[120.66779,24.244],[120.6674,24.24373],[120.66705,24.24362],[120.66592,24.24292],[120.6657,24.24269],[120.66568,24.24242],[120.66545,24.24191],[120.66524,24.24178],[120.66473,24.24175],[120.6642,24.24161],[120.66406,24.24147],[120.66401,24.24125],[120.66344,24.24103],[120.66164,24.24107],[120.6614,24.24102],[120.66049,24.24039],[120.6603,24.23986],[120.66001,24.23951],[120.65969,24.23841],[120.65995,24.23772],[120.66059,24.23748],[120.66083,24.23724],[120.66101,24.23676],[120.66098,24.23667],[120.65965,24.23573],[120.65952,24.23495],[120.65921,24.23433],[120.65805,24.23285],[120.6575,24.23244],[120.6567,24.23161],[120.65662,24.23141],[120.65661,24.23118],[120.65594,24.22968],[120.65588,24.22945],[120.65594,24.22861],[120.655,24.22914],[120.65437,24.22935],[120.65419,24.22963],[120.65269,24.22891],[120.65216,24.22967],[120.65166,24.23004],[120.65097,24.23027],[120.65033,24.23034],[120.65033,24.23051],[120.64895,24.23075],[120.64861,24.23091],[120.64846,24.23117],[120.64758,24.23135],[120.64751,24.23128],[120.64715,24.22953],[120.64697,24.22932],[120.64661,24.22913],[120.64634,24.22883],[120.64581,24.22765],[120.64546,24.22708],[120.6451,24.22668],[120.64462,24.22643],[120.64428,24.22644],[120.64394,24.22695],[120.64252,24.22856],[120.64086,24.23012],[120.63831,24.23222],[120.64013,24.23413],[120.64116,24.23511],[120.6419,24.23605],[120.64191,24.23689],[120.64151,24.237],[120.64184,24.23745],[120.64253,24.23814],[120.64272,24.23854],[120.64357,24.23984],[120.64365,24.24029],[120.6434,24.24095],[120.64336,24.24136],[120.64374,24.24231],[120.64408,24.24295],[120.64406,24.24316],[120.64439,24.24349],[120.64564,24.24422],[120.64575,24.24442],[120.64579,24.24507],[120.64647,24.2454],[120.64735,24.24642],[120.64766,24.24661],[120.64808,24.24636],[120.64812,24.24648],[120.64798,24.24671],[120.64816,24.2469],[120.64958,24.24782],[120.64996,24.2482],[120.65024,24.24834],[120.65102,24.24894],[120.65143,24.24944],[120.65193,24.25025],[120.65305,24.25131],[120.65819,24.24909],[120.65999,24.24821],[120.66205,24.24738],[120.66248,24.24752],[120.66279,24.24749],[120.66896,24.24485],[120.66902,24.24487],[120.66919,24.2452],[120.66929,24.24558],[120.66942,24.24562],[120.66942,24.24562]]]}},{"type":"Feature","properties":{"c":"66000180003","t":"大雅區","v":"六寶里"},"geometry":{"type":"Polygon","coordinates":[[[120.63446,24.25916],[120.63519,24.25913],[120.63557,24.25877],[120.63637,24.2573],[120.63655,24.2567],[120.63706,24.25557],[120.63772,24.25328],[120.6378,24.25236],[120.63797,24.25206],[120.63827,24.25169],[120.63961,24.25039],[120.64055,24.24969],[120.6409,24.24924],[120.64128,24.24857],[120.64198,24.24828],[120.64141,24.2475],[120.63995,24.24586],[120.63961,24.24532],[120.63923,24.2443],[120.64057,24.24403],[120.64111,24.24372],[120.6419,24.24349],[120.64407,24.24316],[120.64408,24.24304],[120.64341,24.24159],[120.64336,24.24136],[120.6434,24.24095],[120.64365,24.24029],[120.64357,24.23984],[120.64272,24.23854],[120.64253,24.23814],[120.64184,24.23745],[120.64151,24.237],[120.64191,24.23689],[120.6419,24.23605],[120.64116,24.23511],[120.64013,24.23413],[120.63805,24.23192],[120.63689,24.2312],[120.63648,24.23105],[120.63574,24.23094],[120.63459,24.23117],[120.6337,24.23169],[120.63237,24.2323],[120.63006,24.23299],[120.62949,24.23335],[120.62822,24.2336],[120.62713,24.23423],[120.62697,24.23437],[120.6265,24.23518],[120.62618,24.2354],[120.62586,24.2359],[120.62573,24.23599],[120.6254,24.23644],[120.62313,24.23777],[120.62293,24.23923],[120.62283,24.23916],[120.62338,24.23955],[120.6236,24.23974],[120.62364,24.23985],[120.62328,24.2403],[120.62256,24.24148],[120.62253,24.24164],[120.62311,24.24285],[120.62426,24.24458],[120.62425,24.24514],[120.62353,24.2458],[120.62362,24.24828],[120.62401,24.25052],[120.62426,24.25124],[120.62468,24.25202],[120.62563,24.2534],[120.62623,24.25406],[120.62788,24.25545],[120.63047,24.25737],[120.63121,24.25802],[120.63316,24.25927],[120.63446,24.25916]]]}},{"type":"Feature","properties":{"c":"66000180004","t":"大雅區","v":"秀山里"},"geometry":{"type":"Polygon","coordinates":[[[120.62598,24.2357],[120.62618,24.2354],[120.6265,24.23518],[120.62697,24.23437],[120.62822,24.2336],[120.62949,24.23335],[120.63006,24.23299],[120.63237,24.2323],[120.63484,24.23109],[120.63574,24.23094],[120.63648,24.23105],[120.63689,24.2312],[120.63805,24.23192],[120.63831,24.23222],[120.64086,24.23012],[120.64252,24.22856],[120.64309,24.22792],[120.64252,24.22754],[120.6423,24.22726],[120.64177,24.22637],[120.6417,24.2259],[120.64181,24.22459],[120.6419,24.22416],[120.64217,24.22344],[120.64263,24.22267],[120.64183,24.22207],[120.64124,24.22186],[120.64101,24.22167],[120.64063,24.22115],[120.64052,24.22073],[120.64081,24.21916],[120.63988,24.22023],[120.63681,24.21967],[120.63621,24.21949],[120.63572,24.21919],[120.63437,24.21736],[120.6334,24.21681],[120.63106,24.21509],[120.63083,24.21463],[120.63085,24.21425],[120.6307,24.21335],[120.63059,24.21316],[120.6301,24.21303],[120.62897,24.21335],[120.62766,24.21348],[120.62797,24.2145],[120.62786,24.21503],[120.62816,24.21524],[120.62818,24.21545],[120.628,24.21584],[120.62761,24.21638],[120.62696,24.21677],[120.62666,24.21707],[120.62484,24.21682],[120.62469,24.21726],[120.62431,24.21781],[120.62407,24.21801],[120.62372,24.21888],[120.62354,24.21908],[120.62251,24.21925],[120.62188,24.21902],[120.62142,24.21907],[120.62073,24.21938],[120.62039,24.22],[120.62013,24.22119],[120.61994,24.22165],[120.62087,24.2228],[120.6211,24.22297],[120.62153,24.22347],[120.62169,24.22377],[120.62203,24.22473],[120.62207,24.22523],[120.62228,24.22612],[120.62312,24.22758],[120.62486,24.2325],[120.62598,24.2357]]]}},{"type":"Feature","properties":{"c":"66000180005","t":"大雅區","v":"忠義里"},"geometry":{"type":"Polygon","coordinates":[[[120.62598,24.2357],[120.62312,24.22758],[120.62228,24.22612],[120.62207,24.22523],[120.62203,24.22473],[120.62169,24.22377],[120.62153,24.22347],[120.6211,24.22297],[120.62087,24.2228],[120.61984,24.22152],[120.61839,24.22021],[120.6181,24.22017],[120.6177,24.2204],[120.61753,24.2204],[120.61685,24.22002],[120.6167,24.22003],[120.61611,24.2203],[120.6157,24.22024],[120.61544,24.22009],[120.61531,24.21954],[120.6152,24.21943],[120.61445,24.21969],[120.61361,24.22059],[120.61318,24.22078],[120.61278,24.22076],[120.6117,24.22087],[120.61072,24.22135],[120.6103,24.22168],[120.60949,24.22193],[120.60782,24.22238],[120.60658,24.22246],[120.60602,24.22267],[120.60482,24.22279],[120.60429,24.223],[120.60348,24.22293],[120.60304,24.22262],[120.60267,24.22225],[120.60204,24.22193],[120.60083,24.22191],[120.60021,24.22211],[120.59974,24.22217],[120.59958,24.22226],[120.59947,24.22262],[120.59968,24.22329],[120.59984,24.22439],[120.60022,24.22525],[120.60097,24.22616],[120.60132,24.22682],[120.60191,24.22761],[120.60229,24.22835],[120.60271,24.22948],[120.60287,24.23022],[120.60286,24.23068],[120.6033,24.232],[120.60321,24.23301],[120.60345,24.23417],[120.60466,24.23689],[120.60497,24.23793],[120.6051,24.23817],[120.60535,24.23833],[120.60561,24.23906],[120.60576,24.23922],[120.60812,24.23834],[120.61022,24.23774],[120.61033,24.23808],[120.61046,24.2382],[120.61054,24.23819],[120.61067,24.23814],[120.61094,24.23783],[120.61312,24.2367],[120.61401,24.23654],[120.61536,24.23603],[120.61601,24.23603],[120.61692,24.23561],[120.6171,24.23559],[120.61956,24.23695],[120.62293,24.23923],[120.62313,24.23777],[120.62535,24.23648],[120.62588,24.23585],[120.62598,24.2357]]]}},{"type":"Feature","properties":{"c":"66000180006","t":"大雅區","v":"橫山里"},"geometry":{"type":"Polygon","coordinates":[[[120.60165,24.2219],[120.60204,24.22193],[120.60267,24.22225],[120.60304,24.22262],[120.60348,24.22293],[120.60368,24.22298],[120.60429,24.223],[120.60482,24.22279],[120.60602,24.22267],[120.60658,24.22246],[120.60782,24.22238],[120.6103,24.22168],[120.61072,24.22135],[120.6117,24.22087],[120.61278,24.22076],[120.61304,24.22081],[120.61333,24.22073],[120.61361,24.22059],[120.61445,24.21969],[120.6152,24.21943],[120.61531,24.21954],[120.61544,24.22009],[120.6157,24.22024],[120.61611,24.2203],[120.6167,24.22003],[120.61685,24.22002],[120.61753,24.2204],[120.6177,24.2204],[120.6181,24.22017],[120.61839,24.22021],[120.61994,24.22165],[120.62013,24.22119],[120.62039,24.22],[120.62073,24.21938],[120.62142,24.21907],[120.62188,24.21902],[120.62251,24.21925],[120.62354,24.21908],[120.62372,24.21888],[120.62407,24.21801],[120.62431,24.21781],[120.62469,24.21726],[120.62484,24.21682],[120.62666,24.21707],[120.62696,24.21677],[120.62761,24.21638],[120.628,24.21584],[120.62818,24.21545],[120.62816,24.21524],[120.62786,24.21503],[120.62797,24.2145],[120.62766,24.21348],[120.62897,24.21335],[120.6301,24.21303],[120.63054,24.21313],[120.63068,24.21329],[120.63085,24.21425],[120.63083,24.21463],[120.63111,24.21514],[120.63138,24.21527],[120.6334,24.21681],[120.63437,24.21736],[120.63572,24.21919],[120.6361,24.21944],[120.63681,24.21967],[120.63988,24.22023],[120.64081,24.21916],[120.64297,24.21989],[120.64289,24.21851],[120.64089,24.21854],[120.63991,24.21647],[120.63927,24.2127],[120.64161,24.21238],[120.64201,24.21271],[120.6429,24.21279],[120.64405,24.2132],[120.6439,24.21282],[120.64299,24.21117],[120.64299,24.21013],[120.64426,24.20939],[120.64764,24.20649],[120.64729,24.20624],[120.64685,24.20537],[120.64635,24.20478],[120.646,24.20423],[120.64535,24.20394],[120.64513,24.2039],[120.64445,24.20407],[120.64243,24.20501],[120.64213,24.20401],[120.64153,24.20321],[120.64092,24.20341],[120.63904,24.20437],[120.639,24.20346],[120.63891,24.20339],[120.63865,24.2034],[120.63845,24.20351],[120.63805,24.20359],[120.63763,24.20354],[120.63724,24.20278],[120.63694,24.20182],[120.63663,24.20183],[120.63586,24.20212],[120.63568,24.20229],[120.63561,24.20292],[120.63571,24.20381],[120.63558,24.20389],[120.63361,24.2045],[120.63167,24.20521],[120.62529,24.20723],[120.62455,24.20758],[120.62429,24.20763],[120.62407,24.20741],[120.62108,24.20881],[120.62077,24.20882],[120.62037,24.20869],[120.61916,24.20884],[120.61758,24.20916],[120.61605,24.20964],[120.61518,24.20975],[120.61444,24.20994],[120.61385,24.21028],[120.6132,24.21054],[120.61192,24.2105],[120.61127,24.21056],[120.61065,24.21089],[120.61015,24.21124],[120.60974,24.21137],[120.60813,24.2113],[120.60662,24.21168],[120.60606,24.2119],[120.60568,24.21188],[120.60536,24.2121],[120.60422,24.21235],[120.60345,24.21237],[120.60289,24.2125],[120.60249,24.21275],[120.60086,24.2134],[120.60074,24.21337],[120.60098,24.21471],[120.60058,24.2148],[120.59997,24.21474],[120.59937,24.21456],[120.59852,24.21444],[120.59826,24.21436],[120.5977,24.214],[120.59705,24.21401],[120.59633,24.21416],[120.59703,24.21567],[120.59755,24.21643],[120.59889,24.22008],[120.59956,24.2214],[120.59961,24.2221],[120.59951,24.22254],[120.59958,24.22226],[120.59974,24.22217],[120.60021,24.22211],[120.60083,24.22191],[120.60124,24.22189],[120.60165,24.2219]]]}},{"type":"Feature","properties":{"c":"66000180007","t":"大雅區","v":"三和里"},"geometry":{"type":"Polygon","coordinates":[[[120.65435,24.20983],[120.65439,24.20994],[120.65435,24.21047],[120.65401,24.21239],[120.65444,24.21454],[120.65467,24.21536],[120.65491,24.21579],[120.655,24.21708],[120.65517,24.21758],[120.65521,24.218],[120.65568,24.21893],[120.65728,24.21902],[120.6579,24.21895],[120.65838,24.219],[120.65937,24.21888],[120.65953,24.21892],[120.65988,24.21929],[120.66,24.2196],[120.66008,24.22022],[120.66065,24.22179],[120.66632,24.2213],[120.66888,24.22123],[120.66882,24.22036],[120.66837,24.21893],[120.66761,24.21571],[120.66852,24.21597],[120.66869,24.21596],[120.66837,24.21536],[120.66845,24.21489],[120.66825,24.21379],[120.66824,24.21328],[120.66804,24.21277],[120.66765,24.21221],[120.66687,24.2112],[120.66644,24.21083],[120.66601,24.21021],[120.66589,24.20973],[120.66545,24.20906],[120.66503,24.20813],[120.6648,24.20759],[120.66474,24.20715],[120.66242,24.20707],[120.65964,24.20717],[120.65926,24.20724],[120.65768,24.20851],[120.65644,24.20867],[120.65575,24.20812],[120.65552,24.20802],[120.65447,24.20846],[120.65415,24.20885],[120.6543,24.20964],[120.65435,24.20983]]]}},{"type":"Feature","properties":{"c":"66000180008","t":"大雅區","v":"西寶里"},"geometry":{"type":"Polygon","coordinates":[[[120.68241,24.23971],[120.68216,24.23937],[120.68176,24.23861],[120.68111,24.23782],[120.68096,24.23713],[120.68065,24.23633],[120.68048,24.2361],[120.68046,24.23589],[120.68086,24.23365],[120.681,24.23363],[120.68145,24.23402],[120.68184,24.23412],[120.6826,24.23408],[120.68274,24.23401],[120.68272,24.23391],[120.68086,24.23137],[120.68031,24.23015],[120.68014,24.23009],[120.67866,24.2302],[120.67829,24.23013],[120.6779,24.22981],[120.67766,24.2292],[120.67765,24.22862],[120.67795,24.22734],[120.67797,24.22695],[120.67774,24.22576],[120.67739,24.225],[120.67666,24.22391],[120.676,24.22354],[120.67479,24.22329],[120.67452,24.22309],[120.67411,24.22264],[120.67385,24.22204],[120.67309,24.21856],[120.67307,24.21846],[120.67318,24.21844],[120.67456,24.21847],[120.67459,24.21781],[120.67496,24.21773],[120.67681,24.21759],[120.67852,24.2176],[120.67866,24.21754],[120.67836,24.21629],[120.67765,24.21389],[120.67748,24.21303],[120.67719,24.21229],[120.6766,24.2112],[120.67525,24.21006],[120.6742,24.20858],[120.67357,24.20847],[120.67249,24.20848],[120.67189,24.20854],[120.67115,24.20876],[120.67053,24.20726],[120.67079,24.20719],[120.67072,24.20684],[120.67023,24.20476],[120.66983,24.20368],[120.6687,24.20322],[120.6676,24.20227],[120.66638,24.20216],[120.66468,24.20155],[120.66447,24.20157],[120.66458,24.20206],[120.66452,24.20233],[120.66471,24.20277],[120.66502,24.20313],[120.66504,24.20328],[120.66506,24.20362],[120.66462,24.20466],[120.6648,24.20759],[120.66545,24.20906],[120.66589,24.20973],[120.66601,24.21021],[120.66644,24.21083],[120.66687,24.2112],[120.66765,24.21221],[120.66804,24.21277],[120.66824,24.21328],[120.66825,24.21379],[120.66845,24.21489],[120.66837,24.21536],[120.66869,24.21596],[120.66852,24.21597],[120.66761,24.21571],[120.66837,24.21893],[120.66882,24.22036],[120.66888,24.22123],[120.66918,24.22196],[120.66955,24.22323],[120.66973,24.22341],[120.67029,24.22536],[120.67088,24.22712],[120.67143,24.22816],[120.67212,24.22908],[120.67282,24.23024],[120.67329,24.23089],[120.67436,24.23191],[120.67504,24.23234],[120.67527,24.23242],[120.67579,24.23313],[120.67628,24.23359],[120.67677,24.23423],[120.67726,24.23504],[120.67739,24.23571],[120.67759,24.23612],[120.6779,24.23639],[120.67819,24.23651],[120.67828,24.23664],[120.67842,24.23748],[120.67871,24.23772],[120.67893,24.23771],[120.67914,24.23807],[120.6794,24.23818],[120.68008,24.23831],[120.68081,24.23826],[120.681,24.23832],[120.68175,24.23928],[120.68219,24.23967],[120.6824,24.23973],[120.68241,24.23971]]]}},{"type":"Feature","properties":{"c":"66000180009","t":"大雅區","v":"上楓里"},"geometry":{"type":"Polygon","coordinates":[[[120.66942,24.24562],[120.67106,24.24497],[120.6752,24.24306],[120.67455,24.24197],[120.67456,24.24188],[120.67507,24.24142],[120.67555,24.24086],[120.67564,24.2408],[120.67574,24.24085],[120.67579,24.24052],[120.67606,24.24033],[120.6761,24.24016],[120.67588,24.23992],[120.67602,24.23973],[120.67594,24.2396],[120.6758,24.23955],[120.67536,24.23975],[120.67528,24.23973],[120.67509,24.23943],[120.6747,24.23907],[120.67468,24.23895],[120.67492,24.23859],[120.67467,24.23838],[120.67458,24.23816],[120.67478,24.23789],[120.67476,24.23775],[120.67435,24.2375],[120.67438,24.23725],[120.67456,24.23695],[120.67445,24.23679],[120.6741,24.23682],[120.67343,24.23595],[120.67302,24.2357],[120.67248,24.23555],[120.67211,24.23524],[120.67184,24.23513],[120.67168,24.23497],[120.67138,24.23486],[120.671,24.2346],[120.67089,24.23447],[120.67092,24.23436],[120.67056,24.23434],[120.66938,24.2334],[120.6692,24.23339],[120.66587,24.23489],[120.66344,24.23318],[120.66217,24.23262],[120.65891,24.23396],[120.65921,24.23433],[120.65952,24.23495],[120.65965,24.23573],[120.66098,24.23667],[120.66101,24.23676],[120.66073,24.23738],[120.66059,24.23748],[120.65995,24.23772],[120.65969,24.23841],[120.66001,24.23951],[120.6603,24.23986],[120.66049,24.24039],[120.6614,24.24102],[120.66164,24.24107],[120.66344,24.24103],[120.66401,24.24125],[120.66406,24.24147],[120.6642,24.24161],[120.66473,24.24175],[120.66524,24.24178],[120.66545,24.24191],[120.66568,24.24242],[120.6657,24.24269],[120.66592,24.24292],[120.66705,24.24362],[120.6674,24.24373],[120.66779,24.244],[120.66827,24.24399],[120.66857,24.24431],[120.66895,24.24453],[120.66908,24.24468],[120.6693,24.24517],[120.66942,24.24562],[120.66942,24.24562]]]}},{"type":"Feature","properties":{"c":"66000180010","t":"大雅區","v":"二和里"},"geometry":{"type":"Polygon","coordinates":[[[120.65511,24.22424],[120.65555,24.22457],[120.65586,24.22465],[120.65629,24.22468],[120.65712,24.22454],[120.65763,24.22462],[120.65778,24.22472],[120.65803,24.22513],[120.65804,24.22589],[120.65838,24.22632],[120.65835,24.22668],[120.65845,24.22693],[120.6587,24.22724],[120.65941,24.22732],[120.65934,24.22841],[120.6592,24.22858],[120.65929,24.22883],[120.65984,24.22852],[120.65994,24.22852],[120.66046,24.22899],[120.66084,24.22901],[120.66109,24.22925],[120.66166,24.22939],[120.66183,24.22979],[120.66223,24.22959],[120.66172,24.22685],[120.66076,24.22256],[120.66072,24.22207],[120.66002,24.22003],[120.66,24.2196],[120.65988,24.21929],[120.65964,24.21899],[120.65937,24.21888],[120.65838,24.219],[120.6579,24.21895],[120.65728,24.21902],[120.65568,24.21893],[120.65567,24.21903],[120.65561,24.21905],[120.65123,24.21916],[120.64881,24.21875],[120.64856,24.2201],[120.64869,24.22044],[120.64882,24.22137],[120.64995,24.2216],[120.64973,24.22297],[120.65098,24.22295],[120.65162,24.22304],[120.6521,24.22322],[120.65256,24.2231],[120.65277,24.22315],[120.65339,24.22381],[120.65378,24.22402],[120.65426,24.22411],[120.65511,24.22424]]]}},{"type":"Feature","properties":{"c":"66000180011","t":"大雅區","v":"四德里"},"geometry":{"type":"Polygon","coordinates":[[[120.65568,24.21893],[120.65521,24.218],[120.65517,24.21758],[120.655,24.21708],[120.65491,24.21579],[120.65467,24.21536],[120.65444,24.21454],[120.65401,24.21239],[120.65439,24.21015],[120.65429,24.20942],[120.65414,24.20896],[120.65415,24.20885],[120.65447,24.20846],[120.65432,24.20855],[120.65402,24.20887],[120.65404,24.20942],[120.6516,24.20981],[120.65117,24.20958],[120.65002,24.20834],[120.64966,24.20808],[120.64874,24.20721],[120.64833,24.20702],[120.64764,24.20649],[120.64426,24.20939],[120.64299,24.21013],[120.64299,24.21117],[120.6439,24.21282],[120.64405,24.2132],[120.64474,24.21387],[120.64555,24.21499],[120.64636,24.21549],[120.64702,24.21641],[120.6479,24.21738],[120.64798,24.21772],[120.6479,24.21829],[120.64779,24.21856],[120.64779,24.21903],[120.64799,24.21949],[120.64856,24.2201],[120.64881,24.21875],[120.65123,24.21916],[120.65561,24.21905],[120.6557,24.21898],[120.65568,24.21893]]]}},{"type":"Feature","properties":{"c":"66000180012","t":"大雅區","v":"上雅里"},"geometry":{"type":"Polygon","coordinates":[[[120.65594,24.22861],[120.6558,24.22736],[120.65572,24.22718],[120.65528,24.22668],[120.6551,24.22625],[120.65498,24.22567],[120.65493,24.22522],[120.65511,24.22424],[120.65378,24.22402],[120.6536,24.22392],[120.65361,24.22469],[120.65347,24.2253],[120.65179,24.22798],[120.65049,24.22733],[120.64527,24.22555],[120.64481,24.22649],[120.6451,24.22668],[120.64546,24.22708],[120.64581,24.22765],[120.64616,24.22848],[120.64646,24.22899],[120.64697,24.22932],[120.64715,24.22953],[120.64751,24.23128],[120.64758,24.23135],[120.64846,24.23117],[120.64861,24.23091],[120.64895,24.23075],[120.65033,24.23051],[120.65033,24.23034],[120.65097,24.23027],[120.65166,24.23004],[120.65216,24.22967],[120.65269,24.22891],[120.65419,24.22963],[120.65437,24.22935],[120.65539,24.22894],[120.65594,24.22861]]]}},{"type":"Feature","properties":{"c":"66000180013","t":"大雅區","v":"文雅里"},"geometry":{"type":"Polygon","coordinates":[[[120.64309,24.22792],[120.64394,24.22695],[120.64428,24.22644],[120.64462,24.22643],[120.64481,24.22649],[120.64784,24.22019],[120.64811,24.21962],[120.64785,24.21925],[120.64776,24.21877],[120.64795,24.21805],[120.64797,24.21754],[120.64779,24.21723],[120.64702,24.21641],[120.64636,24.21549],[120.64555,24.21499],[120.64474,24.21387],[120.64405,24.2132],[120.6429,24.21279],[120.64201,24.21271],[120.64161,24.21238],[120.63927,24.2127],[120.63991,24.21647],[120.64089,24.21854],[120.64289,24.21851],[120.64297,24.21989],[120.64081,24.21916],[120.64052,24.22073],[120.64063,24.22115],[120.64101,24.22167],[120.64124,24.22186],[120.64183,24.22207],[120.64263,24.22267],[120.64217,24.22344],[120.64185,24.22435],[120.6417,24.22612],[120.64183,24.22649],[120.6423,24.22726],[120.64252,24.22754],[120.6428,24.22775],[120.64309,24.22792]]]}},{"type":"Feature","properties":{"c":"66000180014","t":"大雅區","v":"大楓里"},"geometry":{"type":"Polygon","coordinates":[[[120.67305,24.23572],[120.67347,24.23598],[120.6741,24.23682],[120.67447,24.23681],[120.67426,24.2366],[120.67428,24.23634],[120.67454,24.23608],[120.6746,24.2359],[120.67456,24.23551],[120.67473,24.23509],[120.67471,24.23462],[120.6745,24.23471],[120.67434,24.23466],[120.67426,24.23453],[120.67428,24.23437],[120.67454,24.23403],[120.67447,24.2336],[120.67453,24.23341],[120.67474,24.23308],[120.67482,24.23326],[120.67504,24.23337],[120.67567,24.23313],[120.67587,24.23318],[120.67527,24.23242],[120.67504,24.23234],[120.67436,24.23191],[120.67329,24.23089],[120.67282,24.23024],[120.67212,24.22908],[120.67143,24.22816],[120.67081,24.22695],[120.66973,24.22341],[120.66955,24.22323],[120.66918,24.22196],[120.66888,24.22123],[120.66632,24.2213],[120.66065,24.22179],[120.66076,24.22256],[120.66172,24.22685],[120.66223,24.22959],[120.66263,24.23002],[120.66256,24.23029],[120.66303,24.23061],[120.66299,24.23075],[120.66331,24.23099],[120.66339,24.23101],[120.66398,24.23074],[120.66439,24.23089],[120.66456,24.23088],[120.66473,24.23061],[120.66482,24.23055],[120.66554,24.23112],[120.6655,24.23118],[120.66217,24.23262],[120.66344,24.23318],[120.66587,24.23489],[120.6692,24.23339],[120.66938,24.2334],[120.67056,24.23434],[120.67092,24.23436],[120.67089,24.23447],[120.671,24.2346],[120.67138,24.23486],[120.67168,24.23497],[120.67184,24.23513],[120.67211,24.23524],[120.67248,24.23555],[120.67302,24.2357],[120.67305,24.23572]]]}},{"type":"Feature","properties":{"c":"66000180015","t":"大雅區","v":"雅楓里"},"geometry":{"type":"Polygon","coordinates":[[[120.66217,24.23262],[120.6655,24.23118],[120.66554,24.23112],[120.66482,24.23055],[120.66473,24.23061],[120.66456,24.23088],[120.66439,24.23089],[120.66398,24.23074],[120.66339,24.23101],[120.66331,24.23099],[120.66299,24.23075],[120.66303,24.23061],[120.66256,24.23029],[120.66263,24.23002],[120.66223,24.22959],[120.66183,24.22979],[120.66166,24.22939],[120.66109,24.22925],[120.66084,24.22901],[120.66046,24.22899],[120.65994,24.22852],[120.65984,24.22852],[120.65929,24.22883],[120.6592,24.22858],[120.65934,24.22841],[120.65941,24.22732],[120.6587,24.22724],[120.65845,24.22693],[120.65835,24.22668],[120.65838,24.22632],[120.65804,24.22589],[120.65803,24.22513],[120.65778,24.22472],[120.65763,24.22462],[120.65712,24.22454],[120.65629,24.22468],[120.65586,24.22465],[120.65555,24.22457],[120.65511,24.22424],[120.65493,24.22522],[120.6551,24.22625],[120.65528,24.22668],[120.65572,24.22718],[120.6558,24.22736],[120.65594,24.22861],[120.65588,24.22945],[120.6562,24.23032],[120.65661,24.23118],[120.65662,24.23141],[120.6567,24.23161],[120.6575,24.23244],[120.65805,24.23285],[120.65891,24.23396],[120.66199,24.23271],[120.66217,24.23262]]]}},{"type":"Feature","properties":{"c":"66000190001","t":"新社區","v":"新社里"},"geometry":{"type":"Polygon","coordinates":[[[120.81091,24.24453],[120.81261,24.23987],[120.80966,24.23904],[120.80938,24.23961],[120.80898,24.23989],[120.80853,24.24001],[120.80787,24.24],[120.80735,24.23948],[120.80692,24.23925],[120.80642,24.24001],[120.80597,24.24117],[120.8055,24.2419],[120.80407,24.24189],[120.80365,24.24173],[120.80322,24.24221],[120.80332,24.24258],[120.80373,24.24322],[120.8045,24.24493],[120.80571,24.24543],[120.80662,24.2462],[120.80748,24.24658],[120.80843,24.24686],[120.80864,24.24774],[120.80972,24.24792],[120.81049,24.24582],[120.81091,24.24453]]]}},{"type":"Feature","properties":{"c":"66000190002","t":"新社區","v":"復盛里"},"geometry":{"type":"Polygon","coordinates":[[[120.80322,24.24221],[120.80365,24.24173],[120.80407,24.24189],[120.8055,24.2419],[120.80597,24.24117],[120.80642,24.24001],[120.80692,24.23925],[120.80735,24.23948],[120.80787,24.24],[120.80853,24.24001],[120.80898,24.23989],[120.80938,24.23961],[120.80966,24.23904],[120.81005,24.23758],[120.81277,24.23769],[120.8133,24.23765],[120.81373,24.23716],[120.81465,24.23472],[120.81558,24.23201],[120.81633,24.23082],[120.81719,24.22898],[120.81812,24.22676],[120.81908,24.22474],[120.81963,24.22199],[120.82018,24.22091],[120.82031,24.22038],[120.82032,24.21838],[120.8202,24.21729],[120.81922,24.21726],[120.8177,24.21682],[120.81682,24.21598],[120.81618,24.21484],[120.8147,24.21398],[120.81417,24.21505],[120.81396,24.21663],[120.8137,24.21747],[120.81286,24.21884],[120.81243,24.21931],[120.81157,24.21983],[120.81072,24.22001],[120.80975,24.21991],[120.80872,24.21952],[120.80796,24.21932],[120.80329,24.21937],[120.80341,24.2266],[120.80669,24.22661],[120.807,24.22702],[120.80698,24.22747],[120.80601,24.22919],[120.80523,24.23092],[120.80463,24.23206],[120.80275,24.23429],[120.80193,24.23593],[120.80148,24.23657],[120.8001,24.23826],[120.79965,24.239],[120.7993,24.23973],[120.79896,24.24066],[120.79788,24.24288],[120.7986,24.24308],[120.79921,24.24313],[120.79955,24.24295],[120.80022,24.24234],[120.80073,24.24206],[120.80118,24.24197],[120.80174,24.24203],[120.80255,24.24237],[120.80295,24.24245],[120.80322,24.24221]]]}},{"type":"Feature","properties":{"c":"66000190003","t":"新社區","v":"中正里"},"geometry":{"type":"Polygon","coordinates":[[[120.79329,24.26698],[120.79323,24.26736],[120.79301,24.26764],[120.79197,24.26839],[120.79074,24.26899],[120.79049,24.26922],[120.7904,24.26955],[120.7906,24.26991],[120.7906,24.27007],[120.79084,24.27033],[120.7911,24.2704],[120.79154,24.27008],[120.79209,24.26992],[120.79329,24.27013],[120.79365,24.26982],[120.79408,24.26917],[120.79435,24.26898],[120.79517,24.26857],[120.79693,24.26784],[120.7972,24.26758],[120.79746,24.26745],[120.79842,24.26719],[120.79989,24.26646],[120.80017,24.2662],[120.80035,24.26582],[120.80068,24.26569],[120.80205,24.26449],[120.80257,24.26385],[120.80285,24.26336],[120.80327,24.263],[120.80438,24.26245],[120.80476,24.2621],[120.80509,24.2619],[120.80555,24.26181],[120.80572,24.26166],[120.80593,24.2617],[120.80614,24.26209],[120.80629,24.26212],[120.80626,24.26191],[120.80641,24.26179],[120.80646,24.26096],[120.80672,24.26035],[120.80681,24.25919],[120.80694,24.2589],[120.80729,24.25853],[120.80776,24.25821],[120.80803,24.25832],[120.80814,24.25822],[120.80819,24.258],[120.80846,24.2578],[120.80855,24.25767],[120.80857,24.25721],[120.80896,24.25672],[120.80919,24.25611],[120.80953,24.25577],[120.80985,24.25531],[120.81076,24.25372],[120.81109,24.25343],[120.81146,24.25332],[120.81158,24.25321],[120.81184,24.25239],[120.81202,24.25222],[120.81227,24.25213],[120.81293,24.25233],[120.81315,24.25228],[120.81355,24.2521],[120.81389,24.25179],[120.81433,24.25087],[120.81446,24.25024],[120.81522,24.24949],[120.81603,24.24803],[120.81606,24.2478],[120.81631,24.24722],[120.81627,24.24685],[120.81649,24.24661],[120.81664,24.24627],[120.817,24.2458],[120.81753,24.24491],[120.8154,24.24481],[120.81321,24.2444],[120.81091,24.24453],[120.80972,24.24792],[120.80864,24.24774],[120.80843,24.24686],[120.80748,24.24658],[120.80662,24.2462],[120.80571,24.24543],[120.805,24.24517],[120.80436,24.2454],[120.80161,24.24577],[120.80171,24.24582],[120.80174,24.24617],[120.80163,24.24758],[120.8017,24.24809],[120.80291,24.24917],[120.80318,24.24964],[120.80315,24.24991],[120.80286,24.25055],[120.8019,24.25189],[120.80184,24.25216],[120.80193,24.25234],[120.80215,24.25253],[120.80269,24.25269],[120.80303,24.253],[120.8031,24.2532],[120.80307,24.2535],[120.8027,24.25376],[120.80248,24.25378],[120.80204,24.25367],[120.80188,24.25368],[120.80171,24.25379],[120.80155,24.25422],[120.80159,24.25441],[120.80188,24.2548],[120.80177,24.25545],[120.80138,24.25577],[120.80092,24.25647],[120.8001,24.25727],[120.79976,24.25775],[120.79967,24.25838],[120.79992,24.2589],[120.80021,24.25923],[120.80026,24.2594],[120.80018,24.25957],[120.80004,24.25971],[120.79995,24.25972],[120.79959,24.2595],[120.79851,24.25859],[120.79828,24.25849],[120.79791,24.2585],[120.7976,24.25871],[120.79745,24.25891],[120.79732,24.25993],[120.79704,24.26057],[120.7965,24.26097],[120.79563,24.26141],[120.79532,24.26171],[120.7951,24.26235],[120.7946,24.2631],[120.79425,24.26344],[120.79408,24.2638],[120.79412,24.26411],[120.7943,24.26465],[120.79406,24.26531],[120.79326,24.26618],[120.79321,24.2664],[120.79326,24.26688],[120.79329,24.26698]]]}},{"type":"Feature","properties":{"c":"66000190004","t":"新社區","v":"月湖里"},"geometry":{"type":"Polygon","coordinates":[[[120.82415,24.24231],[120.824,24.24186],[120.82386,24.24027],[120.82387,24.23982],[120.82417,24.23752],[120.82548,24.23048],[120.8259,24.22848],[120.82648,24.2263],[120.82446,24.22644],[120.82197,24.2268],[120.81812,24.22676],[120.81719,24.22898],[120.81633,24.23082],[120.81558,24.23201],[120.81465,24.23472],[120.81373,24.23716],[120.8133,24.23765],[120.81277,24.23769],[120.81005,24.23758],[120.80966,24.23904],[120.81261,24.23987],[120.81091,24.24453],[120.81321,24.2444],[120.8154,24.24481],[120.81753,24.24491],[120.81785,24.2445],[120.81802,24.24399],[120.81838,24.24358],[120.81848,24.24333],[120.81902,24.2428],[120.81933,24.24172],[120.81916,24.24132],[120.81925,24.24124],[120.81946,24.24118],[120.81992,24.24122],[120.82012,24.24131],[120.82023,24.24151],[120.82014,24.24201],[120.82081,24.2423],[120.8224,24.2427],[120.82326,24.24263],[120.82388,24.24248],[120.82415,24.24231]]]}},{"type":"Feature","properties":{"c":"66000190005","t":"新社區","v":"崑山里"},"geometry":{"type":"Polygon","coordinates":[[[120.7862,24.25487],[120.78651,24.25461],[120.78767,24.254],[120.78807,24.2537],[120.7893,24.253],[120.78945,24.25261],[120.78971,24.25236],[120.78963,24.25203],[120.78973,24.25191],[120.79,24.2519],[120.79049,24.25172],[120.79053,24.25163],[120.79128,24.25103],[120.79156,24.25066],[120.79231,24.24996],[120.79256,24.24945],[120.79271,24.24883],[120.79287,24.24859],[120.7929,24.24836],[120.79284,24.24822],[120.79313,24.24798],[120.79374,24.24765],[120.79418,24.24749],[120.79508,24.24702],[120.79677,24.24671],[120.79798,24.24626],[120.7989,24.24637],[120.79922,24.24632],[120.80018,24.246],[120.80436,24.2454],[120.805,24.24517],[120.8045,24.24493],[120.80373,24.24322],[120.80332,24.24258],[120.80322,24.24221],[120.80295,24.24245],[120.80255,24.24237],[120.80174,24.24203],[120.80118,24.24197],[120.80073,24.24206],[120.80022,24.24234],[120.79955,24.24295],[120.79921,24.24313],[120.7986,24.24308],[120.79701,24.24264],[120.79614,24.24258],[120.79516,24.2429],[120.79481,24.24282],[120.79471,24.24254],[120.79473,24.24152],[120.79489,24.24094],[120.79659,24.23761],[120.79724,24.23668],[120.79735,24.23636],[120.79726,24.23589],[120.79702,24.23541],[120.79651,24.23483],[120.79631,24.23431],[120.79616,24.2336],[120.79597,24.23331],[120.79564,24.23309],[120.79491,24.23282],[120.79481,24.23265],[120.79484,24.23236],[120.79504,24.23224],[120.79596,24.23212],[120.79634,24.23183],[120.79646,24.23157],[120.79644,24.23096],[120.79621,24.22983],[120.79631,24.22966],[120.79666,24.22942],[120.79792,24.22878],[120.79838,24.22838],[120.79845,24.22788],[120.7984,24.22757],[120.79784,24.22708],[120.79738,24.22699],[120.79653,24.22705],[120.79627,24.22693],[120.79603,24.22662],[120.79585,24.2259],[120.79543,24.22542],[120.7945,24.22479],[120.79383,24.22446],[120.79326,24.2244],[120.79275,24.2245],[120.79218,24.22481],[120.79061,24.22594],[120.78783,24.22836],[120.78624,24.22962],[120.78497,24.23006],[120.7826,24.23061],[120.7805,24.23098],[120.77867,24.23162],[120.77778,24.23211],[120.77706,24.23275],[120.77653,24.23366],[120.77602,24.23475],[120.77547,24.23512],[120.77536,24.23498],[120.77529,24.23448],[120.77509,24.23396],[120.77411,24.23288],[120.77337,24.2325],[120.77281,24.23244],[120.77224,24.2325],[120.77234,24.23273],[120.77227,24.23288],[120.77193,24.23307],[120.7715,24.23352],[120.77114,24.23432],[120.7708,24.23444],[120.76982,24.23425],[120.76959,24.23428],[120.76917,24.23439],[120.76867,24.23468],[120.76834,24.23502],[120.76793,24.23564],[120.76746,24.23609],[120.76704,24.23678],[120.76634,24.23737],[120.76659,24.23803],[120.7668,24.23833],[120.76754,24.23873],[120.76774,24.23899],[120.76779,24.23937],[120.76772,24.23994],[120.76782,24.2409],[120.76774,24.2419],[120.76782,24.24198],[120.76832,24.24202],[120.76866,24.24216],[120.76946,24.2427],[120.76957,24.24274],[120.76992,24.24268],[120.77012,24.24248],[120.77036,24.24239],[120.7711,24.24262],[120.77152,24.2428],[120.7717,24.24294],[120.77209,24.24306],[120.77311,24.24306],[120.77469,24.24316],[120.77488,24.24311],[120.77525,24.24277],[120.77582,24.24272],[120.77614,24.2426],[120.77703,24.24179],[120.77765,24.24172],[120.77785,24.24179],[120.77795,24.24212],[120.77787,24.24254],[120.77788,24.24307],[120.77781,24.2433],[120.77786,24.24368],[120.77803,24.24377],[120.77853,24.2438],[120.77881,24.2439],[120.77911,24.24453],[120.7792,24.24485],[120.77939,24.24501],[120.77975,24.24512],[120.77988,24.24537],[120.77988,24.24589],[120.77953,24.24684],[120.78001,24.24736],[120.78008,24.24754],[120.78011,24.24801],[120.78027,24.24837],[120.78012,24.24879],[120.77984,24.24909],[120.7798,24.24922],[120.77995,24.24935],[120.78034,24.24936],[120.78047,24.24945],[120.78062,24.24966],[120.78053,24.24999],[120.78,24.25038],[120.78006,24.25058],[120.78023,24.25068],[120.78081,24.25074],[120.78167,24.25072],[120.78194,24.25061],[120.78208,24.25041],[120.78247,24.25031],[120.7825,24.25012],[120.78242,24.24982],[120.78212,24.24942],[120.78228,24.249],[120.7817,24.24863],[120.78154,24.24814],[120.78153,24.24774],[120.78163,24.24762],[120.78198,24.24754],[120.78229,24.24723],[120.78256,24.24721],[120.78277,24.24726],[120.78291,24.24721],[120.78315,24.24648],[120.78425,24.24544],[120.78432,24.24564],[120.7843,24.24634],[120.78457,24.24687],[120.78449,24.24702],[120.78414,24.24723],[120.78405,24.24738],[120.78402,24.24749],[120.78408,24.2477],[120.78419,24.24788],[120.78484,24.24846],[120.78524,24.24841],[120.78578,24.24875],[120.78606,24.24915],[120.78619,24.24955],[120.78617,24.24976],[120.78599,24.25012],[120.78634,24.25074],[120.78648,24.25121],[120.7864,24.2514],[120.7859,24.25204],[120.78592,24.25212],[120.78602,24.25213],[120.7865,24.25186],[120.78666,24.25198],[120.78623,24.25227],[120.78621,24.25251],[120.78606,24.25285],[120.78613,24.25317],[120.78631,24.2535],[120.7863,24.25369],[120.78594,24.25404],[120.78588,24.25418],[120.78611,24.25461],[120.78614,24.25485],[120.7862,24.25487],[120.7862,24.25487]]]}},{"type":"Feature","properties":{"c":"66000190006","t":"新社區","v":"大南里"},"geometry":{"type":"Polygon","coordinates":[[[120.79788,24.24288],[120.79896,24.24066],[120.7993,24.23973],[120.79965,24.239],[120.8001,24.23826],[120.80148,24.23657],[120.80193,24.23593],[120.80275,24.23429],[120.80463,24.23206],[120.80523,24.23092],[120.80601,24.22919],[120.80698,24.22747],[120.807,24.22702],[120.80669,24.22661],[120.80341,24.2266],[120.80329,24.21937],[120.79782,24.2194],[120.79461,24.2231],[120.79383,24.22446],[120.7945,24.22479],[120.79543,24.22542],[120.79585,24.2259],[120.79603,24.22662],[120.79627,24.22693],[120.79653,24.22705],[120.79738,24.22699],[120.79784,24.22708],[120.7984,24.22757],[120.79845,24.22788],[120.79838,24.22838],[120.79792,24.22878],[120.79666,24.22942],[120.79631,24.22966],[120.79621,24.22983],[120.79644,24.23096],[120.79646,24.23157],[120.79634,24.23183],[120.79596,24.23212],[120.79504,24.23224],[120.79484,24.23236],[120.79481,24.23265],[120.79491,24.23282],[120.79564,24.23309],[120.79597,24.23331],[120.79616,24.2336],[120.79631,24.23431],[120.79651,24.23483],[120.79702,24.23541],[120.79726,24.23589],[120.79735,24.23636],[120.79724,24.23668],[120.79659,24.23761],[120.79489,24.24094],[120.79473,24.24152],[120.79471,24.24254],[120.79481,24.24282],[120.79516,24.2429],[120.79614,24.24258],[120.79701,24.24264],[120.79788,24.24288]]]}},{"type":"Feature","properties":{"c":"66000190007","t":"新社區","v":"永源里"},"geometry":{"type":"Polygon","coordinates":[[[120.77182,24.23206],[120.77224,24.2325],[120.77281,24.23244],[120.77337,24.2325],[120.77411,24.23288],[120.77509,24.23396],[120.77529,24.23448],[120.77536,24.23498],[120.77547,24.23512],[120.77602,24.23475],[120.77653,24.23366],[120.77706,24.23275],[120.77778,24.23211],[120.77867,24.23162],[120.7805,24.23098],[120.7826,24.23061],[120.78497,24.23006],[120.78624,24.22962],[120.78783,24.22836],[120.79061,24.22594],[120.79218,24.22481],[120.79275,24.2245],[120.79326,24.2244],[120.79383,24.22446],[120.79461,24.2231],[120.79552,24.222],[120.79782,24.2194],[120.79881,24.21864],[120.79931,24.21798],[120.79989,24.21624],[120.79998,24.21552],[120.80029,24.21492],[120.80091,24.21445],[120.80088,24.21378],[120.80068,24.21301],[120.80094,24.21109],[120.80148,24.21078],[120.80216,24.2109],[120.80184,24.20879],[120.80216,24.20847],[120.8032,24.20792],[120.79845,24.20334],[120.79642,24.20541],[120.7951,24.20656],[120.79506,24.20668],[120.79449,24.20719],[120.79452,24.20762],[120.79473,24.20822],[120.79546,24.20951],[120.79562,24.20991],[120.79425,24.20998],[120.79197,24.20983],[120.79045,24.20983],[120.78947,24.20991],[120.78821,24.21039],[120.78668,24.21112],[120.7863,24.21107],[120.78607,24.21077],[120.78598,24.20955],[120.78579,24.20838],[120.78468,24.20918],[120.78316,24.2101],[120.78245,24.21065],[120.78026,24.21121],[120.77967,24.21122],[120.77836,24.21186],[120.77762,24.21159],[120.77731,24.21166],[120.77633,24.21228],[120.77545,24.21254],[120.77401,24.21251],[120.77363,24.21257],[120.77323,24.21267],[120.77319,24.21294],[120.77304,24.2131],[120.77277,24.2132],[120.77133,24.21333],[120.77147,24.21378],[120.77146,24.21397],[120.77129,24.21438],[120.77094,24.21453],[120.7708,24.21473],[120.77081,24.21499],[120.7707,24.21528],[120.77008,24.21586],[120.76867,24.21668],[120.76858,24.21683],[120.76827,24.21693],[120.76843,24.21712],[120.76927,24.21714],[120.77005,24.2173],[120.77083,24.21728],[120.77108,24.21716],[120.77165,24.21705],[120.77209,24.21708],[120.77222,24.21736],[120.77218,24.21752],[120.77193,24.21769],[120.77019,24.21865],[120.76944,24.21957],[120.76929,24.21986],[120.76936,24.22007],[120.76976,24.2205],[120.77004,24.22068],[120.77109,24.221],[120.7715,24.22104],[120.77171,24.22114],[120.77176,24.22159],[120.7716,24.22204],[120.77179,24.22225],[120.77226,24.22227],[120.77227,24.22237],[120.77196,24.22263],[120.77167,24.22302],[120.77175,24.2233],[120.77172,24.22342],[120.77145,24.22336],[120.77124,24.22348],[120.77083,24.22447],[120.77153,24.22615],[120.7716,24.22651],[120.77165,24.22784],[120.77197,24.22838],[120.77202,24.22909],[120.77247,24.23006],[120.77271,24.23081],[120.7726,24.23103],[120.77239,24.23121],[120.77185,24.23188],[120.77182,24.232],[120.77182,24.23206]]]}},{"type":"Feature","properties":{"c":"66000190008","t":"新社區","v":"中興里"},"geometry":{"type":"Polygon","coordinates":[[[120.78579,24.20838],[120.78598,24.20955],[120.78607,24.21077],[120.7863,24.21107],[120.78668,24.21112],[120.78821,24.21039],[120.78947,24.20991],[120.79045,24.20983],[120.79197,24.20983],[120.79425,24.20998],[120.79562,24.20991],[120.79546,24.20951],[120.79473,24.20822],[120.79452,24.20762],[120.79449,24.20719],[120.79506,24.20668],[120.7951,24.20656],[120.79642,24.20541],[120.79845,24.20334],[120.79768,24.202],[120.7972,24.20298],[120.79604,24.20413],[120.79503,24.20464],[120.79472,24.20494],[120.79408,24.20532],[120.79377,24.20547],[120.79309,24.20555],[120.79266,24.20587],[120.79248,24.20593],[120.7918,24.20594],[120.79039,24.20621],[120.79007,24.20635],[120.78966,24.20637],[120.78915,24.20656],[120.78898,24.20669],[120.78858,24.20675],[120.78822,24.20698],[120.78768,24.20766],[120.78719,24.20788],[120.78635,24.2081],[120.78591,24.20831],[120.78579,24.20838]]]}},{"type":"Feature","properties":{"c":"66000190009","t":"新社區","v":"協成里"},"geometry":{"type":"Polygon","coordinates":[[[120.8147,24.21398],[120.81482,24.21366],[120.81617,24.21159],[120.8176,24.20818],[120.81895,24.2058],[120.81962,24.20447],[120.81993,24.20345],[120.82022,24.20193],[120.82022,24.1994],[120.82035,24.1983],[120.82038,24.19649],[120.82065,24.19362],[120.82116,24.19296],[120.82168,24.19253],[120.82083,24.19143],[120.82028,24.19025],[120.81979,24.18897],[120.81894,24.1877],[120.81885,24.18692],[120.81816,24.18591],[120.81806,24.18526],[120.81782,24.18454],[120.81777,24.18406],[120.81792,24.18304],[120.8177,24.18221],[120.81744,24.17947],[120.817,24.17819],[120.817,24.17744],[120.81736,24.17687],[120.81789,24.17627],[120.81855,24.17494],[120.81913,24.17418],[120.82013,24.17306],[120.82137,24.17173],[120.82255,24.1712],[120.82288,24.17086],[120.82297,24.17058],[120.82281,24.17026],[120.8228,24.16998],[120.82328,24.16896],[120.8236,24.1686],[120.82386,24.16842],[120.82449,24.16772],[120.82482,24.16707],[120.82506,24.16507],[120.82529,24.16432],[120.82628,24.16259],[120.82615,24.16221],[120.82613,24.16176],[120.82626,24.16143],[120.82677,24.16081],[120.8269,24.16037],[120.82683,24.15949],[120.82688,24.15805],[120.82701,24.15727],[120.82789,24.15592],[120.8281,24.15509],[120.82761,24.15327],[120.82727,24.15271],[120.82681,24.15228],[120.82583,24.1517],[120.82557,24.15141],[120.8255,24.15096],[120.82576,24.15023],[120.82612,24.14882],[120.82615,24.1479],[120.82672,24.1453],[120.82709,24.14314],[120.82637,24.14304],[120.82593,24.14287],[120.82497,24.14231],[120.82365,24.14202],[120.82352,24.14203],[120.82341,24.14215],[120.82284,24.1433],[120.82262,24.14408],[120.82222,24.14479],[120.8221,24.14544],[120.82181,24.14618],[120.82147,24.1465],[120.82046,24.14688],[120.81984,24.1472],[120.81959,24.14723],[120.81939,24.1471],[120.81902,24.14704],[120.8182,24.1464],[120.81776,24.14641],[120.81697,24.14589],[120.81649,24.14543],[120.816,24.14506],[120.81565,24.1449],[120.81524,24.14481],[120.81488,24.14447],[120.81451,24.14441],[120.81384,24.14444],[120.81297,24.14479],[120.81247,24.14508],[120.81188,24.14519],[120.8118,24.14538],[120.81177,24.14609],[120.81164,24.14638],[120.81163,24.14678],[120.81136,24.14695],[120.81112,24.14722],[120.81072,24.14841],[120.81048,24.14864],[120.81044,24.14885],[120.81035,24.14893],[120.8097,24.14882],[120.80867,24.14918],[120.80755,24.14918],[120.80706,24.14943],[120.80629,24.15004],[120.80599,24.15015],[120.80521,24.15032],[120.80486,24.15017],[120.80372,24.15025],[120.80269,24.15069],[120.80251,24.15082],[120.80251,24.15099],[120.80271,24.15129],[120.80347,24.15189],[120.80376,24.15225],[120.80398,24.15351],[120.80393,24.15406],[120.80418,24.15498],[120.80461,24.15533],[120.80523,24.15549],[120.80537,24.1557],[120.8054,24.15738],[120.8057,24.15801],[120.80573,24.15866],[120.80594,24.15898],[120.80596,24.15944],[120.80614,24.15996],[120.80615,24.16045],[120.80639,24.16067],[120.80647,24.16083],[120.80619,24.1612],[120.8057,24.16209],[120.80556,24.16211],[120.80521,24.16232],[120.80463,24.1634],[120.80465,24.1639],[120.8045,24.16425],[120.80447,24.16543],[120.80416,24.16551],[120.80401,24.16563],[120.80355,24.16667],[120.80315,24.16712],[120.80294,24.16727],[120.80221,24.16746],[120.80207,24.16758],[120.80235,24.16826],[120.80263,24.16947],[120.80248,24.16982],[120.80212,24.17009],[120.80222,24.17038],[120.80222,24.17062],[120.80214,24.17085],[120.80175,24.17142],[120.80184,24.1716],[120.80214,24.17183],[120.80219,24.17195],[120.80216,24.17231],[120.80206,24.17249],[120.80171,24.17258],[120.80162,24.17266],[120.80156,24.17325],[120.80115,24.17321],[120.80102,24.17313],[120.80082,24.17278],[120.80056,24.17277],[120.80046,24.17292],[120.80057,24.17343],[120.80041,24.17362],[120.80006,24.17379],[120.79972,24.17472],[120.79988,24.17506],[120.80019,24.17548],[120.80031,24.17601],[120.79999,24.17627],[120.79982,24.17713],[120.79965,24.17762],[120.79994,24.17892],[120.80012,24.17923],[120.80004,24.17932],[120.79964,24.17947],[120.79917,24.1798],[120.79885,24.17979],[120.7987,24.18045],[120.79846,24.18078],[120.79838,24.18157],[120.79789,24.18184],[120.79772,24.18224],[120.79743,24.18234],[120.79732,24.18246],[120.79741,24.1827],[120.79746,24.18315],[120.79745,24.18375],[120.79791,24.18423],[120.79826,24.1852],[120.79855,24.18579],[120.79932,24.18694],[120.79967,24.18759],[120.80009,24.18812],[120.80013,24.1883],[120.80008,24.18884],[120.79997,24.18911],[120.79966,24.18936],[120.79958,24.1895],[120.79952,24.18987],[120.7996,24.19068],[120.79946,24.19131],[120.79946,24.19182],[120.79961,24.19272],[120.79982,24.19342],[120.80006,24.1939],[120.80079,24.19505],[120.80095,24.19596],[120.80116,24.19647],[120.80093,24.19702],[120.80082,24.19714],[120.80019,24.19776],[120.7995,24.19824],[120.79995,24.19905],[120.79994,24.1993],[120.79967,24.19991],[120.79968,24.20009],[120.79894,24.20069],[120.79859,24.20108],[120.79814,24.20123],[120.79785,24.2016],[120.79768,24.202],[120.79845,24.20334],[120.8032,24.20792],[120.80216,24.20847],[120.80184,24.20879],[120.80216,24.2109],[120.80148,24.21078],[120.80094,24.21109],[120.80068,24.21301],[120.80088,24.21378],[120.80091,24.21445],[120.80029,24.21492],[120.79998,24.21552],[120.79989,24.21624],[120.79931,24.21798],[120.79881,24.21864],[120.79782,24.2194],[120.80796,24.21932],[120.80872,24.21952],[120.80975,24.21991],[120.81072,24.22001],[120.81157,24.21983],[120.81243,24.21931],[120.81286,24.21884],[120.8137,24.21747],[120.81396,24.21663],[120.81417,24.21505],[120.81459,24.21429],[120.8147,24.21398]]]}},{"type":"Feature","properties":{"c":"66000190010","t":"新社區","v":"東興里"},"geometry":{"type":"Polygon","coordinates":[[[120.8202,24.21729],[120.82054,24.21392],[120.82185,24.21085],[120.82258,24.20763],[120.82302,24.20437],[120.82409,24.20194],[120.82415,24.20136],[120.82407,24.20041],[120.82379,24.19942],[120.82365,24.19846],[120.82343,24.19636],[120.823,24.19472],[120.82241,24.19344],[120.82168,24.19253],[120.82116,24.19296],[120.82065,24.19362],[120.82038,24.19649],[120.82035,24.1983],[120.82022,24.1994],[120.82022,24.20193],[120.81993,24.20345],[120.81962,24.20447],[120.81895,24.2058],[120.8176,24.20818],[120.81617,24.21159],[120.81482,24.21366],[120.8147,24.21398],[120.81618,24.21484],[120.81682,24.21598],[120.8177,24.21682],[120.81922,24.21726],[120.8202,24.21729]]]}},{"type":"Feature","properties":{"c":"66000190011","t":"新社區","v":"慶西里"},"geometry":{"type":"Polygon","coordinates":[[[120.82641,24.22651],[120.82684,24.22513],[120.82768,24.22356],[120.82821,24.22104],[120.82858,24.21835],[120.83022,24.21324],[120.83054,24.2081],[120.83093,24.20407],[120.83118,24.20253],[120.8314,24.20154],[120.83188,24.20029],[120.83208,24.19926],[120.83211,24.19829],[120.83197,24.19619],[120.83196,24.1938],[120.83163,24.19164],[120.83144,24.19075],[120.83115,24.18977],[120.83192,24.18833],[120.8322,24.18484],[120.83238,24.18424],[120.83261,24.18377],[120.83315,24.18301],[120.83384,24.18165],[120.83505,24.17983],[120.83527,24.17901],[120.83555,24.17838],[120.83559,24.17777],[120.8353,24.17597],[120.83526,24.17523],[120.83543,24.17479],[120.83619,24.1735],[120.8348,24.17386],[120.83299,24.1741],[120.83211,24.174],[120.83138,24.17348],[120.83087,24.17273],[120.83076,24.17197],[120.83085,24.17131],[120.8313,24.16988],[120.83123,24.16957],[120.83071,24.16941],[120.82887,24.16937],[120.82789,24.16947],[120.82586,24.16992],[120.82522,24.16986],[120.82462,24.16935],[120.82386,24.16842],[120.8236,24.1686],[120.82328,24.16896],[120.8228,24.16998],[120.82281,24.17026],[120.82297,24.17058],[120.82288,24.17086],[120.82255,24.1712],[120.82137,24.17173],[120.82013,24.17306],[120.81913,24.17418],[120.81855,24.17494],[120.81789,24.17627],[120.81736,24.17687],[120.817,24.17744],[120.817,24.17819],[120.81744,24.17947],[120.8177,24.18221],[120.81792,24.18304],[120.81777,24.18406],[120.81782,24.18454],[120.81806,24.18526],[120.81816,24.18591],[120.81885,24.18692],[120.81894,24.1877],[120.81979,24.18897],[120.82028,24.19025],[120.82083,24.19143],[120.82241,24.19344],[120.823,24.19472],[120.82343,24.19636],[120.82365,24.19846],[120.82379,24.19942],[120.82407,24.20041],[120.82415,24.20136],[120.82409,24.20194],[120.82302,24.20437],[120.82258,24.20763],[120.82185,24.21085],[120.82054,24.21392],[120.8202,24.21729],[120.82032,24.21838],[120.82031,24.22038],[120.82018,24.22091],[120.81963,24.22199],[120.81908,24.22474],[120.81812,24.22676],[120.82197,24.2268],[120.82446,24.22644],[120.82648,24.2263],[120.82641,24.22651]]]}},{"type":"Feature","properties":{"c":"66000190012","t":"新社區","v":"中和里"},"geometry":{"type":"Polygon","coordinates":[[[120.8348,24.17386],[120.83619,24.1735],[120.83635,24.17324],[120.83687,24.17181],[120.83768,24.17015],[120.84279,24.16355],[120.84366,24.16271],[120.84536,24.16135],[120.84637,24.16081],[120.84895,24.15988],[120.84987,24.15962],[120.85082,24.15947],[120.85172,24.15957],[120.8534,24.15943],[120.85443,24.15927],[120.85596,24.15892],[120.85829,24.15869],[120.85868,24.15877],[120.85909,24.15896],[120.86054,24.15993],[120.86095,24.16037],[120.85998,24.15866],[120.8594,24.1575],[120.85891,24.15687],[120.85816,24.15639],[120.85772,24.15624],[120.85675,24.15612],[120.85667,24.15601],[120.8576,24.15467],[120.85791,24.15395],[120.85788,24.15321],[120.85766,24.15202],[120.85729,24.15117],[120.85693,24.1507],[120.8562,24.15009],[120.85537,24.14972],[120.85505,24.14949],[120.85464,24.14884],[120.85423,24.14841],[120.85351,24.14819],[120.85248,24.1481],[120.85239,24.14798],[120.85244,24.14772],[120.85329,24.14661],[120.85401,24.1452],[120.85451,24.14444],[120.85475,24.14349],[120.85503,24.14314],[120.85605,24.14236],[120.85699,24.14068],[120.85706,24.13991],[120.85688,24.13941],[120.85535,24.1378],[120.85494,24.13709],[120.85451,24.13672],[120.85386,24.13642],[120.85299,24.13638],[120.85067,24.13767],[120.84755,24.13864],[120.84682,24.1386],[120.84659,24.13837],[120.84664,24.13678],[120.84587,24.13521],[120.84541,24.13409],[120.84487,24.13357],[120.84462,24.13297],[120.84361,24.1322],[120.84204,24.12977],[120.84162,24.12887],[120.84103,24.12816],[120.84057,24.12751],[120.84007,24.12656],[120.83961,24.12515],[120.83912,24.12417],[120.83865,24.12365],[120.8372,24.12254],[120.83617,24.12195],[120.83441,24.12124],[120.83422,24.12133],[120.83312,24.12241],[120.83253,24.12278],[120.83239,24.12297],[120.83206,24.12424],[120.8321,24.12483],[120.83187,24.12542],[120.83177,24.12586],[120.83174,24.12649],[120.83165,24.12676],[120.83147,24.12702],[120.83158,24.12722],[120.83172,24.1273],[120.83244,24.1275],[120.83282,24.12789],[120.83358,24.12938],[120.83434,24.13041],[120.83433,24.131],[120.83462,24.13185],[120.83461,24.13218],[120.83446,24.13264],[120.83321,24.13506],[120.83327,24.13525],[120.8336,24.13556],[120.83385,24.13595],[120.83418,24.13682],[120.83431,24.13754],[120.83426,24.13805],[120.83386,24.1395],[120.83386,24.14084],[120.83367,24.14115],[120.83323,24.14133],[120.83313,24.14145],[120.83298,24.14151],[120.83235,24.14213],[120.8318,24.14236],[120.83142,24.14244],[120.83121,24.14262],[120.83034,24.14375],[120.82992,24.144],[120.82928,24.14418],[120.82867,24.14412],[120.82854,24.14391],[120.82852,24.14338],[120.8284,24.14302],[120.82785,24.14312],[120.82709,24.14314],[120.82672,24.1453],[120.82615,24.1479],[120.82612,24.14882],[120.82576,24.15023],[120.8255,24.15096],[120.82557,24.15141],[120.82583,24.1517],[120.82681,24.15228],[120.82727,24.15271],[120.82761,24.15327],[120.8281,24.15509],[120.82789,24.15592],[120.82701,24.15727],[120.82688,24.15805],[120.82683,24.15949],[120.8269,24.16037],[120.82677,24.16081],[120.82626,24.16143],[120.82613,24.16176],[120.82615,24.16221],[120.82628,24.16259],[120.82529,24.16432],[120.82506,24.16507],[120.82482,24.16707],[120.82449,24.16772],[120.82386,24.16842],[120.82462,24.16935],[120.82522,24.16986],[120.82586,24.16992],[120.82789,24.16947],[120.82887,24.16937],[120.83071,24.16941],[120.83123,24.16957],[120.8313,24.16988],[120.83085,24.17131],[120.83076,24.17197],[120.83087,24.17273],[120.83138,24.17348],[120.83211,24.174],[120.83299,24.1741],[120.8348,24.17386]]]}},{"type":"Feature","properties":{"c":"66000190013","t":"新社區","v":"福興里"},"geometry":{"type":"Polygon","coordinates":[[[120.89422,24.16498],[120.89415,24.16297],[120.89421,24.1614],[120.89407,24.16072],[120.89417,24.16049],[120.89444,24.1602],[120.89461,24.1599],[120.8949,24.15895],[120.89482,24.15838],[120.89503,24.15763],[120.89511,24.15708],[120.8949,24.15607],[120.89502,24.15527],[120.89495,24.15522],[120.89392,24.15557],[120.89233,24.15581],[120.89127,24.15642],[120.88938,24.15722],[120.88847,24.15752],[120.88655,24.15749],[120.88593,24.15769],[120.88548,24.15774],[120.88491,24.15768],[120.8833,24.15723],[120.88327,24.15716],[120.88358,24.15701],[120.88372,24.15685],[120.88375,24.15643],[120.88403,24.15567],[120.88424,24.15458],[120.8841,24.15424],[120.8837,24.1536],[120.88367,24.15319],[120.88385,24.15246],[120.88386,24.15213],[120.88345,24.15149],[120.88334,24.15116],[120.88339,24.15076],[120.88369,24.14998],[120.88372,24.1497],[120.88364,24.14953],[120.88301,24.14906],[120.88295,24.14863],[120.88314,24.1474],[120.88367,24.14703],[120.88404,24.14619],[120.88431,24.14582],[120.88424,24.14482],[120.8844,24.14384],[120.88421,24.1432],[120.88419,24.14279],[120.88476,24.14134],[120.88471,24.14084],[120.88479,24.14007],[120.88469,24.13932],[120.88474,24.13898],[120.88534,24.13904],[120.88581,24.13918],[120.88658,24.13906],[120.88743,24.13923],[120.88856,24.13988],[120.88951,24.14073],[120.8899,24.1408],[120.89076,24.14068],[120.89124,24.14045],[120.89269,24.14032],[120.89298,24.14031],[120.89363,24.14057],[120.89388,24.14056],[120.89409,24.1405],[120.89451,24.14007],[120.89522,24.13978],[120.89596,24.13925],[120.89616,24.139],[120.89626,24.13866],[120.89605,24.13758],[120.89598,24.13679],[120.8954,24.1362],[120.8952,24.13559],[120.89518,24.13484],[120.89491,24.13448],[120.89476,24.134],[120.89446,24.13217],[120.89402,24.13171],[120.89381,24.13108],[120.89399,24.1306],[120.89454,24.12981],[120.89468,24.12938],[120.89447,24.12816],[120.89459,24.12695],[120.89441,24.12647],[120.89391,24.12584],[120.89397,24.12552],[120.89433,24.12475],[120.89461,24.12359],[120.89505,24.12256],[120.89505,24.12203],[120.89517,24.12146],[120.89518,24.12057],[120.89565,24.12],[120.89527,24.11881],[120.89553,24.11866],[120.89608,24.11851],[120.89675,24.11822],[120.8971,24.11817],[120.89741,24.11823],[120.89784,24.11849],[120.89798,24.11843],[120.89806,24.11827],[120.89792,24.118],[120.89681,24.1172],[120.89616,24.11645],[120.89491,24.11652],[120.89447,24.1164],[120.8936,24.11604],[120.8929,24.1162],[120.89236,24.11619],[120.89153,24.11591],[120.89105,24.11564],[120.89055,24.11517],[120.89017,24.11421],[120.89016,24.11388],[120.89024,24.11355],[120.89069,24.11268],[120.89108,24.11223],[120.89167,24.11176],[120.892,24.11161],[120.89275,24.1115],[120.89342,24.11128],[120.89402,24.11091],[120.89417,24.11074],[120.89422,24.11054],[120.8942,24.11035],[120.89373,24.10931],[120.89368,24.10866],[120.89416,24.10747],[120.89425,24.10685],[120.8942,24.10655],[120.89263,24.10443],[120.89212,24.10357],[120.89127,24.10241],[120.89102,24.10172],[120.89095,24.1007],[120.8914,24.09946],[120.89154,24.0987],[120.89148,24.09825],[120.89133,24.0978],[120.891,24.09736],[120.89037,24.09686],[120.88954,24.09642],[120.88889,24.09615],[120.88794,24.09589],[120.88679,24.09584],[120.88615,24.09558],[120.88587,24.09541],[120.88545,24.09475],[120.88518,24.09366],[120.88495,24.09301],[120.883,24.09047],[120.88201,24.08832],[120.88166,24.08835],[120.88095,24.08864],[120.88031,24.08857],[120.88039,24.08836],[120.88038,24.08788],[120.88017,24.08762],[120.87981,24.08733],[120.87933,24.08633],[120.87925,24.08584],[120.87915,24.08565],[120.87872,24.08524],[120.87832,24.08518],[120.87802,24.08503],[120.87818,24.0858],[120.87815,24.08623],[120.87805,24.08661],[120.87785,24.08693],[120.87757,24.08765],[120.8772,24.08949],[120.87702,24.09011],[120.87686,24.09119],[120.87696,24.09153],[120.87715,24.09185],[120.87789,24.09274],[120.87819,24.0935],[120.8782,24.0952],[120.87861,24.0962],[120.87899,24.09691],[120.87901,24.09799],[120.87909,24.09825],[120.87922,24.09847],[120.87947,24.09872],[120.87976,24.09931],[120.88012,24.09952],[120.88098,24.10024],[120.88143,24.10045],[120.8815,24.10058],[120.88108,24.10153],[120.88084,24.10236],[120.88054,24.10289],[120.88045,24.10317],[120.88045,24.10333],[120.88083,24.10377],[120.88089,24.10394],[120.88014,24.10429],[120.88012,24.10437],[120.8803,24.10472],[120.88026,24.10531],[120.87954,24.10558],[120.87942,24.10567],[120.87931,24.10594],[120.87922,24.10707],[120.87898,24.10735],[120.87887,24.10772],[120.87914,24.1093],[120.87892,24.10947],[120.87765,24.10977],[120.87752,24.10987],[120.87699,24.11071],[120.87662,24.11098],[120.87634,24.11131],[120.87516,24.11297],[120.87425,24.11341],[120.87413,24.11353],[120.87406,24.11375],[120.87407,24.11482],[120.87402,24.11501],[120.87385,24.11531],[120.87273,24.11597],[120.87266,24.11649],[120.87245,24.11684],[120.87224,24.11693],[120.87193,24.11693],[120.87134,24.11681],[120.87104,24.11697],[120.87064,24.11706],[120.86959,24.1171],[120.86887,24.1176],[120.86852,24.11717],[120.86736,24.11629],[120.86552,24.11548],[120.86519,24.1155],[120.86443,24.11537],[120.86417,24.11544],[120.86367,24.11576],[120.86268,24.11581],[120.86235,24.11573],[120.86194,24.11589],[120.86115,24.11577],[120.86017,24.11589],[120.85984,24.11597],[120.85928,24.11626],[120.85871,24.11618],[120.85848,24.11626],[120.85721,24.1173],[120.8571,24.1187],[120.85713,24.11937],[120.85695,24.11974],[120.85676,24.11984],[120.85651,24.11984],[120.85636,24.12004],[120.85617,24.12101],[120.85618,24.12153],[120.85589,24.12168],[120.85532,24.12221],[120.85522,24.12301],[120.8546,24.12337],[120.85447,24.12352],[120.85414,24.12421],[120.85397,24.12443],[120.85387,24.12451],[120.8536,24.12458],[120.85271,24.12461],[120.85058,24.12456],[120.84992,24.12434],[120.8489,24.12386],[120.84839,24.1238],[120.84697,24.124],[120.84627,24.12439],[120.84579,24.12451],[120.84485,24.12453],[120.84448,24.12405],[120.84299,24.12305],[120.84258,24.12256],[120.84248,24.12232],[120.84244,24.1219],[120.84209,24.12125],[120.84212,24.12068],[120.84136,24.12049],[120.84098,24.1202],[120.84049,24.12022],[120.83985,24.11962],[120.83951,24.11919],[120.83865,24.11907],[120.83801,24.11831],[120.83773,24.11787],[120.83738,24.11793],[120.83717,24.11807],[120.83671,24.11926],[120.83591,24.1199],[120.83567,24.12045],[120.83518,24.12073],[120.83487,24.1211],[120.83441,24.12124],[120.83617,24.12195],[120.8372,24.12254],[120.83865,24.12365],[120.83912,24.12417],[120.83961,24.12515],[120.84007,24.12656],[120.84057,24.12751],[120.84103,24.12816],[120.84162,24.12887],[120.84204,24.12977],[120.84361,24.1322],[120.84462,24.13297],[120.84487,24.13357],[120.84541,24.13409],[120.84587,24.13521],[120.84664,24.13678],[120.84659,24.13837],[120.84682,24.1386],[120.84755,24.13864],[120.85067,24.13767],[120.85299,24.13638],[120.85386,24.13642],[120.85451,24.13672],[120.85494,24.13709],[120.85535,24.1378],[120.85688,24.13941],[120.85706,24.13991],[120.85699,24.14068],[120.85605,24.14236],[120.85503,24.14314],[120.85475,24.14349],[120.85451,24.14444],[120.85401,24.1452],[120.85329,24.14661],[120.85244,24.14772],[120.85239,24.14798],[120.85248,24.1481],[120.85351,24.14819],[120.85423,24.14841],[120.85464,24.14884],[120.85505,24.14949],[120.85537,24.14972],[120.8562,24.15009],[120.85693,24.1507],[120.85729,24.15117],[120.85766,24.15202],[120.85788,24.15321],[120.85791,24.15395],[120.8576,24.15467],[120.85667,24.15601],[120.85675,24.15612],[120.85772,24.15624],[120.85816,24.15639],[120.85891,24.15687],[120.8594,24.1575],[120.85998,24.15866],[120.8613,24.16093],[120.86174,24.1615],[120.86202,24.16175],[120.86465,24.16305],[120.86763,24.16413],[120.86974,24.16447],[120.87172,24.1649],[120.8784,24.16586],[120.87973,24.16623],[120.88076,24.16673],[120.88144,24.16687],[120.88412,24.16701],[120.88901,24.16684],[120.89095,24.16656],[120.89396,24.16635],[120.89444,24.16621],[120.8945,24.16612],[120.89425,24.16527],[120.89422,24.16498]]]}},{"type":"Feature","properties":{"c":"66000200001","t":"石岡區","v":"石岡里"},"geometry":{"type":"Polygon","coordinates":[[[120.77737,24.28393],[120.77829,24.28384],[120.77948,24.2836],[120.77985,24.28362],[120.77963,24.28284],[120.77886,24.28122],[120.7779,24.27885],[120.77685,24.27708],[120.77586,24.27748],[120.77492,24.27407],[120.77458,24.27474],[120.77347,24.27535],[120.77035,24.27626],[120.76967,24.27675],[120.76945,24.27678],[120.76861,24.27661],[120.76838,24.27664],[120.76811,24.27674],[120.76646,24.277],[120.76585,24.27731],[120.76559,24.27731],[120.76497,24.27711],[120.76472,24.27696],[120.76346,24.2766],[120.76224,24.27614],[120.76179,24.27658],[120.76162,24.2769],[120.76079,24.2791],[120.76057,24.2799],[120.76042,24.28067],[120.7609,24.28085],[120.76258,24.2811],[120.76388,24.28111],[120.7652,24.2813],[120.76961,24.28136],[120.77169,24.28277],[120.77419,24.28409],[120.77509,24.28425],[120.77578,24.28423],[120.77647,24.28417],[120.77724,24.28396],[120.77737,24.28393]]]}},{"type":"Feature","properties":{"c":"66000200002","t":"石岡區","v":"萬安里"},"geometry":{"type":"Polygon","coordinates":[[[120.7783,24.27978],[120.77886,24.28122],[120.77963,24.28284],[120.77985,24.28362],[120.78279,24.28367],[120.78318,24.28362],[120.78357,24.28346],[120.78402,24.28343],[120.78401,24.28308],[120.78386,24.28242],[120.78349,24.28112],[120.78351,24.28067],[120.78358,24.28057],[120.78407,24.28038],[120.78416,24.27998],[120.78414,24.27949],[120.78419,24.27927],[120.78405,24.27839],[120.78383,24.27773],[120.78374,24.27718],[120.78367,24.27708],[120.78288,24.277],[120.78264,24.27705],[120.78258,24.27733],[120.7824,24.27738],[120.78137,24.27742],[120.78072,24.27755],[120.78058,24.27699],[120.78036,24.27674],[120.7802,24.27667],[120.78017,24.2765],[120.78043,24.27642],[120.7807,24.27619],[120.78075,24.2759],[120.77981,24.27588],[120.77956,24.27539],[120.77954,24.27509],[120.77969,24.27481],[120.77965,24.27374],[120.77863,24.27363],[120.77825,24.27364],[120.77695,24.27388],[120.77653,24.27376],[120.77646,24.27349],[120.77524,24.27369],[120.77492,24.27407],[120.77586,24.27748],[120.77685,24.27708],[120.7779,24.27885],[120.7783,24.27978]]]}},{"type":"Feature","properties":{"c":"66000200003","t":"石岡區","v":"九房里"},"geometry":{"type":"Polygon","coordinates":[[[120.78977,24.26968],[120.78914,24.26945],[120.78861,24.26892],[120.78766,24.26816],[120.78686,24.26735],[120.78569,24.26723],[120.78429,24.2673],[120.78382,24.26738],[120.78303,24.26767],[120.78253,24.26769],[120.78213,24.26796],[120.78168,24.26796],[120.78031,24.26819],[120.77927,24.26917],[120.77872,24.26937],[120.7784,24.26955],[120.77745,24.27023],[120.77729,24.27049],[120.77711,24.27111],[120.77702,24.27177],[120.77706,24.27274],[120.7769,24.27321],[120.77646,24.27349],[120.77653,24.27376],[120.77695,24.27388],[120.77825,24.27364],[120.77863,24.27363],[120.77965,24.27374],[120.77969,24.27481],[120.77954,24.27509],[120.77956,24.27539],[120.77981,24.27588],[120.78075,24.2759],[120.7807,24.27619],[120.78043,24.27642],[120.78017,24.2765],[120.7802,24.27667],[120.78036,24.27674],[120.78058,24.27699],[120.78072,24.27755],[120.78137,24.27742],[120.7824,24.27738],[120.78258,24.27733],[120.78264,24.27705],[120.78288,24.277],[120.78358,24.27703],[120.78374,24.27718],[120.78383,24.27773],[120.78405,24.27839],[120.78419,24.27927],[120.78414,24.27949],[120.78416,24.27998],[120.78407,24.28038],[120.78358,24.28057],[120.78351,24.28067],[120.78349,24.28112],[120.78386,24.28242],[120.78401,24.28308],[120.78402,24.28343],[120.78571,24.28362],[120.7864,24.28345],[120.78694,24.28342],[120.78782,24.28324],[120.78931,24.28278],[120.78913,24.28233],[120.789,24.28163],[120.78905,24.28099],[120.7892,24.28023],[120.78927,24.2792],[120.78952,24.27799],[120.78948,24.27776],[120.78897,24.27757],[120.78814,24.2775],[120.78782,24.27737],[120.78748,24.27698],[120.78755,24.2766],[120.78782,24.27626],[120.78836,24.27622],[120.78864,24.27606],[120.78892,24.27576],[120.78898,24.27557],[120.78893,24.2753],[120.7887,24.2747],[120.78857,24.27456],[120.78812,24.27447],[120.78884,24.27379],[120.78898,24.27358],[120.78909,24.27264],[120.78918,24.27242],[120.78958,24.27228],[120.79007,24.27194],[120.79038,24.27104],[120.79036,24.27031],[120.79054,24.26981],[120.7905,24.26976],[120.79013,24.26979],[120.78977,24.26968]]]}},{"type":"Feature","properties":{"c":"66000200004","t":"石岡區","v":"金星里"},"geometry":{"type":"Polygon","coordinates":[[[120.78311,24.24655],[120.78291,24.24721],[120.78277,24.24726],[120.78256,24.24721],[120.78229,24.24723],[120.78198,24.24754],[120.78163,24.24762],[120.78153,24.24774],[120.78154,24.24814],[120.7817,24.24863],[120.78228,24.249],[120.78212,24.24942],[120.78242,24.24982],[120.7825,24.25012],[120.78247,24.25031],[120.78208,24.25041],[120.78194,24.25061],[120.78167,24.25072],[120.78035,24.25072],[120.78006,24.25058],[120.78,24.25038],[120.78053,24.24999],[120.78062,24.24966],[120.78047,24.24945],[120.78034,24.24936],[120.77995,24.24935],[120.7798,24.24922],[120.77984,24.24909],[120.78012,24.24879],[120.78027,24.24837],[120.78011,24.24801],[120.78008,24.24754],[120.78001,24.24736],[120.77953,24.24684],[120.77988,24.24589],[120.77988,24.24537],[120.77975,24.24512],[120.77939,24.24501],[120.7792,24.24485],[120.77911,24.24453],[120.77881,24.2439],[120.77853,24.2438],[120.77803,24.24377],[120.77786,24.24368],[120.77781,24.2433],[120.77788,24.24307],[120.77787,24.24254],[120.77795,24.24212],[120.77789,24.24183],[120.77765,24.24172],[120.77703,24.24179],[120.77614,24.2426],[120.77582,24.24272],[120.77525,24.24277],[120.77479,24.24315],[120.77476,24.24405],[120.77468,24.24439],[120.77446,24.24454],[120.7741,24.24462],[120.77404,24.24472],[120.77404,24.2454],[120.77396,24.24615],[120.77399,24.24672],[120.77372,24.24774],[120.77338,24.2483],[120.7728,24.24849],[120.77257,24.24864],[120.77222,24.24895],[120.77195,24.24945],[120.7715,24.24967],[120.77116,24.24991],[120.77043,24.25001],[120.76983,24.24987],[120.76933,24.25],[120.76862,24.25153],[120.76842,24.25171],[120.76714,24.25223],[120.76695,24.25329],[120.76707,24.25372],[120.76803,24.25425],[120.76889,24.25462],[120.76918,24.25493],[120.76883,24.25566],[120.76905,24.25715],[120.76882,24.25716],[120.76863,24.2575],[120.7684,24.2576],[120.76811,24.25753],[120.76781,24.25715],[120.76776,24.25717],[120.76782,24.25747],[120.76821,24.25843],[120.76823,24.2589],[120.76866,24.25976],[120.76867,24.26001],[120.76852,24.26027],[120.76852,24.2604],[120.76876,24.26077],[120.7688,24.26114],[120.76914,24.26148],[120.76893,24.26169],[120.76887,24.26193],[120.76903,24.26319],[120.7694,24.26395],[120.76977,24.26433],[120.76981,24.26447],[120.76951,24.26465],[120.76911,24.26504],[120.76823,24.26514],[120.76765,24.2655],[120.76753,24.26567],[120.76753,24.26584],[120.76733,24.26606],[120.76732,24.26625],[120.76716,24.26643],[120.76723,24.26689],[120.76669,24.26693],[120.76646,24.26706],[120.76624,24.26728],[120.76546,24.26706],[120.76511,24.26735],[120.76459,24.26738],[120.76408,24.26776],[120.76405,24.26784],[120.76426,24.26807],[120.76441,24.26851],[120.76435,24.26888],[120.76381,24.2693],[120.76342,24.26945],[120.76281,24.27077],[120.76337,24.27193],[120.76365,24.27206],[120.76373,24.27217],[120.76376,24.27266],[120.76422,24.2733],[120.76401,24.27337],[120.76351,24.27332],[120.76322,24.27337],[120.76293,24.27352],[120.7628,24.27366],[120.76261,24.27413],[120.76267,24.27489],[120.76239,24.27589],[120.76224,24.27614],[120.76346,24.2766],[120.76472,24.27696],[120.76538,24.27725],[120.76585,24.27731],[120.76646,24.277],[120.76811,24.27674],[120.76838,24.27664],[120.76861,24.27661],[120.76945,24.27678],[120.76967,24.27675],[120.77035,24.27626],[120.77347,24.27535],[120.77417,24.27498],[120.77468,24.27462],[120.77492,24.27407],[120.77524,24.27369],[120.77649,24.27348],[120.7769,24.27321],[120.77706,24.27274],[120.77702,24.27177],[120.77711,24.27111],[120.77729,24.27049],[120.77745,24.27023],[120.7784,24.26955],[120.77872,24.26937],[120.77927,24.26917],[120.78031,24.26819],[120.78168,24.26796],[120.782,24.26799],[120.78231,24.26787],[120.78273,24.26748],[120.78278,24.26729],[120.78348,24.26625],[120.78407,24.26578],[120.78424,24.26556],[120.78448,24.265],[120.78466,24.26477],[120.78538,24.26418],[120.78579,24.26369],[120.78608,24.26323],[120.78638,24.26313],[120.78675,24.26282],[120.7878,24.26225],[120.78836,24.26181],[120.78838,24.26169],[120.7883,24.2615],[120.78777,24.2613],[120.78746,24.26106],[120.78738,24.26092],[120.78752,24.26035],[120.78805,24.25949],[120.78827,24.25887],[120.78832,24.25858],[120.78809,24.25799],[120.78777,24.25808],[120.7875,24.25876],[120.78716,24.2592],[120.78596,24.26033],[120.78575,24.2604],[120.78555,24.26033],[120.78544,24.2601],[120.78553,24.25743],[120.78539,24.2572],[120.78524,24.2565],[120.78529,24.25627],[120.78544,24.25606],[120.7859,24.25566],[120.78611,24.25537],[120.7862,24.25487],[120.78614,24.25485],[120.78611,24.25461],[120.78588,24.25418],[120.78594,24.25404],[120.7863,24.25369],[120.78631,24.2535],[120.78613,24.25317],[120.78606,24.25285],[120.78621,24.25251],[120.78623,24.25227],[120.78666,24.25198],[120.7865,24.25186],[120.78602,24.25213],[120.78591,24.25208],[120.78594,24.25195],[120.7864,24.2514],[120.78648,24.25121],[120.78634,24.25074],[120.78599,24.25012],[120.78617,24.24976],[120.78619,24.24955],[120.78594,24.24895],[120.78578,24.24875],[120.7853,24.24843],[120.78484,24.24846],[120.78419,24.24788],[120.78404,24.24762],[120.78402,24.24749],[120.78414,24.24723],[120.78449,24.24702],[120.78457,24.24687],[120.7843,24.24634],[120.78432,24.24564],[120.78425,24.24544],[120.78315,24.24648],[120.78311,24.24655]]]}},{"type":"Feature","properties":{"c":"66000200005","t":"石岡區","v":"龍興里"},"geometry":{"type":"Polygon","coordinates":[[[120.7905,24.26976],[120.7904,24.26955],[120.79042,24.26936],[120.79064,24.26906],[120.79197,24.26839],[120.79301,24.26764],[120.79323,24.26736],[120.7933,24.26705],[120.79322,24.2665],[120.79326,24.26618],[120.79406,24.26531],[120.7943,24.26465],[120.79412,24.26411],[120.79408,24.2638],[120.79425,24.26344],[120.79479,24.26285],[120.7952,24.26217],[120.79532,24.26171],[120.79554,24.26148],[120.79601,24.26118],[120.7965,24.26097],[120.79704,24.26057],[120.79732,24.25993],[120.79739,24.25908],[120.7976,24.25871],[120.79791,24.2585],[120.79828,24.25849],[120.79865,24.25869],[120.79974,24.25961],[120.80001,24.25972],[120.80018,24.25957],[120.80026,24.2594],[120.80021,24.25923],[120.79992,24.2589],[120.79967,24.25838],[120.79976,24.25775],[120.8001,24.25727],[120.80092,24.25647],[120.80138,24.25577],[120.80177,24.25545],[120.80188,24.2548],[120.80159,24.25441],[120.80155,24.25422],[120.80171,24.25379],[120.80188,24.25368],[120.80204,24.25367],[120.80248,24.25378],[120.8027,24.25376],[120.80307,24.2535],[120.8031,24.2532],[120.80303,24.253],[120.80269,24.25269],[120.80215,24.25253],[120.80193,24.25234],[120.80184,24.25216],[120.8019,24.25189],[120.80286,24.25055],[120.80315,24.24991],[120.80318,24.24964],[120.80291,24.24917],[120.8017,24.24809],[120.80163,24.24758],[120.80174,24.24617],[120.80169,24.24579],[120.80126,24.24581],[120.80018,24.246],[120.79922,24.24632],[120.7989,24.24637],[120.79798,24.24626],[120.79677,24.24671],[120.79508,24.24702],[120.79313,24.24798],[120.79284,24.24822],[120.7929,24.24836],[120.79287,24.24859],[120.79271,24.24883],[120.79256,24.24945],[120.79231,24.24996],[120.79156,24.25066],[120.79128,24.25103],[120.79053,24.25163],[120.79049,24.25172],[120.79,24.2519],[120.78973,24.25191],[120.78963,24.25203],[120.78971,24.25236],[120.78945,24.25261],[120.78932,24.25297],[120.78918,24.2531],[120.7864,24.25469],[120.7862,24.25487],[120.78611,24.25537],[120.7859,24.25566],[120.78544,24.25606],[120.78529,24.25627],[120.78524,24.2565],[120.78529,24.25686],[120.78553,24.25743],[120.78544,24.2601],[120.78555,24.26033],[120.78575,24.2604],[120.78596,24.26033],[120.78716,24.2592],[120.7875,24.25876],[120.78777,24.25808],[120.78809,24.25799],[120.78832,24.25858],[120.78827,24.25887],[120.78805,24.25949],[120.78752,24.26035],[120.78738,24.26092],[120.78746,24.26106],[120.78777,24.2613],[120.7883,24.2615],[120.78838,24.26169],[120.78836,24.26181],[120.7878,24.26225],[120.78675,24.26282],[120.78638,24.26313],[120.78608,24.26323],[120.78579,24.26369],[120.78538,24.26418],[120.78466,24.26477],[120.78448,24.265],[120.78424,24.26556],[120.78407,24.26578],[120.78348,24.26625],[120.78278,24.26729],[120.78273,24.26748],[120.78247,24.26772],[120.78303,24.26767],[120.78382,24.26738],[120.78429,24.2673],[120.78569,24.26723],[120.78686,24.26735],[120.78766,24.26816],[120.78861,24.26892],[120.78914,24.26945],[120.78951,24.26963],[120.79013,24.26979],[120.7905,24.26976],[120.7905,24.26976]]]}},{"type":"Feature","properties":{"c":"66000200006","t":"石岡區","v":"萬興里"},"geometry":{"type":"Polygon","coordinates":[[[120.79072,24.28256],[120.7926,24.282],[120.79414,24.28132],[120.79404,24.28102],[120.79392,24.28012],[120.79388,24.27937],[120.79393,24.27842],[120.79384,24.2779],[120.79393,24.27736],[120.79404,24.27716],[120.79467,24.27654],[120.79548,24.27594],[120.79622,24.27495],[120.79696,24.27434],[120.79733,24.27365],[120.79743,24.27317],[120.79774,24.27255],[120.79804,24.27218],[120.7986,24.27172],[120.79904,24.27111],[120.79976,24.27052],[120.79987,24.27023],[120.7997,24.27005],[120.79818,24.26929],[120.79612,24.26864],[120.7958,24.26852],[120.79564,24.26838],[120.79506,24.26862],[120.79412,24.26914],[120.79365,24.26982],[120.79329,24.27013],[120.79195,24.26994],[120.79154,24.27008],[120.7912,24.27035],[120.79104,24.27041],[120.79084,24.27033],[120.79069,24.2702],[120.7906,24.27007],[120.79054,24.26981],[120.79036,24.27031],[120.79038,24.27104],[120.79007,24.27194],[120.78958,24.27228],[120.78918,24.27242],[120.78909,24.27264],[120.78898,24.27358],[120.78884,24.27379],[120.78812,24.27447],[120.78857,24.27456],[120.7887,24.2747],[120.78893,24.2753],[120.78898,24.27557],[120.78892,24.27576],[120.78864,24.27606],[120.78836,24.27622],[120.78782,24.27626],[120.78755,24.2766],[120.78748,24.27698],[120.78782,24.27737],[120.78814,24.2775],[120.78897,24.27757],[120.78948,24.27776],[120.78952,24.27799],[120.78927,24.2792],[120.7892,24.28023],[120.78902,24.28129],[120.789,24.28163],[120.78913,24.28233],[120.78931,24.28278],[120.79066,24.28258],[120.79072,24.28256]]]}},{"type":"Feature","properties":{"c":"66000200007","t":"石岡區","v":"梅子里"},"geometry":{"type":"Polygon","coordinates":[[[120.79623,24.281],[120.80081,24.2807],[120.8012,24.2808],[120.8019,24.28085],[120.80397,24.28056],[120.80483,24.28063],[120.80561,24.28058],[120.8063,24.28042],[120.80763,24.28022],[120.80918,24.27978],[120.81052,24.27868],[120.81073,24.27842],[120.81103,24.27737],[120.81143,24.27642],[120.81181,24.27588],[120.81221,24.27513],[120.8129,24.27352],[120.81011,24.27289],[120.80981,24.27245],[120.80954,24.27222],[120.80942,24.2722],[120.80901,24.27219],[120.80871,24.27227],[120.80844,24.27247],[120.80791,24.27307],[120.80746,24.27312],[120.80687,24.27289],[120.80647,24.27241],[120.80608,24.27212],[120.80466,24.27198],[120.80436,24.2719],[120.8043,24.27176],[120.80431,24.27155],[120.80441,24.27081],[120.80462,24.2703],[120.80483,24.27007],[120.80482,24.26991],[120.8046,24.26972],[120.80437,24.26923],[120.80395,24.26879],[120.80358,24.26817],[120.80332,24.26795],[120.80362,24.26785],[120.80345,24.26749],[120.80352,24.26745],[120.8029,24.26656],[120.80208,24.26576],[120.80214,24.26549],[120.80239,24.26499],[120.8028,24.26342],[120.80257,24.26385],[120.80205,24.26449],[120.80068,24.26569],[120.80035,24.26582],[120.80017,24.2662],[120.79989,24.26646],[120.79842,24.26719],[120.79746,24.26745],[120.7972,24.26758],[120.79693,24.26784],[120.79564,24.26838],[120.7958,24.26852],[120.79612,24.26864],[120.79818,24.26929],[120.7997,24.27005],[120.79987,24.27023],[120.79986,24.27035],[120.79976,24.27052],[120.79904,24.27111],[120.7986,24.27172],[120.79804,24.27218],[120.79774,24.27255],[120.79743,24.27317],[120.79733,24.27365],[120.79696,24.27434],[120.79622,24.27495],[120.79548,24.27594],[120.79467,24.27654],[120.79404,24.27716],[120.79393,24.27736],[120.79384,24.2779],[120.79393,24.27842],[120.79388,24.27937],[120.79392,24.28012],[120.79404,24.28102],[120.79414,24.28132],[120.79455,24.28116],[120.79533,24.28109],[120.79623,24.281]]]}},{"type":"Feature","properties":{"c":"66000200008","t":"石岡區","v":"土牛里"},"geometry":{"type":"Polygon","coordinates":[[[120.8029,24.26656],[120.80352,24.26745],[120.80345,24.26749],[120.80362,24.26785],[120.80332,24.26795],[120.80358,24.26817],[120.80395,24.26879],[120.80429,24.26912],[120.8046,24.26972],[120.8048,24.26986],[120.80484,24.26998],[120.8045,24.27052],[120.80441,24.27081],[120.80431,24.27155],[120.8043,24.27176],[120.80436,24.2719],[120.80466,24.27198],[120.80608,24.27212],[120.80647,24.27241],[120.80687,24.27289],[120.80746,24.27312],[120.80791,24.27307],[120.80844,24.27247],[120.80871,24.27227],[120.80901,24.27219],[120.80942,24.2722],[120.80954,24.27222],[120.80981,24.27245],[120.81011,24.27289],[120.8129,24.27352],[120.81342,24.27155],[120.81376,24.27063],[120.81388,24.27047],[120.81407,24.26958],[120.81444,24.26884],[120.81396,24.26857],[120.81307,24.26792],[120.8123,24.2672],[120.81182,24.26685],[120.81089,24.26586],[120.80967,24.26471],[120.80818,24.26295],[120.80739,24.26213],[120.80654,24.26072],[120.80642,24.26111],[120.80641,24.26179],[120.80626,24.26191],[120.80629,24.26212],[120.80614,24.26209],[120.80593,24.2617],[120.80572,24.26166],[120.80555,24.26181],[120.80509,24.2619],[120.80476,24.2621],[120.80438,24.26245],[120.80327,24.263],[120.80285,24.26336],[120.80239,24.26499],[120.80214,24.26549],[120.80208,24.26576],[120.80222,24.26591],[120.8029,24.26656]]]}},{"type":"Feature","properties":{"c":"66000200009","t":"石岡區","v":"德興里"},"geometry":{"type":"Polygon","coordinates":[[[120.81835,24.2639],[120.81882,24.26287],[120.81814,24.26275],[120.81668,24.26221],[120.81601,24.2621],[120.81491,24.26164],[120.81472,24.2614],[120.81489,24.26028],[120.815,24.26003],[120.81517,24.25988],[120.81507,24.25907],[120.81525,24.25856],[120.81502,24.25844],[120.81401,24.25885],[120.81389,24.25817],[120.81406,24.25811],[120.81412,24.25705],[120.81489,24.25495],[120.81503,24.25416],[120.81487,24.25319],[120.8147,24.25285],[120.81435,24.25229],[120.81391,24.25174],[120.81379,24.25192],[120.81355,24.2521],[120.81315,24.25228],[120.81293,24.25233],[120.81227,24.25213],[120.81202,24.25222],[120.81184,24.25239],[120.81158,24.25321],[120.81146,24.25332],[120.81109,24.25343],[120.81076,24.25372],[120.80985,24.25531],[120.80953,24.25577],[120.80919,24.25611],[120.80896,24.25672],[120.80857,24.25721],[120.80855,24.25767],[120.80846,24.2578],[120.80819,24.258],[120.80814,24.25822],[120.80803,24.25832],[120.80776,24.25821],[120.80729,24.25853],[120.80694,24.2589],[120.80681,24.25919],[120.80672,24.26035],[120.80654,24.26072],[120.80739,24.26213],[120.80818,24.26295],[120.80967,24.26471],[120.81089,24.26586],[120.81182,24.26685],[120.8123,24.2672],[120.81307,24.26792],[120.81396,24.26857],[120.81444,24.26884],[120.81614,24.26702],[120.81804,24.26439],[120.81835,24.2639]]]}},{"type":"Feature","properties":{"c":"66000200010","t":"石岡區","v":"和盛里"},"geometry":{"type":"Polygon","coordinates":[[[120.81945,24.26089],[120.8204,24.25856],[120.82074,24.25714],[120.8211,24.25626],[120.82154,24.25464],[120.8217,24.25429],[120.82198,24.25331],[120.82269,24.2496],[120.82257,24.24839],[120.82307,24.24774],[120.82414,24.24502],[120.82431,24.24294],[120.82415,24.24231],[120.82388,24.24248],[120.82326,24.24263],[120.8224,24.2427],[120.82081,24.2423],[120.82014,24.24201],[120.82023,24.24151],[120.82012,24.24131],[120.81992,24.24122],[120.81946,24.24118],[120.81925,24.24124],[120.81916,24.24132],[120.81933,24.24172],[120.81902,24.2428],[120.81862,24.24316],[120.81838,24.24358],[120.81802,24.24399],[120.81785,24.2445],[120.81664,24.24627],[120.81649,24.24661],[120.81627,24.24685],[120.81631,24.24722],[120.81606,24.2478],[120.81603,24.24803],[120.81522,24.24949],[120.81446,24.25024],[120.81433,24.25087],[120.81391,24.25174],[120.81435,24.25229],[120.81481,24.25305],[120.81503,24.25404],[120.81492,24.25482],[120.81412,24.25705],[120.81406,24.25811],[120.81389,24.25817],[120.81401,24.25885],[120.81502,24.25844],[120.81525,24.25856],[120.81507,24.25907],[120.81517,24.25988],[120.815,24.26003],[120.81489,24.26028],[120.8147,24.26128],[120.81476,24.2615],[120.81491,24.26164],[120.81601,24.2621],[120.81668,24.26221],[120.81814,24.26275],[120.81882,24.26287],[120.81898,24.26237],[120.81945,24.26089]]]}},{"type":"Feature","properties":{"c":"66000210001","t":"外埔區","v":"永豐里"},"geometry":{"type":"Polygon","coordinates":[[[120.69965,24.33983],[120.70091,24.33935],[120.70186,24.33928],[120.70348,24.33885],[120.70626,24.33796],[120.70763,24.33725],[120.7118,24.33424],[120.71292,24.33316],[120.7135,24.3327],[120.71403,24.33196],[120.71475,24.33149],[120.71475,24.33099],[120.71443,24.33101],[120.71428,24.33132],[120.71415,24.33143],[120.71365,24.33159],[120.71153,24.33168],[120.70926,24.33226],[120.70772,24.33207],[120.70699,24.33211],[120.70445,24.33247],[120.7034,24.33287],[120.6992,24.33248],[120.69607,24.33168],[120.69523,24.3314],[120.69406,24.33085],[120.6932,24.33057],[120.69202,24.33018],[120.69102,24.32999],[120.68836,24.32927],[120.68668,24.32859],[120.68456,24.32791],[120.684,24.32776],[120.68023,24.32724],[120.67915,24.32691],[120.6782,24.32654],[120.67805,24.32658],[120.67787,24.32723],[120.67776,24.32744],[120.67747,24.32767],[120.67578,24.32822],[120.67476,24.32873],[120.67417,24.32789],[120.67373,24.32774],[120.67278,24.32779],[120.67225,24.32806],[120.67067,24.32792],[120.67013,24.32807],[120.66903,24.32805],[120.66836,24.32848],[120.66751,24.32865],[120.66728,24.32878],[120.66668,24.32934],[120.66484,24.32975],[120.66409,24.33004],[120.66405,24.33022],[120.66434,24.33103],[120.66472,24.33245],[120.66498,24.33286],[120.66519,24.33428],[120.66516,24.33531],[120.66736,24.33574],[120.66817,24.33576],[120.67074,24.33558],[120.67176,24.3356],[120.67244,24.33573],[120.67646,24.33679],[120.67813,24.33739],[120.67877,24.33756],[120.68065,24.33768],[120.68108,24.33766],[120.68215,24.33738],[120.68633,24.33802],[120.68768,24.33826],[120.68876,24.33856],[120.68923,24.33875],[120.68987,24.33885],[120.69136,24.33956],[120.69196,24.34],[120.69257,24.34026],[120.69321,24.34041],[120.69398,24.34035],[120.6947,24.34013],[120.69525,24.34006],[120.6958,24.34005],[120.69722,24.34021],[120.69782,24.3402],[120.69885,24.34007],[120.69965,24.33983]]]}},{"type":"Feature","properties":{"c":"66000210002","t":"外埔區","v":"六分里"},"geometry":{"type":"Polygon","coordinates":[[[120.6974,24.33205],[120.6992,24.33248],[120.70242,24.33282],[120.70127,24.3326],[120.70115,24.33253],[120.70119,24.33115],[120.70098,24.32895],[120.70076,24.32727],[120.70057,24.32702],[120.70037,24.32697],[120.69957,24.32711],[120.69817,24.32688],[120.69699,24.32646],[120.69566,24.32584],[120.69504,24.32576],[120.69484,24.32568],[120.69375,24.32514],[120.69264,24.32415],[120.69147,24.32354],[120.69079,24.32301],[120.68996,24.32221],[120.68895,24.32179],[120.68805,24.32151],[120.68699,24.32129],[120.6835,24.32014],[120.68258,24.31994],[120.68137,24.31942],[120.68074,24.31906],[120.67957,24.31877],[120.67811,24.31815],[120.67618,24.31782],[120.67446,24.31737],[120.67322,24.31689],[120.67227,24.31712],[120.67159,24.3174],[120.66454,24.32219],[120.66369,24.32258],[120.66242,24.32304],[120.65981,24.32553],[120.66011,24.32564],[120.66083,24.32568],[120.66051,24.32615],[120.65982,24.3277],[120.65867,24.32936],[120.65816,24.33022],[120.65762,24.33055],[120.65692,24.33118],[120.65652,24.3313],[120.65595,24.33219],[120.65511,24.33308],[120.65653,24.33348],[120.65808,24.33368],[120.66167,24.33433],[120.66407,24.33505],[120.66516,24.33531],[120.66519,24.33428],[120.66498,24.33286],[120.66472,24.33245],[120.66434,24.33103],[120.66405,24.33022],[120.66409,24.33004],[120.66484,24.32975],[120.66668,24.32934],[120.66728,24.32878],[120.66751,24.32865],[120.66836,24.32848],[120.66903,24.32805],[120.67013,24.32807],[120.67067,24.32792],[120.67225,24.32806],[120.67278,24.32779],[120.67373,24.32774],[120.67417,24.32789],[120.67476,24.32873],[120.67578,24.32822],[120.67747,24.32767],[120.67776,24.32744],[120.67787,24.32723],[120.67805,24.32658],[120.6782,24.32654],[120.67915,24.32691],[120.68023,24.32724],[120.684,24.32776],[120.68456,24.32791],[120.68668,24.32859],[120.68836,24.32927],[120.69102,24.32999],[120.69202,24.33018],[120.6932,24.33057],[120.69406,24.33085],[120.69523,24.3314],[120.69607,24.33168],[120.6974,24.33205]]]}},{"type":"Feature","properties":{"c":"66000210003","t":"外埔區","v":"三崁里"},"geometry":{"type":"Polygon","coordinates":[[[120.65981,24.32553],[120.66242,24.32304],[120.66369,24.32258],[120.66454,24.32219],[120.67159,24.3174],[120.67227,24.31712],[120.67322,24.31689],[120.67292,24.31677],[120.67231,24.3168],[120.67166,24.31674],[120.6692,24.3162],[120.66695,24.31619],[120.66481,24.31606],[120.66444,24.3161],[120.66212,24.31584],[120.65931,24.31519],[120.65864,24.31495],[120.65646,24.31513],[120.65488,24.31496],[120.65415,24.31476],[120.65344,24.31475],[120.65091,24.31493],[120.65073,24.31439],[120.65061,24.31372],[120.65001,24.30888],[120.65022,24.30868],[120.6501,24.30845],[120.65013,24.3083],[120.65096,24.30716],[120.65002,24.30634],[120.64918,24.30581],[120.64844,24.30553],[120.64765,24.30198],[120.64743,24.3013],[120.64669,24.29948],[120.64635,24.29914],[120.64419,24.30148],[120.63318,24.30877],[120.63268,24.30898],[120.63258,24.31075],[120.63263,24.31159],[120.63341,24.317],[120.63333,24.31848],[120.63395,24.31863],[120.63565,24.31872],[120.6362,24.3199],[120.63623,24.32016],[120.63614,24.3209],[120.63624,24.3212],[120.6364,24.32128],[120.63843,24.32148],[120.63884,24.3219],[120.63923,24.32258],[120.63964,24.32379],[120.64014,24.32475],[120.64046,24.32494],[120.6429,24.32561],[120.64863,24.32515],[120.65277,24.32505],[120.65327,24.32521],[120.65463,24.32536],[120.65923,24.32546],[120.65981,24.32553]]]}},{"type":"Feature","properties":{"c":"66000210004","t":"外埔區","v":"大同里"},"geometry":{"type":"Polygon","coordinates":[[[120.64832,24.33658],[120.6488,24.3362],[120.64935,24.33589],[120.6504,24.33554],[120.65185,24.33523],[120.6522,24.33509],[120.65287,24.3346],[120.65378,24.33404],[120.65445,24.33332],[120.65511,24.33308],[120.65595,24.33219],[120.65652,24.3313],[120.65692,24.33118],[120.65762,24.33055],[120.65816,24.33022],[120.65867,24.32936],[120.65982,24.3277],[120.66051,24.32615],[120.66083,24.32568],[120.66011,24.32564],[120.65981,24.32553],[120.65923,24.32546],[120.65463,24.32536],[120.65327,24.32521],[120.65277,24.32505],[120.64863,24.32515],[120.6429,24.32561],[120.64229,24.32749],[120.64211,24.32822],[120.64198,24.33044],[120.64213,24.3314],[120.64244,24.33191],[120.64245,24.33223],[120.64254,24.33254],[120.6425,24.33294],[120.64231,24.33295],[120.64248,24.33418],[120.64262,24.33475],[120.64302,24.33541],[120.64324,24.33667],[120.64455,24.3371],[120.64542,24.33722],[120.64627,24.33716],[120.64807,24.33658],[120.64832,24.33658]]]}},{"type":"Feature","properties":{"c":"66000210005","t":"外埔區","v":"水美里"},"geometry":{"type":"Polygon","coordinates":[[[120.63205,24.3376],[120.63366,24.33557],[120.63458,24.33401],[120.63483,24.33394],[120.63565,24.33432],[120.63824,24.3353],[120.64049,24.33602],[120.64324,24.33667],[120.64302,24.33541],[120.64262,24.33475],[120.64248,24.33418],[120.64231,24.33295],[120.6425,24.33294],[120.64254,24.33254],[120.64245,24.33223],[120.64244,24.33191],[120.64213,24.3314],[120.64198,24.33044],[120.64211,24.32822],[120.64229,24.32749],[120.6429,24.32561],[120.64046,24.32494],[120.64014,24.32475],[120.63964,24.32379],[120.63923,24.32258],[120.63884,24.3219],[120.63843,24.32148],[120.6364,24.32128],[120.63624,24.3212],[120.63614,24.3209],[120.63623,24.32016],[120.6362,24.3199],[120.63565,24.31872],[120.63395,24.31863],[120.63333,24.31848],[120.63341,24.317],[120.63263,24.31159],[120.63258,24.31075],[120.63268,24.30898],[120.63188,24.30939],[120.62687,24.31243],[120.62595,24.31292],[120.62483,24.31384],[120.62406,24.31435],[120.62284,24.31494],[120.6209,24.31537],[120.618,24.31555],[120.61641,24.31557],[120.61338,24.31522],[120.61171,24.31522],[120.60901,24.31578],[120.61136,24.32291],[120.61195,24.32586],[120.61179,24.32687],[120.61182,24.32727],[120.61216,24.32782],[120.61252,24.32821],[120.61284,24.32844],[120.61305,24.32871],[120.61382,24.33089],[120.61405,24.33132],[120.61408,24.33157],[120.61432,24.33182],[120.61441,24.33207],[120.61482,24.33211],[120.61556,24.33263],[120.61613,24.3333],[120.61631,24.33344],[120.6171,24.33378],[120.61807,24.3344],[120.61875,24.33467],[120.61944,24.3351],[120.61984,24.33552],[120.62013,24.33573],[120.62069,24.33594],[120.62125,24.33581],[120.62158,24.33587],[120.62284,24.33639],[120.62345,24.33685],[120.624,24.33682],[120.62493,24.33719],[120.62548,24.33696],[120.62588,24.33692],[120.62635,24.33674],[120.62678,24.33678],[120.62707,24.33671],[120.62783,24.33673],[120.62814,24.3368],[120.62823,24.33758],[120.62834,24.33768],[120.62917,24.33757],[120.62978,24.33716],[120.63015,24.33707],[120.63094,24.33705],[120.63117,24.3371],[120.63169,24.33731],[120.63193,24.33748],[120.63205,24.3376]]]}},{"type":"Feature","properties":{"c":"66000210006","t":"外埔區","v":"大東里"},"geometry":{"type":"Polygon","coordinates":[[[120.6422,24.3452],[120.6444,24.34386],[120.64534,24.34346],[120.64681,24.34313],[120.64981,24.34256],[120.65054,24.34247],[120.65208,24.34268],[120.6527,24.3427],[120.65361,24.34253],[120.65425,24.34257],[120.655,24.34055],[120.65504,24.34023],[120.65473,24.33944],[120.65452,24.33911],[120.65393,24.33876],[120.65359,24.33864],[120.65248,24.33854],[120.65158,24.33832],[120.65044,24.33792],[120.64892,24.33684],[120.64832,24.33658],[120.64807,24.33658],[120.64627,24.33716],[120.64542,24.33722],[120.64455,24.3371],[120.64298,24.33658],[120.64049,24.33602],[120.63694,24.33482],[120.63483,24.33394],[120.63458,24.33401],[120.63366,24.33557],[120.63205,24.3376],[120.63221,24.33781],[120.63267,24.33889],[120.63328,24.34101],[120.63408,24.34354],[120.63456,24.3449],[120.63504,24.34601],[120.63517,24.34613],[120.63584,24.34628],[120.63613,24.34648],[120.63629,24.34647],[120.63668,24.34636],[120.63716,24.34587],[120.63745,24.34578],[120.63784,24.34582],[120.6386,24.34605],[120.63884,24.34604],[120.63961,24.3458],[120.64007,24.3455],[120.6407,24.34595],[120.64119,24.34569],[120.64168,24.34532],[120.6422,24.3452]]]}},{"type":"Feature","properties":{"c":"66000210007","t":"外埔區","v":"馬鳴里"},"geometry":{"type":"Polygon","coordinates":[[[120.67018,24.34777],[120.67113,24.3472],[120.67202,24.34676],[120.67511,24.34554],[120.67705,24.34495],[120.67748,24.34476],[120.68011,24.34306],[120.68197,24.34225],[120.6828,24.34197],[120.6855,24.34133],[120.68606,24.34129],[120.68812,24.34143],[120.69007,24.34132],[120.69202,24.34091],[120.69274,24.34065],[120.69321,24.34041],[120.69257,24.34026],[120.69196,24.34],[120.69136,24.33956],[120.68987,24.33885],[120.68923,24.33875],[120.68876,24.33856],[120.68768,24.33826],[120.68633,24.33802],[120.68215,24.33738],[120.68108,24.33766],[120.68065,24.33768],[120.67877,24.33756],[120.67813,24.33739],[120.67646,24.33679],[120.67244,24.33573],[120.67176,24.3356],[120.67074,24.33558],[120.66817,24.33576],[120.66736,24.33574],[120.66516,24.33531],[120.66495,24.33582],[120.66515,24.33607],[120.66607,24.33688],[120.66634,24.33723],[120.66639,24.33771],[120.66614,24.3383],[120.66577,24.33855],[120.66515,24.33881],[120.66471,24.33883],[120.66369,24.33857],[120.66305,24.33992],[120.66276,24.34167],[120.66277,24.34209],[120.66388,24.34437],[120.66463,24.34477],[120.66621,24.34525],[120.66672,24.34549],[120.66977,24.34752],[120.67018,24.34777]]]}},{"type":"Feature","properties":{"c":"66000210008","t":"外埔區","v":"中山里"},"geometry":{"type":"Polygon","coordinates":[[[120.66294,24.34246],[120.66277,24.34209],[120.66276,24.34167],[120.66296,24.34037],[120.66305,24.33992],[120.66369,24.33857],[120.66471,24.33883],[120.66515,24.33881],[120.66577,24.33855],[120.66614,24.3383],[120.66639,24.33771],[120.66634,24.33723],[120.66607,24.33688],[120.66515,24.33607],[120.66495,24.33582],[120.66516,24.33531],[120.66407,24.33505],[120.66167,24.33433],[120.65808,24.33368],[120.65653,24.33348],[120.65511,24.33308],[120.65445,24.33332],[120.65378,24.33404],[120.65287,24.3346],[120.6522,24.33509],[120.65185,24.33523],[120.6504,24.33554],[120.64935,24.33589],[120.6488,24.3362],[120.64832,24.33658],[120.64892,24.33684],[120.65044,24.33792],[120.65158,24.33832],[120.65248,24.33854],[120.65359,24.33864],[120.65393,24.33876],[120.65452,24.33911],[120.65473,24.33944],[120.65504,24.34023],[120.655,24.34055],[120.65478,24.34122],[120.65425,24.34257],[120.65457,24.34272],[120.65486,24.34283],[120.65674,24.34293],[120.65807,24.34315],[120.66034,24.34294],[120.66161,24.34264],[120.66294,24.34246]]]}},{"type":"Feature","properties":{"c":"66000210009","t":"外埔區","v":"鐵山里"},"geometry":{"type":"Polygon","coordinates":[[[120.6557,24.35946],[120.65593,24.35907],[120.65645,24.35867],[120.65672,24.35837],[120.65711,24.35779],[120.65771,24.35707],[120.65853,24.35573],[120.65985,24.35459],[120.6605,24.35422],[120.66338,24.35191],[120.66518,24.35067],[120.66571,24.35024],[120.66712,24.34946],[120.66765,24.34907],[120.66911,24.34845],[120.67018,24.34777],[120.66894,24.34701],[120.66672,24.34549],[120.66621,24.34525],[120.66463,24.34477],[120.66388,24.34437],[120.66294,24.34246],[120.66161,24.34264],[120.66034,24.34294],[120.65807,24.34315],[120.65674,24.34293],[120.65486,24.34283],[120.65425,24.34257],[120.65395,24.34253],[120.65361,24.34253],[120.6527,24.3427],[120.65208,24.34268],[120.65054,24.34247],[120.64981,24.34256],[120.64534,24.34346],[120.6444,24.34386],[120.6422,24.3452],[120.64168,24.34532],[120.64119,24.34569],[120.6407,24.34595],[120.64146,24.34653],[120.64297,24.34828],[120.64334,24.34848],[120.64366,24.34855],[120.64389,24.3487],[120.64467,24.34955],[120.64511,24.35013],[120.64562,24.35055],[120.64622,24.35144],[120.64632,24.35169],[120.64532,24.35181],[120.64525,24.35187],[120.64536,24.35229],[120.64535,24.35286],[120.64555,24.35341],[120.64607,24.35369],[120.64645,24.35397],[120.64639,24.35463],[120.64653,24.35494],[120.6467,24.35513],[120.64785,24.3556],[120.64825,24.35569],[120.64872,24.35569],[120.64947,24.35602],[120.65154,24.35861],[120.65223,24.35924],[120.65356,24.36028],[120.65389,24.36074],[120.65493,24.36015],[120.65536,24.35984],[120.6557,24.35946]]]}},{"type":"Feature","properties":{"c":"66000210010","t":"外埔區","v":"土城里"},"geometry":{"type":"Polygon","coordinates":[[[120.7073,24.35787],[120.70851,24.3575],[120.711,24.35701],[120.71396,24.35659],[120.71583,24.35626],[120.7169,24.356],[120.7178,24.35596],[120.71827,24.35583],[120.71806,24.35398],[120.71785,24.35289],[120.71791,24.35219],[120.71765,24.35056],[120.71712,24.34975],[120.7171,24.3489],[120.71756,24.34849],[120.71763,24.34838],[120.71762,24.34821],[120.71782,24.34798],[120.71796,24.34766],[120.71819,24.34756],[120.71832,24.3474],[120.71828,24.34703],[120.71795,24.34641],[120.718,24.34616],[120.71838,24.34534],[120.71844,24.3451],[120.71825,24.34458],[120.71739,24.34304],[120.71731,24.34293],[120.7172,24.34299],[120.71714,24.34295],[120.71697,24.34236],[120.71742,24.34215],[120.71755,24.34179],[120.71767,24.34168],[120.71899,24.34151],[120.71932,24.34137],[120.71942,24.34123],[120.71865,24.34008],[120.71844,24.33991],[120.71801,24.33999],[120.71582,24.33994],[120.71551,24.33986],[120.71514,24.33938],[120.71511,24.33927],[120.7152,24.33885],[120.71517,24.33808],[120.71497,24.33738],[120.71444,24.33766],[120.71434,24.33764],[120.71473,24.33723],[120.71457,24.33693],[120.71479,24.33655],[120.715,24.33636],[120.71538,24.33645],[120.71547,24.33627],[120.71577,24.33613],[120.71593,24.33569],[120.71538,24.33506],[120.71464,24.33398],[120.71459,24.33348],[120.71475,24.33244],[120.71475,24.33149],[120.71403,24.33196],[120.7135,24.3327],[120.71292,24.33316],[120.71249,24.33362],[120.71143,24.33455],[120.70763,24.33725],[120.7068,24.33772],[120.70626,24.33796],[120.70348,24.33885],[120.70186,24.33928],[120.70091,24.33935],[120.69965,24.33983],[120.69945,24.34145],[120.69968,24.34214],[120.69976,24.34279],[120.69978,24.34392],[120.69939,24.3463],[120.69991,24.34723],[120.69998,24.34751],[120.70027,24.35002],[120.70004,24.35219],[120.70022,24.35556],[120.70019,24.35731],[120.70003,24.35963],[120.70144,24.3595],[120.70359,24.35905],[120.70481,24.35866],[120.70576,24.35828],[120.70729,24.35787],[120.7073,24.35787]]]}},{"type":"Feature","properties":{"c":"66000210011","t":"外埔區","v":"廍子里"},"geometry":{"type":"Polygon","coordinates":[[[120.70017,24.35397],[120.70004,24.35219],[120.70027,24.35002],[120.70022,24.34938],[120.69991,24.34723],[120.69939,24.3463],[120.69978,24.34392],[120.69976,24.34279],[120.69968,24.34214],[120.69945,24.34145],[120.69965,24.33983],[120.69885,24.34007],[120.69782,24.3402],[120.69667,24.34018],[120.6958,24.34005],[120.6947,24.34013],[120.69398,24.34035],[120.69321,24.34041],[120.69274,24.34065],[120.69202,24.34091],[120.69007,24.34132],[120.68812,24.34143],[120.68606,24.34129],[120.6855,24.34133],[120.6828,24.34197],[120.68197,24.34225],[120.68011,24.34306],[120.67748,24.34476],[120.67705,24.34495],[120.67511,24.34554],[120.67202,24.34676],[120.67032,24.34766],[120.66911,24.34845],[120.66765,24.34907],[120.66712,24.34946],[120.66571,24.35024],[120.66518,24.35067],[120.66338,24.35191],[120.6605,24.35422],[120.65985,24.35459],[120.65884,24.35542],[120.65853,24.35573],[120.65771,24.35707],[120.65711,24.35779],[120.65672,24.35837],[120.65645,24.35867],[120.65593,24.35907],[120.6557,24.35946],[120.65536,24.35984],[120.65493,24.36015],[120.65389,24.36074],[120.65411,24.36102],[120.65565,24.36249],[120.65593,24.36257],[120.65757,24.36215],[120.65804,24.36215],[120.68334,24.35834],[120.68349,24.35835],[120.68377,24.35853],[120.68393,24.35889],[120.68437,24.36226],[120.68862,24.36119],[120.6918,24.36058],[120.69607,24.35999],[120.70003,24.35963],[120.70019,24.35731],[120.70022,24.35556],[120.70017,24.35397]]]}},{"type":"Feature","properties":{"c":"66000220001","t":"大安區","v":"南埔里"},"geometry":{"type":"MultiPolygon","coordinates":[[[[120.55925,24.35135],[120.56186,24.35036],[120.56334,24.34947],[120.56374,24.34929],[120.56438,24.34914],[120.56514,24.34909],[120.56553,24.34887],[120.56621,24.34817],[120.56686,24.34776],[120.56711,24.34744],[120.56725,24.34681],[120.56725,24.34583],[120.56714,24.34551],[120.56717,24.34516],[120.56745,24.34477],[120.56792,24.34442],[120.56814,24.34438],[120.56852,24.34445],[120.57034,24.34434],[120.571,24.3442],[120.57157,24.34378],[120.57242,24.34343],[120.57324,24.34248],[120.57435,24.3416],[120.57659,24.34072],[120.57735,24.34082],[120.57764,24.34079],[120.57788,24.34062],[120.57872,24.33946],[120.57902,24.33934],[120.58035,24.33911],[120.58061,24.33901],[120.58136,24.33827],[120.5826,24.33742],[120.58289,24.33709],[120.58241,24.33646],[120.58233,24.33544],[120.58127,24.33556],[120.5811,24.33552],[120.58097,24.33545],[120.58071,24.33499],[120.58015,24.3332],[120.58004,24.33244],[120.58006,24.33193],[120.5797,24.33202],[120.57828,24.3321],[120.57362,24.33195],[120.57069,24.33214],[120.56931,24.33231],[120.5668,24.33245],[120.56535,24.33246],[120.56261,24.33272],[120.56051,24.33307],[120.55814,24.33363],[120.53971,24.33488],[120.53989,24.33512],[120.54077,24.33542],[120.54179,24.3354],[120.54276,24.33548],[120.54579,24.33487],[120.54857,24.33851],[120.55041,24.34153],[120.55197,24.34322],[120.55585,24.34774],[120.55714,24.34872],[120.55853,24.34911],[120.55921,24.3498],[120.55929,24.3504],[120.55926,24.35127],[120.55925,24.35135]]],[[[120.55925,24.35135],[120.55924,24.3514],[120.55924,24.35146],[120.55925,24.35135]]]]}},{"type":"Feature","properties":{"c":"66000220002","t":"大安區","v":"南庄里"},"geometry":{"type":"Polygon","coordinates":[[[120.56642,24.35846],[120.57092,24.35591],[120.57285,24.35464],[120.57372,24.3542],[120.57513,24.35332],[120.57577,24.3525],[120.57847,24.35045],[120.57874,24.3501],[120.57882,24.34929],[120.57877,24.34895],[120.57802,24.34692],[120.57781,24.34566],[120.5779,24.34534],[120.57853,24.34396],[120.5786,24.34365],[120.57862,24.34303],[120.57852,24.34258],[120.57816,24.34197],[120.57764,24.34079],[120.57735,24.34082],[120.57659,24.34072],[120.57435,24.3416],[120.57324,24.34248],[120.57242,24.34343],[120.57157,24.34378],[120.571,24.3442],[120.57034,24.34434],[120.56852,24.34445],[120.56814,24.34438],[120.56792,24.34442],[120.56745,24.34477],[120.56717,24.34516],[120.56714,24.34551],[120.56725,24.34583],[120.56725,24.34681],[120.56711,24.34744],[120.56686,24.34776],[120.56621,24.34817],[120.56553,24.34887],[120.56514,24.34909],[120.56438,24.34914],[120.56374,24.34929],[120.56334,24.34947],[120.56186,24.35036],[120.55925,24.35135],[120.55906,24.35209],[120.55913,24.35326],[120.55928,24.35412],[120.55936,24.35432],[120.55983,24.35484],[120.56007,24.35556],[120.56023,24.35577],[120.56036,24.35612],[120.56093,24.35678],[120.56123,24.35737],[120.56168,24.35794],[120.56171,24.3583],[120.56181,24.35855],[120.56223,24.35887],[120.56224,24.35893],[120.56217,24.35896],[120.56189,24.35902],[120.56151,24.35898],[120.56126,24.35883],[120.56121,24.35888],[120.5614,24.35954],[120.56157,24.35961],[120.56193,24.36028],[120.56225,24.36062],[120.56238,24.36085],[120.56642,24.35846]]]}},{"type":"Feature","properties":{"c":"66000220003","t":"大安區","v":"中庄里"},"geometry":{"type":"Polygon","coordinates":[[[120.57079,24.36544],[120.57375,24.36334],[120.57437,24.36273],[120.57486,24.36196],[120.57512,24.36044],[120.57541,24.35964],[120.57592,24.35884],[120.57642,24.35858],[120.57707,24.35857],[120.57791,24.3587],[120.57807,24.35882],[120.57822,24.35935],[120.57842,24.35946],[120.57896,24.35948],[120.57968,24.35969],[120.58037,24.35956],[120.5809,24.35994],[120.58098,24.35983],[120.58098,24.35943],[120.58116,24.35918],[120.58168,24.35883],[120.58261,24.35836],[120.58537,24.35731],[120.58888,24.35645],[120.58941,24.35652],[120.58979,24.35669],[120.59057,24.35726],[120.5907,24.3574],[120.59077,24.35764],[120.59088,24.35863],[120.59224,24.3581],[120.59219,24.35739],[120.59237,24.35661],[120.5924,24.35606],[120.59208,24.35544],[120.59255,24.35348],[120.59261,24.35337],[120.59299,24.35317],[120.59348,24.35272],[120.59418,24.35131],[120.59495,24.35013],[120.59512,24.35003],[120.59536,24.34958],[120.59532,24.34927],[120.59536,24.34901],[120.59566,24.34858],[120.59601,24.34826],[120.5961,24.34771],[120.59643,24.34737],[120.59675,24.34653],[120.59718,24.34581],[120.59418,24.34544],[120.59362,24.34545],[120.59119,24.34587],[120.59105,24.34584],[120.59079,24.34568],[120.59063,24.34549],[120.59059,24.34534],[120.59064,24.34506],[120.59053,24.34483],[120.59006,24.34451],[120.58968,24.34472],[120.58955,24.34472],[120.58946,24.34466],[120.58915,24.34398],[120.58881,24.34356],[120.58811,24.34345],[120.58716,24.34342],[120.58633,24.34382],[120.58483,24.34438],[120.58268,24.3455],[120.58151,24.34554],[120.58106,24.34572],[120.58021,24.3457],[120.57935,24.34589],[120.57783,24.34599],[120.57802,24.34692],[120.57877,24.34895],[120.57879,24.34991],[120.57874,24.3501],[120.57847,24.35045],[120.57577,24.3525],[120.57525,24.3532],[120.57453,24.35373],[120.57285,24.35464],[120.57092,24.35591],[120.56642,24.35846],[120.56238,24.36085],[120.56252,24.36132],[120.56268,24.3616],[120.56321,24.36222],[120.56353,24.36257],[120.56379,24.36267],[120.56395,24.36292],[120.56473,24.36371],[120.56526,24.36391],[120.56548,24.3641],[120.5657,24.36461],[120.56603,24.36487],[120.56629,24.36534],[120.56626,24.36508],[120.56602,24.36451],[120.56561,24.36393],[120.56523,24.36362],[120.56504,24.36324],[120.56536,24.36368],[120.56901,24.36667],[120.5707,24.3654],[120.57079,24.36544]]]}},{"type":"Feature","properties":{"c":"66000220004","t":"大安區","v":"龜殼里"},"geometry":{"type":"Polygon","coordinates":[[[120.58709,24.37239],[120.58767,24.37179],[120.58889,24.37028],[120.58933,24.36987],[120.58994,24.36945],[120.59142,24.36879],[120.59159,24.36837],[120.59191,24.36699],[120.59212,24.36664],[120.59244,24.36632],[120.59343,24.36566],[120.59395,24.36547],[120.59479,24.36531],[120.59568,24.3646],[120.59624,24.36434],[120.59649,24.36406],[120.59701,24.36327],[120.59745,24.36288],[120.5987,24.3627],[120.59945,24.36244],[120.59967,24.36222],[120.59978,24.36193],[120.59982,24.36096],[120.6002,24.36032],[120.60052,24.36008],[120.60137,24.35963],[120.60208,24.35928],[120.6031,24.35895],[120.60363,24.35861],[120.60383,24.35828],[120.60392,24.35797],[120.60397,24.3573],[120.60388,24.35703],[120.60398,24.35616],[120.60435,24.35527],[120.60531,24.35436],[120.6055,24.35412],[120.60568,24.35367],[120.60585,24.35348],[120.60613,24.35321],[120.60664,24.35303],[120.60672,24.35231],[120.6061,24.3524],[120.60631,24.3515],[120.60678,24.35078],[120.60706,24.35049],[120.6073,24.35061],[120.60781,24.35011],[120.60795,24.3498],[120.60822,24.34948],[120.60727,24.34956],[120.60656,24.34985],[120.60569,24.34998],[120.60516,24.35014],[120.60476,24.35039],[120.60403,24.35141],[120.60368,24.35178],[120.6031,24.35194],[120.60251,24.35219],[120.6016,24.35285],[120.60016,24.35332],[120.59794,24.35476],[120.59683,24.35563],[120.59562,24.35643],[120.59514,24.35666],[120.59427,24.35675],[120.5938,24.35688],[120.59295,24.35771],[120.59261,24.35795],[120.59088,24.35863],[120.59077,24.35764],[120.5907,24.3574],[120.59057,24.35726],[120.58979,24.35669],[120.58941,24.35652],[120.58888,24.35645],[120.58537,24.35731],[120.58261,24.35836],[120.58168,24.35883],[120.58116,24.35918],[120.58098,24.35943],[120.58098,24.35983],[120.5809,24.35994],[120.58037,24.35956],[120.57968,24.35969],[120.57896,24.35948],[120.57842,24.35946],[120.57822,24.35935],[120.57807,24.35882],[120.57791,24.3587],[120.57671,24.35856],[120.57642,24.35858],[120.57614,24.35868],[120.57592,24.35884],[120.57573,24.35909],[120.57527,24.35997],[120.575,24.36103],[120.57491,24.36171],[120.57477,24.36217],[120.57437,24.36273],[120.57375,24.36334],[120.57079,24.36544],[120.5707,24.3654],[120.56901,24.36667],[120.56879,24.36672],[120.56866,24.36692],[120.56852,24.36683],[120.56846,24.36664],[120.56828,24.36645],[120.56817,24.36612],[120.56797,24.36609],[120.56777,24.36621],[120.5677,24.36619],[120.56708,24.3657],[120.56677,24.36553],[120.5667,24.36556],[120.56678,24.36593],[120.56704,24.36622],[120.56731,24.3667],[120.56759,24.36743],[120.5679,24.36774],[120.56803,24.36732],[120.56838,24.3672],[120.56853,24.36723],[120.56878,24.3675],[120.56909,24.36805],[120.5697,24.36867],[120.56987,24.36905],[120.57021,24.36917],[120.57037,24.36981],[120.57346,24.36861],[120.57915,24.37119],[120.5823,24.3716],[120.58363,24.37171],[120.584,24.37183],[120.58494,24.37228],[120.58621,24.37263],[120.58664,24.37263],[120.58706,24.37241],[120.58709,24.37239]]]}},{"type":"Feature","properties":{"c":"66000220005","t":"大安區","v":"福興里"},"geometry":{"type":"Polygon","coordinates":[[[120.60533,24.35008],[120.60656,24.34985],[120.60737,24.34953],[120.60822,24.3495],[120.60845,24.34942],[120.60881,24.34952],[120.60893,24.34928],[120.60968,24.34903],[120.61004,24.34898],[120.61033,24.34882],[120.61055,24.34856],[120.61062,24.34826],[120.61057,24.3481],[120.6081,24.34749],[120.60789,24.34752],[120.60714,24.34742],[120.6054,24.34733],[120.60387,24.34714],[120.60327,24.34687],[120.60308,24.3466],[120.60269,24.34638],[120.602,24.34577],[120.60281,24.34283],[120.60259,24.34274],[120.60229,24.34246],[120.60222,24.34236],[120.60229,24.34229],[120.60225,24.34203],[120.60211,24.34191],[120.60222,24.34105],[120.60242,24.34066],[120.60243,24.34041],[120.60225,24.34008],[120.6021,24.34001],[120.60183,24.34002],[120.60154,24.33941],[120.60138,24.33966],[120.60113,24.33985],[120.60129,24.34079],[120.60126,24.34099],[120.6009,24.34168],[120.60061,24.34245],[120.60041,24.34287],[120.59987,24.34346],[120.5994,24.3441],[120.59845,24.34396],[120.59796,24.34374],[120.59751,24.34361],[120.59718,24.34581],[120.59675,24.34653],[120.59643,24.34737],[120.5961,24.34771],[120.59601,24.34826],[120.59566,24.34858],[120.59536,24.34901],[120.59532,24.34927],[120.59536,24.34958],[120.5953,24.3497],[120.59512,24.35003],[120.59495,24.35013],[120.59418,24.35131],[120.59348,24.35272],[120.59299,24.35317],[120.59261,24.35337],[120.59255,24.35348],[120.59208,24.35544],[120.5924,24.35606],[120.59237,24.35661],[120.59219,24.35739],[120.59224,24.3581],[120.59261,24.35795],[120.59295,24.35771],[120.5937,24.35693],[120.59427,24.35675],[120.59514,24.35666],[120.59612,24.35613],[120.59775,24.35489],[120.60016,24.35332],[120.6016,24.35285],[120.60251,24.35219],[120.6031,24.35194],[120.60368,24.35178],[120.60403,24.35141],[120.60476,24.35039],[120.60516,24.35014],[120.60533,24.35008]]]}},{"type":"Feature","properties":{"c":"66000220006","t":"大安區","v":"東安里"},"geometry":{"type":"Polygon","coordinates":[[[120.59718,24.34581],[120.59751,24.34361],[120.59688,24.34352],[120.59662,24.3434],[120.59561,24.34243],[120.59459,24.34189],[120.59406,24.34169],[120.59373,24.34152],[120.59365,24.34141],[120.59408,24.34047],[120.59434,24.34023],[120.59445,24.33998],[120.59478,24.33955],[120.59542,24.33835],[120.5956,24.33818],[120.5956,24.33784],[120.596,24.33742],[120.59641,24.33713],[120.59711,24.33678],[120.59706,24.33642],[120.59679,24.33606],[120.59667,24.33538],[120.59662,24.33531],[120.59624,24.3354],[120.59608,24.3351],[120.59598,24.33504],[120.59497,24.33558],[120.59493,24.33522],[120.59499,24.33487],[120.59514,24.33471],[120.59583,24.33427],[120.59587,24.33418],[120.5947,24.33299],[120.5946,24.33248],[120.59429,24.33214],[120.59401,24.33072],[120.59282,24.32956],[120.59218,24.32929],[120.59167,24.32924],[120.58856,24.32484],[120.58778,24.3242],[120.58658,24.32343],[120.58626,24.32381],[120.58485,24.32476],[120.58415,24.32535],[120.58402,24.32558],[120.58369,24.32777],[120.58346,24.32857],[120.58261,24.32947],[120.58161,24.33029],[120.58096,24.33108],[120.58004,24.33193],[120.58004,24.33244],[120.58015,24.3332],[120.5805,24.33443],[120.58089,24.33533],[120.58097,24.33545],[120.58127,24.33556],[120.58233,24.33544],[120.58241,24.33646],[120.58289,24.33709],[120.58241,24.33758],[120.58136,24.33827],[120.58061,24.33901],[120.58035,24.33911],[120.57902,24.33934],[120.57872,24.33946],[120.57788,24.34062],[120.57764,24.34079],[120.57816,24.34197],[120.57852,24.34258],[120.57862,24.34303],[120.5786,24.34365],[120.57853,24.34396],[120.57784,24.3455],[120.57783,24.34599],[120.57935,24.34589],[120.58021,24.3457],[120.58106,24.34572],[120.58151,24.34554],[120.58268,24.3455],[120.58483,24.34438],[120.58633,24.34382],[120.58716,24.34342],[120.58811,24.34345],[120.58881,24.34356],[120.58915,24.34398],[120.58946,24.34466],[120.58955,24.34472],[120.58968,24.34472],[120.59006,24.34451],[120.59053,24.34483],[120.59064,24.34506],[120.59059,24.34534],[120.59063,24.34549],[120.59079,24.34568],[120.59105,24.34584],[120.59119,24.34587],[120.59362,24.34545],[120.59418,24.34544],[120.59521,24.34557],[120.59718,24.34581]]]}},{"type":"Feature","properties":{"c":"66000220007","t":"大安區","v":"頂安里"},"geometry":{"type":"Polygon","coordinates":[[[120.63234,24.38632],[120.63319,24.38589],[120.6368,24.37974],[120.63635,24.37988],[120.63614,24.37987],[120.63347,24.37892],[120.63168,24.37919],[120.62968,24.38093],[120.62919,24.38113],[120.62184,24.38179],[120.62167,24.38084],[120.6216,24.38077],[120.62038,24.38145],[120.61926,24.3824],[120.60867,24.38462],[120.60683,24.38576],[120.60353,24.38648],[120.60182,24.38805],[120.59895,24.38924],[120.59785,24.39006],[120.59754,24.39021],[120.59764,24.39087],[120.59702,24.39262],[120.59695,24.39357],[120.59685,24.39405],[120.59691,24.39466],[120.59675,24.39524],[120.59652,24.39578],[120.59534,24.39704],[120.59495,24.39728],[120.59424,24.39799],[120.59255,24.39909],[120.59229,24.39948],[120.59152,24.40005],[120.59121,24.40048],[120.59141,24.40066],[120.59402,24.40394],[120.59716,24.40636],[120.60823,24.39995],[120.60847,24.39975],[120.60917,24.39939],[120.60984,24.39876],[120.61121,24.39774],[120.61212,24.3969],[120.61407,24.39526],[120.61617,24.39418],[120.61834,24.39349],[120.61948,24.3932],[120.62106,24.3925],[120.62233,24.39172],[120.62416,24.39043],[120.62544,24.38965],[120.62765,24.38858],[120.62875,24.38791],[120.63161,24.38666],[120.63234,24.38632]]]}},{"type":"Feature","properties":{"c":"66000220008","t":"大安區","v":"永安里"},"geometry":{"type":"Polygon","coordinates":[[[120.62316,24.38166],[120.62938,24.38109],[120.62968,24.38093],[120.63168,24.37919],[120.63347,24.37892],[120.63614,24.37987],[120.63646,24.37986],[120.6368,24.37974],[120.63822,24.37726],[120.63567,24.3761],[120.63551,24.37608],[120.63354,24.37644],[120.63322,24.37672],[120.62925,24.37758],[120.62157,24.37911],[120.62116,24.37781],[120.61766,24.37853],[120.61719,24.37847],[120.61577,24.378],[120.61507,24.37796],[120.61367,24.37835],[120.61249,24.37859],[120.6121,24.37861],[120.61128,24.37853],[120.60977,24.37923],[120.60709,24.37983],[120.60555,24.38028],[120.60512,24.38046],[120.60381,24.38146],[120.60273,24.38238],[120.60106,24.38398],[120.60059,24.38432],[120.60016,24.38441],[120.59959,24.3844],[120.59916,24.38427],[120.59831,24.38381],[120.59713,24.38357],[120.59607,24.38361],[120.59553,24.38376],[120.5953,24.38397],[120.59453,24.38536],[120.59404,24.38548],[120.59386,24.38563],[120.59362,24.38631],[120.59288,24.38752],[120.59285,24.3877],[120.59299,24.3884],[120.59292,24.38862],[120.59265,24.38881],[120.5921,24.38892],[120.59045,24.38886],[120.58967,24.38908],[120.5893,24.38898],[120.58902,24.389],[120.58847,24.38923],[120.58775,24.38971],[120.587,24.38996],[120.58631,24.38968],[120.58546,24.38905],[120.58363,24.38984],[120.58671,24.39232],[120.58813,24.39477],[120.58859,24.39645],[120.58988,24.3993],[120.59121,24.40048],[120.59152,24.40005],[120.59229,24.39948],[120.59255,24.39909],[120.59424,24.39799],[120.59495,24.39728],[120.59534,24.39704],[120.59652,24.39578],[120.59675,24.39524],[120.59691,24.39466],[120.59685,24.39405],[120.59695,24.39357],[120.59702,24.39262],[120.59764,24.39087],[120.59751,24.39028],[120.59876,24.38935],[120.60182,24.38805],[120.60353,24.38648],[120.60683,24.38576],[120.60867,24.38462],[120.61926,24.3824],[120.62038,24.38145],[120.6216,24.38077],[120.62167,24.38084],[120.62184,24.38179],[120.62316,24.38166]]]}},{"type":"Feature","properties":{"c":"66000220009","t":"大安區","v":"福住里"},"geometry":{"type":"Polygon","coordinates":[[[120.58974,24.38907],[120.59045,24.38886],[120.59225,24.38891],[120.59284,24.38871],[120.59297,24.38852],[120.593,24.38826],[120.59285,24.3877],[120.59288,24.38752],[120.59362,24.38631],[120.59381,24.38571],[120.59404,24.38548],[120.59453,24.38536],[120.5953,24.38397],[120.59553,24.38376],[120.59607,24.38361],[120.59713,24.38357],[120.59831,24.38381],[120.59916,24.38427],[120.59959,24.3844],[120.60016,24.38441],[120.60059,24.38432],[120.60106,24.38398],[120.60273,24.38238],[120.60381,24.38146],[120.60512,24.38046],[120.60555,24.38028],[120.6081,24.37957],[120.60977,24.37923],[120.61128,24.37853],[120.6121,24.37861],[120.61249,24.37859],[120.61367,24.37835],[120.61507,24.37796],[120.61577,24.378],[120.61719,24.37847],[120.61766,24.37853],[120.62116,24.37781],[120.62073,24.37611],[120.61531,24.37471],[120.61467,24.37475],[120.61426,24.37484],[120.61395,24.37369],[120.6137,24.37323],[120.61348,24.3722],[120.61342,24.37206],[120.61323,24.37202],[120.61303,24.37219],[120.6125,24.37237],[120.61198,24.37302],[120.61126,24.37371],[120.60986,24.3747],[120.60844,24.37558],[120.60739,24.37596],[120.6056,24.37633],[120.60546,24.37656],[120.6052,24.37664],[120.60494,24.37645],[120.59693,24.37812],[120.59224,24.38102],[120.58987,24.38207],[120.5882,24.3831],[120.58764,24.38324],[120.58727,24.38324],[120.58648,24.38308],[120.5854,24.3824],[120.58407,24.38176],[120.58408,24.38171],[120.5792,24.384],[120.58121,24.38676],[120.58363,24.38984],[120.58546,24.38905],[120.58631,24.38968],[120.587,24.38996],[120.58775,24.38971],[120.58837,24.38929],[120.58882,24.38906],[120.5893,24.38898],[120.58967,24.38908],[120.58974,24.38907]]]}},{"type":"Feature","properties":{"c":"66000220010","t":"大安區","v":"海墘里"},"geometry":{"type":"Polygon","coordinates":[[[120.58407,24.38176],[120.5851,24.38223],[120.58648,24.38308],[120.58727,24.38324],[120.58788,24.38321],[120.58873,24.38282],[120.58987,24.38207],[120.59224,24.38102],[120.59693,24.37812],[120.59555,24.37257],[120.59004,24.3749],[120.58869,24.37231],[120.58739,24.37289],[120.58709,24.37239],[120.58664,24.37263],[120.58621,24.37263],[120.58494,24.37228],[120.584,24.37183],[120.58363,24.37171],[120.5823,24.3716],[120.57915,24.37119],[120.57346,24.36861],[120.57037,24.36981],[120.57115,24.37424],[120.57307,24.37724],[120.57508,24.379],[120.57725,24.38193],[120.5792,24.384],[120.58408,24.38171],[120.58407,24.38176]]]}},{"type":"Feature","properties":{"c":"66000220011","t":"大安區","v":"西安里"},"geometry":{"type":"Polygon","coordinates":[[[120.60714,24.36704],[120.60498,24.36697],[120.60395,24.36717],[120.60284,24.36758],[120.60213,24.36771],[120.60122,24.3676],[120.59996,24.36698],[120.59959,24.36693],[120.59882,24.36686],[120.59734,24.36706],[120.59685,24.36705],[120.59559,24.36663],[120.59559,24.36643],[120.5957,24.36627],[120.59616,24.36599],[120.59623,24.36584],[120.59581,24.36558],[120.59517,24.36504],[120.59466,24.36536],[120.59395,24.36547],[120.59343,24.36566],[120.59227,24.36647],[120.59201,24.36681],[120.59185,24.36715],[120.59168,24.36804],[120.59142,24.36879],[120.58994,24.36945],[120.58933,24.36987],[120.58889,24.37028],[120.58767,24.37179],[120.58709,24.37239],[120.58739,24.37289],[120.58869,24.37231],[120.59004,24.3749],[120.59555,24.37257],[120.59693,24.37812],[120.60494,24.37645],[120.60514,24.37663],[120.60531,24.37661],[120.60546,24.37656],[120.6056,24.37633],[120.60739,24.37596],[120.60806,24.37575],[120.60878,24.37539],[120.61071,24.37411],[120.61126,24.37371],[120.61198,24.37302],[120.61253,24.37236],[120.61233,24.37237],[120.61203,24.37224],[120.61229,24.37161],[120.61258,24.37155],[120.61314,24.37176],[120.61337,24.37171],[120.612,24.36598],[120.60878,24.36668],[120.60714,24.36704]]]}},{"type":"Feature","properties":{"c":"66000220012","t":"大安區","v":"松雅里"},"geometry":{"type":"Polygon","coordinates":[[[120.60291,24.35902],[120.60208,24.35928],[120.60034,24.36021],[120.60004,24.36054],[120.59982,24.36096],[120.59978,24.36193],[120.59958,24.36235],[120.5993,24.36253],[120.59899,24.36263],[120.59745,24.36288],[120.59701,24.36327],[120.5963,24.36429],[120.59568,24.3646],[120.59517,24.36504],[120.59581,24.36558],[120.59623,24.36584],[120.59616,24.36599],[120.5957,24.36627],[120.59559,24.36643],[120.59559,24.36663],[120.59685,24.36705],[120.59734,24.36706],[120.59882,24.36686],[120.59996,24.36698],[120.60122,24.3676],[120.60213,24.36771],[120.60284,24.36758],[120.60395,24.36717],[120.60447,24.36705],[120.60534,24.36696],[120.60714,24.36704],[120.612,24.36598],[120.61192,24.36565],[120.61072,24.36517],[120.61077,24.36499],[120.6111,24.36449],[120.61114,24.36422],[120.61089,24.36328],[120.61071,24.36293],[120.6107,24.36254],[120.61061,24.36236],[120.60944,24.36262],[120.60919,24.3626],[120.60875,24.36235],[120.60849,24.36159],[120.60828,24.36137],[120.60583,24.36097],[120.60561,24.36088],[120.60546,24.36075],[120.60547,24.36059],[120.60577,24.36037],[120.60698,24.3599],[120.60819,24.35961],[120.60833,24.35945],[120.60795,24.35821],[120.6072,24.35836],[120.60675,24.35858],[120.60644,24.35864],[120.606,24.3589],[120.60537,24.35891],[120.6054,24.35868],[120.6056,24.35851],[120.60546,24.35833],[120.60547,24.3582],[120.60582,24.35759],[120.60584,24.35736],[120.60572,24.35709],[120.60518,24.35652],[120.60507,24.35648],[120.60437,24.3572],[120.60417,24.35729],[120.60397,24.3573],[120.60392,24.35797],[120.60383,24.35828],[120.60363,24.35861],[120.6031,24.35895],[120.60291,24.35902]]]}},{"type":"Feature","properties":{"c":"66000230001","t":"烏日區","v":"烏日里"},"geometry":{"type":"Polygon","coordinates":[[[120.62611,24.11222],[120.62713,24.11194],[120.62888,24.11179],[120.62937,24.1116],[120.62995,24.11127],[120.63014,24.11109],[120.63015,24.11094],[120.62962,24.11016],[120.62993,24.10932],[120.62971,24.10924],[120.62966,24.1091],[120.62998,24.10844],[120.63027,24.10853],[120.63088,24.108],[120.63172,24.10389],[120.63161,24.10332],[120.63078,24.10164],[120.63017,24.10126],[120.62951,24.10059],[120.62803,24.09977],[120.62699,24.09949],[120.62653,24.09994],[120.62601,24.10027],[120.62414,24.10095],[120.62294,24.10111],[120.62244,24.10106],[120.62169,24.10078],[120.62138,24.10196],[120.62174,24.10259],[120.62173,24.10302],[120.62127,24.10302],[120.62186,24.10498],[120.6203,24.10547],[120.6205,24.10605],[120.62048,24.10649],[120.62063,24.10648],[120.62165,24.109],[120.62536,24.10857],[120.62602,24.11224],[120.62611,24.11222]]]}},{"type":"Feature","properties":{"c":"66000230002","t":"烏日區","v":"湖日里"},"geometry":{"type":"Polygon","coordinates":[[[120.61575,24.11721],[120.61671,24.11702],[120.61764,24.11698],[120.61976,24.11704],[120.61985,24.11684],[120.61981,24.11428],[120.61987,24.11319],[120.61998,24.11265],[120.6212,24.11295],[120.62135,24.11313],[120.62249,24.11314],[120.62602,24.11224],[120.62536,24.10857],[120.62165,24.109],[120.62063,24.10648],[120.62048,24.10649],[120.6205,24.10605],[120.6203,24.10547],[120.62186,24.10498],[120.62127,24.10302],[120.62173,24.10302],[120.62174,24.10259],[120.62138,24.10196],[120.62169,24.10078],[120.61905,24.10172],[120.61817,24.10191],[120.61565,24.10222],[120.61459,24.10241],[120.61246,24.10244],[120.61249,24.10257],[120.61237,24.10258],[120.61109,24.10226],[120.61011,24.10211],[120.60891,24.10208],[120.60866,24.10227],[120.60859,24.10242],[120.60803,24.10272],[120.60309,24.10287],[120.60251,24.10297],[120.60222,24.10319],[120.60188,24.10371],[120.60306,24.1041],[120.60441,24.10439],[120.60657,24.10512],[120.60877,24.10552],[120.60941,24.10555],[120.61029,24.10546],[120.61088,24.1053],[120.61143,24.10504],[120.61194,24.1047],[120.61227,24.10427],[120.61252,24.10382],[120.61275,24.1037],[120.61307,24.10376],[120.61348,24.10414],[120.6137,24.10463],[120.6146,24.1059],[120.61491,24.10646],[120.61525,24.10789],[120.61529,24.10912],[120.61472,24.11045],[120.61469,24.11095],[120.61498,24.11171],[120.61536,24.1122],[120.61577,24.11235],[120.61623,24.11264],[120.61595,24.11378],[120.61567,24.11446],[120.61548,24.11594],[120.61544,24.11691],[120.61551,24.11724],[120.61575,24.11721]]]}},{"type":"Feature","properties":{"c":"66000230003","t":"烏日區","v":"三和里"},"geometry":{"type":"Polygon","coordinates":[[[120.61551,24.11724],[120.61544,24.11691],[120.61548,24.11594],[120.61567,24.11446],[120.61595,24.11378],[120.61623,24.11264],[120.61577,24.11235],[120.61536,24.1122],[120.61498,24.11171],[120.61469,24.11095],[120.61472,24.11045],[120.61529,24.10912],[120.61525,24.10789],[120.61491,24.10646],[120.6146,24.1059],[120.6137,24.10463],[120.61348,24.10414],[120.61307,24.10376],[120.61275,24.1037],[120.61252,24.10382],[120.61227,24.10427],[120.61194,24.1047],[120.61143,24.10504],[120.61088,24.1053],[120.61029,24.10546],[120.60941,24.10555],[120.60877,24.10552],[120.60657,24.10512],[120.60441,24.10439],[120.60306,24.1041],[120.60188,24.10371],[120.60153,24.10426],[120.60118,24.10459],[120.59996,24.10518],[120.59639,24.10494],[120.59781,24.106],[120.5988,24.10685],[120.59942,24.10753],[120.60005,24.10862],[120.60041,24.10935],[120.6006,24.11072],[120.60068,24.11218],[120.60078,24.11277],[120.60069,24.113],[120.60041,24.11339],[120.59939,24.11443],[120.59899,24.11503],[120.59834,24.11571],[120.59654,24.11655],[120.59573,24.11711],[120.5953,24.11731],[120.59374,24.1183],[120.59226,24.11898],[120.59163,24.11939],[120.59114,24.11981],[120.58996,24.12146],[120.5894,24.12206],[120.58877,24.12257],[120.58766,24.12376],[120.58626,24.12548],[120.58599,24.12606],[120.58647,24.12672],[120.58663,24.12725],[120.58688,24.12738],[120.58753,24.12823],[120.58872,24.12658],[120.58938,24.12581],[120.59043,24.12474],[120.59162,24.1237],[120.59368,24.12274],[120.59539,24.1223],[120.59701,24.12144],[120.5992,24.11979],[120.60119,24.11869],[120.60201,24.1181],[120.60269,24.11783],[120.60331,24.11771],[120.60572,24.11755],[120.60585,24.118],[120.60577,24.11847],[120.60768,24.11808],[120.60797,24.11797],[120.60804,24.11772],[120.60862,24.11789],[120.6087,24.11774],[120.60894,24.11781],[120.61077,24.11747],[120.61104,24.11747],[120.61228,24.1178],[120.61366,24.11797],[120.61414,24.11824],[120.61432,24.11815],[120.61386,24.11746],[120.61434,24.11713],[120.61529,24.11726],[120.61551,24.11724]]]}},{"type":"Feature","properties":{"c":"66000230004","t":"烏日區","v":"榮泉里"},"geometry":{"type":"Polygon","coordinates":[[[120.59069,24.12038],[120.59114,24.11981],[120.59163,24.11939],[120.59226,24.11898],[120.59374,24.1183],[120.5953,24.11731],[120.59573,24.11711],[120.59654,24.11655],[120.59834,24.11571],[120.59899,24.11503],[120.59939,24.11443],[120.60041,24.11339],[120.60069,24.113],[120.60078,24.11277],[120.60068,24.11218],[120.6006,24.11072],[120.60041,24.10935],[120.60005,24.10862],[120.59942,24.10753],[120.5988,24.10685],[120.59781,24.106],[120.59639,24.10494],[120.59486,24.1049],[120.58895,24.1061],[120.58776,24.10643],[120.58693,24.10676],[120.58554,24.10757],[120.58406,24.1092],[120.58363,24.10951],[120.58297,24.1096],[120.58181,24.10954],[120.58155,24.10991],[120.58166,24.11063],[120.58204,24.1114],[120.58209,24.11189],[120.5827,24.1124],[120.58339,24.11238],[120.58382,24.11257],[120.58448,24.11308],[120.58468,24.11335],[120.58575,24.11495],[120.58634,24.11603],[120.58681,24.1177],[120.58662,24.118],[120.58616,24.11809],[120.58587,24.11823],[120.58582,24.11894],[120.58548,24.11937],[120.585,24.11975],[120.58362,24.12041],[120.58337,24.12067],[120.58295,24.1209],[120.58294,24.12113],[120.58324,24.12149],[120.5834,24.12217],[120.58344,24.12257],[120.58333,24.12325],[120.58339,24.12338],[120.58378,24.12371],[120.58432,24.12375],[120.58487,24.12478],[120.58599,24.12606],[120.58626,24.12548],[120.58802,24.12332],[120.58996,24.12146],[120.59069,24.12038]]]}},{"type":"Feature","properties":{"c":"66000230005","t":"烏日區","v":"學田里"},"geometry":{"type":"Polygon","coordinates":[[[120.59041,24.13855],[120.59074,24.13837],[120.59116,24.13775],[120.59229,24.13726],[120.59329,24.13674],[120.59408,24.13612],[120.59445,24.13571],[120.5944,24.13534],[120.59443,24.13515],[120.59476,24.13478],[120.59567,24.13416],[120.59594,24.13375],[120.59645,24.13349],[120.59687,24.13308],[120.59721,24.13258],[120.59754,24.13161],[120.5977,24.13132],[120.59814,24.13123],[120.59879,24.13086],[120.59968,24.13019],[120.59993,24.12973],[120.6002,24.12959],[120.60365,24.12845],[120.60508,24.12769],[120.6064,24.12712],[120.6076,24.12684],[120.60746,24.12647],[120.60815,24.12615],[120.60895,24.12565],[120.61043,24.12514],[120.61105,24.12541],[120.6119,24.1252],[120.61221,24.125],[120.61267,24.12491],[120.61304,24.12474],[120.61386,24.12523],[120.61408,24.12532],[120.61445,24.12536],[120.61486,24.1252],[120.61552,24.12509],[120.61675,24.12445],[120.61687,24.12451],[120.61698,24.12475],[120.61774,24.12478],[120.61812,24.12419],[120.61843,24.12425],[120.61855,24.12404],[120.61887,24.12394],[120.619,24.12369],[120.61901,24.12346],[120.61889,24.12328],[120.61876,24.12263],[120.61887,24.12205],[120.61886,24.12073],[120.61916,24.11848],[120.61976,24.11704],[120.61764,24.11698],[120.61671,24.11702],[120.61529,24.11726],[120.61434,24.11713],[120.61386,24.11746],[120.61432,24.11815],[120.61414,24.11824],[120.61366,24.11797],[120.61228,24.1178],[120.61104,24.11747],[120.61077,24.11747],[120.60894,24.11781],[120.6087,24.11774],[120.60862,24.11789],[120.60804,24.11772],[120.60797,24.11797],[120.60768,24.11808],[120.60577,24.11847],[120.60585,24.118],[120.60572,24.11755],[120.60331,24.11771],[120.60269,24.11783],[120.60201,24.1181],[120.60119,24.11869],[120.5992,24.11979],[120.59701,24.12144],[120.59539,24.1223],[120.59368,24.12274],[120.59162,24.1237],[120.59043,24.12474],[120.58938,24.12581],[120.58872,24.12658],[120.58753,24.12823],[120.58848,24.1294],[120.58846,24.12956],[120.58824,24.12985],[120.58818,24.13047],[120.5879,24.13102],[120.58781,24.13162],[120.58758,24.13202],[120.58695,24.1325],[120.58627,24.1336],[120.58608,24.13367],[120.58586,24.13357],[120.58572,24.1339],[120.5859,24.13504],[120.58658,24.13693],[120.58647,24.13761],[120.58626,24.1379],[120.5872,24.13798],[120.5879,24.13793],[120.58848,24.13799],[120.58904,24.13815],[120.58989,24.13855],[120.59016,24.13858],[120.59041,24.13855]]]}},{"type":"Feature","properties":{"c":"66000230006","t":"烏日區","v":"九德里"},"geometry":{"type":"Polygon","coordinates":[[[120.64359,24.11931],[120.64372,24.11904],[120.64372,24.11866],[120.64393,24.11873],[120.64474,24.11878],[120.64511,24.11907],[120.64539,24.11913],[120.64682,24.1187],[120.64674,24.11849],[120.64674,24.1167],[120.6469,24.11655],[120.64717,24.11651],[120.64719,24.1164],[120.64704,24.11617],[120.64688,24.11568],[120.64689,24.11556],[120.64711,24.11539],[120.64707,24.11515],[120.64666,24.11494],[120.64642,24.1146],[120.64556,24.1143],[120.64548,24.11377],[120.64576,24.11327],[120.64555,24.11297],[120.64543,24.1125],[120.645,24.11227],[120.64483,24.11206],[120.64466,24.11162],[120.64447,24.11053],[120.64435,24.11024],[120.64439,24.1102],[120.64413,24.10985],[120.6441,24.10962],[120.63526,24.10687],[120.63148,24.10492],[120.63088,24.108],[120.63027,24.10853],[120.62998,24.10844],[120.62966,24.1091],[120.62971,24.10924],[120.62993,24.10932],[120.62998,24.10917],[120.63139,24.10956],[120.63151,24.10983],[120.63178,24.11013],[120.63217,24.11041],[120.63312,24.1109],[120.63406,24.11193],[120.63561,24.11328],[120.6358,24.11309],[120.63614,24.11298],[120.63656,24.11292],[120.63691,24.11297],[120.6375,24.1137],[120.63824,24.11424],[120.6386,24.11479],[120.63898,24.11519],[120.63969,24.11546],[120.64002,24.1157],[120.64013,24.11591],[120.64016,24.11667],[120.64357,24.11934],[120.64359,24.11931]]]}},{"type":"Feature","properties":{"c":"66000230007","t":"烏日區","v":"仁德里"},"geometry":{"type":"Polygon","coordinates":[[[120.64396,24.10958],[120.64347,24.10896],[120.64304,24.10872],[120.64223,24.10855],[120.64215,24.10819],[120.64219,24.10701],[120.6423,24.1068],[120.64329,24.10616],[120.64361,24.10587],[120.64364,24.10565],[120.64352,24.1053],[120.64343,24.10474],[120.64381,24.10396],[120.64402,24.10292],[120.64394,24.10266],[120.6438,24.10248],[120.64311,24.10242],[120.64276,24.10259],[120.64245,24.10258],[120.64168,24.10189],[120.63929,24.10226],[120.63863,24.10229],[120.63801,24.10216],[120.63737,24.10188],[120.63688,24.10175],[120.63647,24.10179],[120.63591,24.102],[120.63417,24.10229],[120.63316,24.10233],[120.63078,24.10164],[120.63161,24.10332],[120.63172,24.10389],[120.63148,24.10492],[120.63526,24.10687],[120.64204,24.109],[120.64396,24.10958]]]}},{"type":"Feature","properties":{"c":"66000230008","t":"烏日區","v":"前竹里"},"geometry":{"type":"Polygon","coordinates":[[[120.65025,24.11148],[120.65075,24.10945],[120.65039,24.10732],[120.65073,24.10725],[120.65128,24.10725],[120.65203,24.10743],[120.65232,24.10737],[120.65309,24.10761],[120.65417,24.10768],[120.65438,24.1076],[120.65465,24.10763],[120.65506,24.10753],[120.6556,24.10756],[120.65585,24.10743],[120.65629,24.1075],[120.65709,24.10748],[120.6574,24.10759],[120.65767,24.10777],[120.65779,24.10773],[120.65782,24.10762],[120.6579,24.10694],[120.65779,24.1067],[120.6573,24.10642],[120.65713,24.10623],[120.657,24.10539],[120.65726,24.10507],[120.65697,24.10473],[120.65692,24.10463],[120.65696,24.10454],[120.65605,24.10377],[120.65576,24.10336],[120.65534,24.10309],[120.65362,24.10233],[120.65237,24.10203],[120.65216,24.10038],[120.65194,24.0996],[120.65096,24.0977],[120.65012,24.09826],[120.64951,24.0985],[120.64901,24.09787],[120.64873,24.09765],[120.64795,24.09734],[120.64771,24.0974],[120.64737,24.09732],[120.64618,24.09575],[120.64568,24.09557],[120.64544,24.09556],[120.64472,24.09632],[120.64441,24.09691],[120.64395,24.09758],[120.64355,24.0981],[120.64327,24.09831],[120.64292,24.09917],[120.64288,24.09952],[120.64262,24.09956],[120.64255,24.09967],[120.64236,24.10037],[120.6424,24.1006],[120.64205,24.10146],[120.64188,24.10182],[120.64168,24.10189],[120.64245,24.10258],[120.64276,24.10259],[120.64311,24.10242],[120.64351,24.10242],[120.6438,24.10248],[120.64394,24.10266],[120.64402,24.10292],[120.64381,24.10396],[120.64343,24.10474],[120.64352,24.1053],[120.64364,24.10565],[120.64361,24.10587],[120.64329,24.10616],[120.6423,24.1068],[120.64219,24.10701],[120.64215,24.10819],[120.64223,24.10855],[120.64304,24.10872],[120.64356,24.10903],[120.64396,24.10958],[120.6441,24.10962],[120.64413,24.10985],[120.64439,24.1102],[120.64479,24.10995],[120.65003,24.11179],[120.65025,24.11148]]]}},{"type":"Feature","properties":{"c":"66000230009","t":"烏日區","v":"五光里"},"geometry":{"type":"Polygon","coordinates":[[[120.65698,24.1045],[120.6573,24.10448],[120.65718,24.10435],[120.65722,24.10412],[120.65714,24.104],[120.65715,24.10391],[120.65892,24.10397],[120.65897,24.10387],[120.6589,24.10347],[120.65876,24.10327],[120.65847,24.10305],[120.65833,24.10262],[120.65814,24.1025],[120.65806,24.10212],[120.65772,24.10172],[120.65774,24.10154],[120.65809,24.10115],[120.6579,24.10019],[120.65834,24.09985],[120.66097,24.09881],[120.6617,24.09856],[120.6626,24.09846],[120.66319,24.09795],[120.6633,24.09782],[120.66329,24.09773],[120.663,24.09747],[120.66284,24.0974],[120.66261,24.09742],[120.6619,24.09709],[120.66182,24.09701],[120.66177,24.09635],[120.66134,24.09588],[120.66114,24.09584],[120.661,24.0959],[120.66096,24.09604],[120.66074,24.09623],[120.66054,24.09617],[120.66037,24.09584],[120.66027,24.09535],[120.66016,24.09526],[120.65933,24.09499],[120.65873,24.09464],[120.65838,24.09432],[120.65772,24.09398],[120.65661,24.09322],[120.65533,24.09273],[120.65426,24.09259],[120.65356,24.09182],[120.65384,24.09066],[120.65378,24.09055],[120.65353,24.09004],[120.65254,24.08904],[120.65206,24.08964],[120.65096,24.09067],[120.64968,24.09142],[120.64907,24.09163],[120.64846,24.09223],[120.64896,24.09363],[120.65194,24.0996],[120.65216,24.10038],[120.65237,24.10203],[120.65362,24.10233],[120.65534,24.10309],[120.65576,24.10336],[120.65605,24.10377],[120.65696,24.10454],[120.65698,24.1045]]]}},{"type":"Feature","properties":{"c":"66000230010","t":"烏日區","v":"光明里"},"geometry":{"type":"Polygon","coordinates":[[[120.64355,24.0981],[120.64441,24.09691],[120.64472,24.09632],[120.64544,24.09556],[120.64568,24.09557],[120.64618,24.09575],[120.64737,24.09732],[120.64771,24.0974],[120.64795,24.09734],[120.64873,24.09765],[120.64901,24.09787],[120.64951,24.0985],[120.65012,24.09826],[120.65096,24.0977],[120.64896,24.09363],[120.64846,24.09223],[120.64825,24.09236],[120.64818,24.09225],[120.64804,24.09168],[120.64786,24.09126],[120.64637,24.09164],[120.64449,24.09201],[120.64356,24.09193],[120.64244,24.09198],[120.64207,24.09206],[120.64119,24.09235],[120.64062,24.0927],[120.63992,24.09299],[120.63937,24.09309],[120.63809,24.09293],[120.63769,24.09277],[120.63648,24.09276],[120.6351,24.09281],[120.63428,24.09304],[120.63299,24.09355],[120.63217,24.09403],[120.63182,24.09433],[120.63152,24.09464],[120.63113,24.0952],[120.63041,24.09649],[120.62957,24.09757],[120.62872,24.09796],[120.62813,24.09832],[120.62784,24.09855],[120.62699,24.09949],[120.62803,24.09977],[120.62951,24.10059],[120.63017,24.10126],[120.63078,24.10164],[120.63316,24.10233],[120.63417,24.10229],[120.63591,24.102],[120.63647,24.10179],[120.63688,24.10175],[120.63737,24.10188],[120.63801,24.10216],[120.63863,24.10229],[120.63929,24.10226],[120.64188,24.10182],[120.6424,24.1006],[120.64236,24.10037],[120.64255,24.09967],[120.64262,24.09956],[120.64288,24.09952],[120.64292,24.09917],[120.64321,24.09842],[120.64343,24.0982],[120.64355,24.0981]]]}},{"type":"Feature","properties":{"c":"66000230011","t":"烏日區","v":"東園里"},"geometry":{"type":"Polygon","coordinates":[[[120.62699,24.09949],[120.62784,24.09855],[120.62813,24.09832],[120.62872,24.09796],[120.62957,24.09757],[120.63041,24.09649],[120.63113,24.0952],[120.63152,24.09464],[120.63217,24.09403],[120.63299,24.09355],[120.63428,24.09304],[120.6351,24.09281],[120.63769,24.09277],[120.63809,24.09293],[120.63937,24.09309],[120.63992,24.09299],[120.64062,24.0927],[120.64119,24.09235],[120.64207,24.09206],[120.64244,24.09198],[120.64356,24.09193],[120.64333,24.09159],[120.64275,24.09123],[120.64238,24.09049],[120.64195,24.08994],[120.64182,24.08964],[120.64175,24.0892],[120.6411,24.08818],[120.64081,24.08761],[120.64039,24.08634],[120.64012,24.0833],[120.63891,24.07989],[120.63865,24.07888],[120.63849,24.07573],[120.63836,24.07512],[120.63808,24.07198],[120.63812,24.07098],[120.63784,24.06871],[120.63755,24.06852],[120.63712,24.06859],[120.63557,24.06923],[120.6342,24.07041],[120.63265,24.07209],[120.6322,24.07269],[120.63165,24.07373],[120.63101,24.07476],[120.63084,24.07535],[120.63053,24.07687],[120.63031,24.07838],[120.63022,24.07936],[120.63025,24.08043],[120.63019,24.08091],[120.6299,24.08144],[120.62961,24.08186],[120.62869,24.08277],[120.62806,24.08351],[120.62779,24.08399],[120.62705,24.08478],[120.6265,24.08517],[120.62503,24.08666],[120.62421,24.08737],[120.62379,24.08795],[120.62321,24.08905],[120.6225,24.09006],[120.62219,24.0907],[120.62187,24.09198],[120.62176,24.09272],[120.62177,24.09848],[120.62195,24.09976],[120.62191,24.10025],[120.62179,24.10067],[120.62169,24.10078],[120.62244,24.10106],[120.6234,24.10109],[120.62414,24.10095],[120.62498,24.10069],[120.62601,24.10027],[120.62653,24.09994],[120.62699,24.09949]]]}},{"type":"Feature","properties":{"c":"66000230012","t":"烏日區","v":"溪埧里"},"geometry":{"type":"Polygon","coordinates":[[[120.64493,24.09193],[120.64637,24.09164],[120.64786,24.09126],[120.64778,24.09094],[120.64782,24.09042],[120.64818,24.08988],[120.64813,24.08965],[120.64787,24.08924],[120.64778,24.08897],[120.64796,24.08868],[120.64822,24.08689],[120.64906,24.08661],[120.6494,24.08639],[120.64946,24.08583],[120.64971,24.0851],[120.65016,24.08466],[120.65067,24.08428],[120.65132,24.08348],[120.65168,24.0828],[120.65214,24.08214],[120.6518,24.08192],[120.65179,24.08184],[120.65213,24.08143],[120.65249,24.08138],[120.65259,24.0813],[120.6526,24.08123],[120.65139,24.08044],[120.6505,24.07899],[120.65036,24.07792],[120.65039,24.07692],[120.65043,24.0767],[120.65077,24.07617],[120.65084,24.07585],[120.65073,24.07457],[120.65045,24.07364],[120.65053,24.07318],[120.65101,24.07242],[120.65139,24.07198],[120.65198,24.07157],[120.65218,24.07129],[120.65269,24.07006],[120.65312,24.06869],[120.653,24.06803],[120.65296,24.06675],[120.65317,24.06632],[120.65206,24.06653],[120.65103,24.06682],[120.64956,24.06752],[120.64813,24.06918],[120.64729,24.07056],[120.64689,24.07082],[120.64647,24.07087],[120.64622,24.07076],[120.64484,24.06977],[120.64416,24.06989],[120.64378,24.06979],[120.64252,24.06965],[120.64223,24.06966],[120.64199,24.0698],[120.64089,24.07076],[120.64006,24.07103],[120.63865,24.07114],[120.63812,24.07098],[120.63808,24.07198],[120.63836,24.07512],[120.63849,24.07573],[120.63865,24.07888],[120.63891,24.07989],[120.64012,24.0833],[120.64039,24.08634],[120.64056,24.08696],[120.6411,24.08818],[120.64175,24.0892],[120.64182,24.08964],[120.64195,24.08994],[120.64238,24.09049],[120.64275,24.09123],[120.64333,24.09159],[120.64356,24.09193],[120.64449,24.09201],[120.64493,24.09193]]]}},{"type":"Feature","properties":{"c":"66000230013","t":"烏日區","v":"螺潭里"},"geometry":{"type":"Polygon","coordinates":[[[120.61459,24.10241],[120.61565,24.10222],[120.61817,24.10191],[120.61905,24.10172],[120.62169,24.10078],[120.62179,24.10067],[120.62191,24.10025],[120.62195,24.09976],[120.62177,24.09848],[120.62176,24.09272],[120.62187,24.09198],[120.62219,24.0907],[120.6225,24.09006],[120.62321,24.08905],[120.62379,24.08795],[120.62421,24.08737],[120.62503,24.08666],[120.6265,24.08517],[120.62705,24.08478],[120.62779,24.08399],[120.62806,24.08351],[120.62869,24.08277],[120.62961,24.08186],[120.6299,24.08144],[120.63019,24.08091],[120.63025,24.08043],[120.63022,24.07936],[120.63031,24.07838],[120.63053,24.07687],[120.63101,24.07476],[120.63165,24.07373],[120.6322,24.07269],[120.63265,24.07209],[120.6342,24.07041],[120.63557,24.06923],[120.63712,24.06859],[120.63755,24.06852],[120.63784,24.06871],[120.63812,24.07098],[120.63865,24.07114],[120.64006,24.07103],[120.64089,24.07076],[120.64199,24.0698],[120.64223,24.06966],[120.64252,24.06965],[120.64378,24.06979],[120.64416,24.06989],[120.64484,24.06977],[120.64622,24.07076],[120.64647,24.07087],[120.64689,24.07082],[120.64729,24.07056],[120.64813,24.06918],[120.64956,24.06752],[120.65103,24.06682],[120.65206,24.06653],[120.65317,24.06632],[120.65358,24.06575],[120.65452,24.06554],[120.65479,24.06543],[120.65536,24.06506],[120.65558,24.06463],[120.65622,24.06414],[120.65647,24.06378],[120.65667,24.06382],[120.65678,24.06401],[120.65695,24.06401],[120.6581,24.06354],[120.65828,24.06335],[120.65848,24.06327],[120.65858,24.06328],[120.65884,24.06356],[120.65901,24.06352],[120.65926,24.06318],[120.65985,24.06278],[120.66021,24.06108],[120.65905,24.06085],[120.65825,24.06059],[120.65705,24.06061],[120.65555,24.06041],[120.65224,24.05961],[120.65119,24.05942],[120.65065,24.05944],[120.64879,24.05973],[120.64552,24.0577],[120.6451,24.05755],[120.64412,24.05705],[120.64334,24.05643],[120.64253,24.05602],[120.64112,24.05515],[120.64055,24.05463],[120.63977,24.05334],[120.6392,24.05221],[120.6384,24.0532],[120.6375,24.05391],[120.63502,24.05629],[120.63418,24.05752],[120.63285,24.05864],[120.6325,24.05886],[120.63105,24.05951],[120.63047,24.05965],[120.62711,24.06162],[120.62567,24.06207],[120.62549,24.06303],[120.62534,24.06536],[120.62545,24.06776],[120.62538,24.06874],[120.62535,24.06895],[120.62462,24.07069],[120.62445,24.07097],[120.62399,24.07148],[120.62278,24.07235],[120.62247,24.07252],[120.62198,24.07264],[120.62114,24.07231],[120.62068,24.07232],[120.62015,24.07255],[120.61967,24.07304],[120.61866,24.07509],[120.617,24.07942],[120.61668,24.08091],[120.61633,24.08193],[120.61517,24.08429],[120.61499,24.08482],[120.61491,24.08593],[120.61511,24.08672],[120.61492,24.08837],[120.6149,24.08999],[120.61473,24.0911],[120.61452,24.09215],[120.61405,24.09319],[120.61342,24.09531],[120.61317,24.09689],[120.61324,24.09812],[120.61307,24.09847],[120.61249,24.09919],[120.61247,24.09956],[120.61236,24.09986],[120.61236,24.10036],[120.61245,24.10045],[120.61246,24.10244],[120.61341,24.10245],[120.61459,24.10241]]]}},{"type":"Feature","properties":{"c":"66000230014","t":"烏日區","v":"北里里"},"geometry":{"type":"Polygon","coordinates":[[[120.65634,24.05087],[120.6551,24.05095],[120.65449,24.05111],[120.65393,24.05142],[120.65307,24.0522],[120.65263,24.05243],[120.65142,24.05273],[120.65082,24.05299],[120.64956,24.05394],[120.64924,24.05425],[120.64892,24.05497],[120.64883,24.05546],[120.64804,24.05571],[120.64767,24.05568],[120.64683,24.05522],[120.64662,24.05504],[120.64713,24.05391],[120.64714,24.05373],[120.646,24.05299],[120.64582,24.05294],[120.64481,24.05395],[120.64448,24.05404],[120.64432,24.05389],[120.6442,24.05004],[120.64452,24.04837],[120.64457,24.04574],[120.64428,24.04598],[120.64381,24.04665],[120.6422,24.04841],[120.64139,24.04953],[120.6392,24.05221],[120.63977,24.05334],[120.64055,24.05463],[120.64112,24.05515],[120.64253,24.05602],[120.64334,24.05643],[120.64412,24.05705],[120.6451,24.05755],[120.64552,24.0577],[120.64879,24.05973],[120.65065,24.05944],[120.65119,24.05942],[120.65224,24.05961],[120.65555,24.06041],[120.65705,24.06061],[120.65825,24.06059],[120.6594,24.06091],[120.65943,24.06063],[120.65993,24.06054],[120.66033,24.06037],[120.66115,24.05982],[120.66162,24.05932],[120.66207,24.05911],[120.66249,24.05813],[120.66259,24.05772],[120.6625,24.05765],[120.66222,24.05777],[120.66186,24.05764],[120.66188,24.05743],[120.66182,24.05734],[120.6614,24.05725],[120.66078,24.0569],[120.6604,24.05641],[120.66056,24.05593],[120.66092,24.05518],[120.6609,24.05468],[120.661,24.05388],[120.66083,24.05351],[120.66013,24.05282],[120.66,24.05261],[120.65994,24.052],[120.65998,24.05099],[120.65909,24.0509],[120.6581,24.05092],[120.65634,24.05087]]]}},{"type":"Feature","properties":{"c":"66000230015","t":"烏日區","v":"南里里"},"geometry":{"type":"Polygon","coordinates":[[[120.65634,24.05087],[120.65909,24.0509],[120.65998,24.05099],[120.65997,24.05103],[120.66011,24.05062],[120.66083,24.04925],[120.66068,24.04831],[120.66081,24.04797],[120.6607,24.0472],[120.66077,24.0469],[120.66085,24.04673],[120.66124,24.04636],[120.66183,24.04592],[120.66204,24.04564],[120.66207,24.04542],[120.66167,24.04544],[120.66111,24.04565],[120.6607,24.0459],[120.65964,24.04674],[120.65939,24.04672],[120.6591,24.04659],[120.65836,24.04592],[120.65844,24.04529],[120.65872,24.0444],[120.65864,24.04412],[120.65831,24.04348],[120.65834,24.04327],[120.6586,24.04271],[120.65873,24.04192],[120.65868,24.04178],[120.65853,24.04175],[120.65768,24.04172],[120.65871,24.03957],[120.65809,24.03954],[120.65767,24.03938],[120.65737,24.03943],[120.65583,24.0401],[120.65503,24.04058],[120.65441,24.04047],[120.65299,24.03978],[120.65139,24.04176],[120.65107,24.04155],[120.65048,24.04099],[120.64994,24.04037],[120.64961,24.03983],[120.64958,24.03935],[120.64976,24.03849],[120.64649,24.04239],[120.64598,24.04317],[120.64524,24.04466],[120.64511,24.04505],[120.64457,24.04574],[120.64452,24.04837],[120.6442,24.05004],[120.64432,24.05389],[120.64448,24.05404],[120.64481,24.05395],[120.64582,24.05294],[120.646,24.05299],[120.64714,24.05373],[120.64713,24.05391],[120.64662,24.05504],[120.64683,24.05522],[120.64767,24.05568],[120.64804,24.05571],[120.64883,24.05546],[120.64892,24.05497],[120.64924,24.05425],[120.64956,24.05394],[120.65082,24.05299],[120.65142,24.05273],[120.65263,24.05243],[120.65307,24.0522],[120.65393,24.05142],[120.65449,24.05111],[120.6551,24.05095],[120.65634,24.05087]]]}},{"type":"Feature","properties":{"c":"66000230016","t":"烏日區","v":"溪尾里"},"geometry":{"type":"Polygon","coordinates":[[[120.6392,24.05221],[120.64139,24.04953],[120.6422,24.04841],[120.64381,24.04665],[120.64428,24.04598],[120.64457,24.04574],[120.64511,24.04505],[120.64524,24.04466],[120.64598,24.04317],[120.64649,24.04239],[120.64976,24.0385],[120.64997,24.03783],[120.65067,24.03648],[120.65247,24.03404],[120.65572,24.03068],[120.65181,24.02851],[120.64971,24.03072],[120.64952,24.03078],[120.64931,24.03067],[120.64922,24.03073],[120.64656,24.03394],[120.6464,24.03402],[120.64516,24.0343],[120.64461,24.03344],[120.64474,24.03324],[120.64483,24.03281],[120.64477,24.03279],[120.64453,24.0329],[120.64444,24.03231],[120.64484,24.03106],[120.64518,24.03045],[120.6455,24.03001],[120.6455,24.02959],[120.64566,24.02871],[120.64618,24.02834],[120.64626,24.0269],[120.64621,24.02667],[120.64613,24.02662],[120.64486,24.02593],[120.64464,24.02588],[120.64407,24.02613],[120.64358,24.02622],[120.64319,24.02636],[120.64193,24.02737],[120.64115,24.02745],[120.6406,24.02728],[120.64027,24.02728],[120.6397,24.02752],[120.63884,24.02775],[120.63848,24.02807],[120.63754,24.02853],[120.63711,24.02886],[120.63677,24.02934],[120.63615,24.03105],[120.63515,24.03112],[120.63508,24.03096],[120.63399,24.03108],[120.63227,24.03041],[120.6314,24.03015],[120.62866,24.02962],[120.62745,24.02968],[120.62598,24.02988],[120.62532,24.03008],[120.62472,24.03066],[120.62447,24.03099],[120.62418,24.03161],[120.62411,24.03267],[120.62413,24.03303],[120.62423,24.03337],[120.62448,24.03378],[120.62632,24.03577],[120.62726,24.03718],[120.62784,24.03775],[120.62811,24.03835],[120.62803,24.03909],[120.62763,24.04039],[120.62725,24.04084],[120.62625,24.04141],[120.62602,24.04162],[120.62576,24.04408],[120.6258,24.04681],[120.62565,24.04724],[120.62544,24.04753],[120.6245,24.04824],[120.62448,24.04936],[120.62353,24.05175],[120.62343,24.05212],[120.6235,24.05301],[120.62359,24.05326],[120.62424,24.05434],[120.62458,24.05523],[120.62484,24.0557],[120.6256,24.05675],[120.62567,24.05695],[120.62553,24.05972],[120.62567,24.06207],[120.62711,24.06162],[120.63047,24.05965],[120.63105,24.05951],[120.6325,24.05886],[120.63285,24.05864],[120.63418,24.05752],[120.63502,24.05629],[120.63589,24.05541],[120.6375,24.05391],[120.6384,24.0532],[120.6392,24.05221]]]}},{"type":"Feature","properties":{"c":"66000240001","t":"大肚區","v":"王田里"},"geometry":{"type":"Polygon","coordinates":[[[120.57549,24.14676],[120.57585,24.14646],[120.5767,24.14613],[120.57739,24.1457],[120.5787,24.14456],[120.57953,24.14396],[120.58044,24.14363],[120.58129,24.14363],[120.58151,24.14352],[120.58184,24.14309],[120.58219,24.14212],[120.58249,24.14188],[120.58305,24.14169],[120.58337,24.14109],[120.5847,24.13908],[120.58517,24.13885],[120.58587,24.13831],[120.58615,24.13805],[120.58647,24.13761],[120.58658,24.13693],[120.5859,24.13504],[120.58573,24.13418],[120.58577,24.13369],[120.5859,24.13356],[120.58608,24.13367],[120.58627,24.1336],[120.58695,24.1325],[120.58758,24.13202],[120.58781,24.13162],[120.5879,24.13102],[120.58818,24.13047],[120.58824,24.12985],[120.58846,24.12956],[120.58848,24.1294],[120.58688,24.12738],[120.58663,24.12725],[120.58633,24.12647],[120.58487,24.12478],[120.58432,24.12375],[120.58378,24.12371],[120.58339,24.12338],[120.58333,24.12325],[120.58344,24.12257],[120.5834,24.12217],[120.58324,24.12149],[120.58298,24.12121],[120.58292,24.12105],[120.58295,24.1209],[120.58337,24.12067],[120.58362,24.12041],[120.585,24.11975],[120.58548,24.11937],[120.58582,24.11894],[120.58587,24.11823],[120.58616,24.11809],[120.58662,24.118],[120.58678,24.11782],[120.5868,24.11763],[120.58634,24.11603],[120.58575,24.11495],[120.58512,24.11405],[120.58479,24.11439],[120.58391,24.11555],[120.58346,24.116],[120.58134,24.11579],[120.57964,24.1161],[120.57797,24.11694],[120.57735,24.11738],[120.57699,24.11558],[120.57301,24.11628],[120.57315,24.11689],[120.57354,24.11706],[120.57326,24.11772],[120.57292,24.11758],[120.57277,24.11768],[120.57216,24.11781],[120.57184,24.11766],[120.5715,24.11787],[120.57104,24.11756],[120.5713,24.11895],[120.56853,24.1197],[120.56865,24.12011],[120.56789,24.12034],[120.56825,24.12116],[120.56937,24.12124],[120.56965,24.12254],[120.56965,24.12271],[120.56944,24.12269],[120.56844,24.12294],[120.56792,24.12301],[120.56713,24.12293],[120.5674,24.12303],[120.5676,24.1232],[120.56788,24.12355],[120.56808,24.12396],[120.56827,24.12496],[120.56826,24.12582],[120.56833,24.12617],[120.56896,24.12682],[120.56913,24.12765],[120.56904,24.12841],[120.56926,24.12937],[120.56945,24.12991],[120.57134,24.13179],[120.57173,24.13233],[120.57202,24.13251],[120.57269,24.13311],[120.57296,24.13383],[120.57348,24.13615],[120.5741,24.13796],[120.57418,24.13857],[120.57414,24.13971],[120.57393,24.14084],[120.57284,24.14547],[120.57365,24.14633],[120.57439,24.14722],[120.5746,24.14766],[120.57468,24.14746],[120.57513,24.14696],[120.57549,24.14676]]]}},{"type":"Feature","properties":{"c":"66000240002","t":"大肚區","v":"中和里"},"geometry":{"type":"Polygon","coordinates":[[[120.56797,24.12052],[120.56789,24.12034],[120.56865,24.12011],[120.56853,24.1197],[120.5713,24.11895],[120.57104,24.11756],[120.5715,24.11787],[120.57184,24.11766],[120.57216,24.11781],[120.57277,24.11768],[120.57292,24.11758],[120.57326,24.11772],[120.57354,24.11706],[120.57315,24.11689],[120.57301,24.11628],[120.57699,24.11558],[120.57735,24.11738],[120.57797,24.11694],[120.57964,24.1161],[120.58134,24.11579],[120.58346,24.116],[120.58391,24.11555],[120.58479,24.11439],[120.58512,24.11405],[120.58448,24.11308],[120.58382,24.11257],[120.58339,24.11238],[120.5827,24.1124],[120.58209,24.11189],[120.58204,24.1114],[120.58166,24.11063],[120.58159,24.11028],[120.58155,24.10991],[120.58181,24.10954],[120.57984,24.10955],[120.57833,24.10947],[120.57722,24.10961],[120.57663,24.10958],[120.57599,24.10934],[120.5753,24.10894],[120.57332,24.10836],[120.57275,24.10829],[120.5656,24.10982],[120.56292,24.11077],[120.56404,24.11404],[120.56446,24.11445],[120.56499,24.1148],[120.56491,24.11522],[120.56467,24.11556],[120.56482,24.11597],[120.56484,24.1163],[120.56539,24.11818],[120.56547,24.11868],[120.56561,24.1189],[120.56603,24.12107],[120.56724,24.12072],[120.56797,24.12052]]]}},{"type":"Feature","properties":{"c":"66000240003","t":"大肚區","v":"福山里"},"geometry":{"type":"Polygon","coordinates":[[[120.57167,24.14219],[120.57218,24.14448],[120.57257,24.14518],[120.57284,24.14547],[120.57393,24.14084],[120.57414,24.13971],[120.57418,24.13857],[120.5741,24.13796],[120.57348,24.13615],[120.57296,24.13383],[120.57269,24.13311],[120.57202,24.13251],[120.57173,24.13233],[120.57134,24.13179],[120.56945,24.12991],[120.56926,24.12937],[120.56904,24.12841],[120.56913,24.12765],[120.56896,24.12682],[120.56833,24.12617],[120.56826,24.12582],[120.56827,24.12496],[120.56808,24.12396],[120.56788,24.12355],[120.5676,24.1232],[120.5674,24.12303],[120.56713,24.12293],[120.56792,24.12301],[120.56944,24.12269],[120.56965,24.12271],[120.56937,24.12124],[120.56825,24.12116],[120.5681,24.12083],[120.56276,24.12219],[120.56268,24.12403],[120.56151,24.12366],[120.56086,24.12333],[120.56069,24.1231],[120.5596,24.12374],[120.5612,24.12527],[120.56081,24.12569],[120.56076,24.12599],[120.56081,24.12702],[120.56098,24.12776],[120.56122,24.12793],[120.56088,24.12795],[120.56071,24.12804],[120.56061,24.12831],[120.56069,24.12877],[120.56185,24.13044],[120.5622,24.13108],[120.56226,24.13187],[120.56267,24.13207],[120.56312,24.1321],[120.56393,24.1324],[120.56412,24.13256],[120.56415,24.13297],[120.56514,24.13367],[120.56624,24.13482],[120.56638,24.13557],[120.56652,24.13594],[120.56888,24.13819],[120.56973,24.13929],[120.57063,24.14012],[120.57167,24.14219]]]}},{"type":"Feature","properties":{"c":"66000240004","t":"大肚區","v":"營埔里"},"geometry":{"type":"Polygon","coordinates":[[[120.5596,24.12374],[120.56069,24.1231],[120.56086,24.12333],[120.56151,24.12366],[120.56268,24.12403],[120.56276,24.12219],[120.5681,24.12083],[120.56797,24.12052],[120.56603,24.12107],[120.56561,24.1189],[120.56547,24.11868],[120.56539,24.11818],[120.56484,24.1163],[120.56482,24.11597],[120.56467,24.11556],[120.56491,24.11522],[120.56499,24.1148],[120.56446,24.11445],[120.56404,24.11404],[120.56292,24.11077],[120.55803,24.11254],[120.55369,24.11281],[120.55307,24.11316],[120.552,24.11353],[120.54969,24.11388],[120.54901,24.11422],[120.54658,24.11609],[120.54603,24.11634],[120.54565,24.11634],[120.54549,24.1164],[120.54523,24.11662],[120.54507,24.11688],[120.54745,24.11855],[120.54828,24.1193],[120.54985,24.12023],[120.55026,24.12019],[120.55059,24.11988],[120.55077,24.11981],[120.55088,24.12015],[120.54991,24.12303],[120.54778,24.1259],[120.54781,24.12834],[120.54985,24.12849],[120.54991,24.12857],[120.55119,24.12779],[120.55168,24.12741],[120.5523,24.12682],[120.55319,24.12582],[120.55676,24.12607],[120.55815,24.12417],[120.55929,24.12341],[120.5596,24.12374]]]}},{"type":"Feature","properties":{"c":"66000240005","t":"大肚區","v":"社腳里"},"geometry":{"type":"Polygon","coordinates":[[[120.54991,24.12857],[120.54986,24.1286],[120.54993,24.12942],[120.54978,24.13119],[120.55063,24.13307],[120.55138,24.1329],[120.55169,24.13307],[120.55201,24.13312],[120.55119,24.13429],[120.55174,24.13391],[120.55202,24.13409],[120.55196,24.13455],[120.55262,24.13511],[120.5527,24.13529],[120.55276,24.13635],[120.55294,24.13656],[120.55342,24.13638],[120.55383,24.13682],[120.55495,24.13693],[120.55516,24.13701],[120.55551,24.13698],[120.55549,24.13775],[120.55591,24.13765],[120.55616,24.13744],[120.55773,24.13724],[120.55931,24.1376],[120.56006,24.1381],[120.56071,24.13866],[120.56162,24.13919],[120.56224,24.13933],[120.56473,24.13929],[120.5652,24.13941],[120.57112,24.14202],[120.57167,24.14219],[120.57063,24.14012],[120.56973,24.13929],[120.56888,24.13819],[120.56652,24.13594],[120.56638,24.13557],[120.56624,24.13482],[120.56514,24.13367],[120.56415,24.13297],[120.56412,24.13256],[120.56393,24.1324],[120.56312,24.1321],[120.56267,24.13207],[120.56226,24.13187],[120.5622,24.13108],[120.56185,24.13044],[120.56069,24.12877],[120.56061,24.12831],[120.56071,24.12804],[120.56088,24.12795],[120.56122,24.12793],[120.56098,24.12776],[120.56081,24.12702],[120.56076,24.12599],[120.56081,24.12569],[120.5612,24.12527],[120.55929,24.12341],[120.55815,24.12417],[120.55676,24.12607],[120.55319,24.12582],[120.5523,24.12682],[120.55168,24.12741],[120.55028,24.12838],[120.54991,24.12857]]]}},{"type":"Feature","properties":{"c":"66000240006","t":"大肚區","v":"新興里"},"geometry":{"type":"Polygon","coordinates":[[[120.57431,24.14899],[120.57445,24.14804],[120.5746,24.14766],[120.57439,24.14722],[120.57365,24.14633],[120.57257,24.14518],[120.57218,24.14448],[120.57167,24.14219],[120.57112,24.14202],[120.5652,24.13941],[120.56473,24.13929],[120.56224,24.13933],[120.56162,24.13919],[120.56071,24.13866],[120.56006,24.1381],[120.55931,24.1376],[120.55773,24.13724],[120.55616,24.13744],[120.55591,24.13765],[120.55549,24.13775],[120.55551,24.13698],[120.55516,24.13701],[120.55495,24.13693],[120.55383,24.13682],[120.55342,24.13638],[120.55294,24.13656],[120.55276,24.13635],[120.5527,24.13529],[120.55262,24.13511],[120.55196,24.13455],[120.55202,24.13409],[120.55174,24.13391],[120.55119,24.13429],[120.55201,24.13312],[120.55169,24.13307],[120.55138,24.1329],[120.55063,24.13307],[120.54978,24.13119],[120.54993,24.12942],[120.54986,24.1286],[120.54991,24.12857],[120.54985,24.12849],[120.54781,24.12834],[120.54778,24.1259],[120.54991,24.12303],[120.55088,24.12015],[120.55081,24.11985],[120.55077,24.11981],[120.55059,24.11988],[120.55026,24.12019],[120.54985,24.12023],[120.54828,24.1193],[120.54745,24.11855],[120.54507,24.11688],[120.54415,24.11819],[120.54256,24.12077],[120.54145,24.12238],[120.54112,24.12341],[120.54092,24.12366],[120.54035,24.12397],[120.53929,24.12428],[120.53651,24.12494],[120.53552,24.1253],[120.53466,24.1254],[120.53411,24.12556],[120.53311,24.12606],[120.53268,24.12643],[120.53131,24.12812],[120.53072,24.12901],[120.5299,24.13075],[120.52937,24.13166],[120.52886,24.13236],[120.52809,24.13319],[120.52761,24.13417],[120.52693,24.135],[120.52369,24.13946],[120.52345,24.1399],[120.52336,24.14021],[120.52329,24.14095],[120.52367,24.14136],[120.52576,24.14137],[120.52776,24.14117],[120.52934,24.14086],[120.54262,24.13925],[120.5442,24.14471],[120.54428,24.14459],[120.54626,24.14439],[120.54622,24.14457],[120.54673,24.14507],[120.54854,24.14559],[120.55006,24.14561],[120.55163,24.14546],[120.55152,24.14573],[120.5527,24.14577],[120.55402,24.14613],[120.55358,24.1473],[120.55373,24.14787],[120.55438,24.14756],[120.55559,24.14753],[120.55615,24.1478],[120.55803,24.14828],[120.55822,24.14841],[120.55889,24.14864],[120.55953,24.14867],[120.55987,24.14878],[120.56028,24.14912],[120.56117,24.14957],[120.56202,24.1504],[120.56277,24.15102],[120.56658,24.15283],[120.56838,24.15373],[120.56897,24.1541],[120.56987,24.15277],[120.57132,24.15153],[120.57256,24.15079],[120.57369,24.14986],[120.57369,24.14967],[120.57428,24.14902],[120.57431,24.14899]]]}},{"type":"Feature","properties":{"c":"66000240007","t":"大肚區","v":"大東里"},"geometry":{"type":"Polygon","coordinates":[[[120.56252,24.16087],[120.56464,24.15825],[120.56732,24.15586],[120.56897,24.1541],[120.56838,24.15373],[120.56658,24.15283],[120.56277,24.15102],[120.56202,24.1504],[120.56117,24.14957],[120.56028,24.14912],[120.55987,24.14878],[120.55953,24.14867],[120.55889,24.14864],[120.55822,24.14841],[120.55803,24.14828],[120.55615,24.1478],[120.55559,24.14753],[120.55438,24.14756],[120.55373,24.14787],[120.55358,24.1473],[120.55402,24.14613],[120.5527,24.14577],[120.55152,24.14573],[120.55163,24.14546],[120.55006,24.14561],[120.54854,24.14559],[120.54674,24.14507],[120.5468,24.14554],[120.54671,24.14569],[120.54644,24.14579],[120.54624,24.14595],[120.54603,24.14646],[120.54608,24.14787],[120.54587,24.14818],[120.54592,24.14858],[120.54581,24.14877],[120.54585,24.14936],[120.54622,24.14954],[120.54639,24.14976],[120.54612,24.15098],[120.54639,24.15093],[120.54704,24.15108],[120.54813,24.15121],[120.54847,24.15138],[120.54954,24.15163],[120.5505,24.15174],[120.55106,24.15197],[120.55139,24.15237],[120.55132,24.1525],[120.5511,24.15263],[120.55081,24.15327],[120.55104,24.15367],[120.55101,24.1538],[120.55053,24.15377],[120.55034,24.15409],[120.55073,24.15449],[120.55078,24.15495],[120.5506,24.1552],[120.55045,24.15522],[120.55073,24.15561],[120.55095,24.1558],[120.55138,24.15596],[120.55152,24.15607],[120.55158,24.15638],[120.55201,24.15645],[120.55255,24.15671],[120.551,24.15818],[120.5507,24.15872],[120.55072,24.15891],[120.55093,24.159],[120.55127,24.15903],[120.55207,24.15886],[120.55255,24.15935],[120.55254,24.15951],[120.55223,24.15983],[120.55228,24.16004],[120.55244,24.16006],[120.55264,24.15996],[120.55292,24.15957],[120.55307,24.15949],[120.55321,24.15955],[120.55322,24.1597],[120.55311,24.1599],[120.55325,24.16003],[120.55455,24.1601],[120.55603,24.16061],[120.55669,24.1605],[120.55715,24.16049],[120.55736,24.16061],[120.55741,24.16085],[120.55718,24.16115],[120.55717,24.16129],[120.55727,24.16134],[120.55747,24.16127],[120.55805,24.16071],[120.55861,24.16042],[120.56038,24.16048],[120.56122,24.16103],[120.56151,24.16109],[120.56252,24.16087]]]}},{"type":"Feature","properties":{"c":"66000240008","t":"大肚區","v":"大肚里"},"geometry":{"type":"Polygon","coordinates":[[[120.54136,24.15175],[120.54156,24.15168],[120.54284,24.15171],[120.54499,24.15223],[120.54505,24.15204],[120.5454,24.15196],[120.54529,24.15277],[120.54603,24.15292],[120.54588,24.15353],[120.54508,24.15334],[120.54485,24.15447],[120.54572,24.15478],[120.54601,24.15357],[120.55065,24.15437],[120.55034,24.15409],[120.55053,24.15377],[120.55101,24.1538],[120.55104,24.15367],[120.55081,24.15327],[120.5511,24.15263],[120.55132,24.1525],[120.55139,24.15237],[120.55106,24.15197],[120.5505,24.15174],[120.54954,24.15163],[120.54847,24.15138],[120.54813,24.15121],[120.54704,24.15108],[120.54639,24.15093],[120.54612,24.15098],[120.54639,24.14976],[120.54622,24.14954],[120.54585,24.14936],[120.54581,24.14877],[120.54592,24.14858],[120.54587,24.14818],[120.54538,24.14886],[120.5444,24.14934],[120.54299,24.15046],[120.54246,24.15059],[120.5415,24.15114],[120.54155,24.15133],[120.54136,24.15175]]]}},{"type":"Feature","properties":{"c":"66000240009","t":"大肚區","v":"永和里"},"geometry":{"type":"Polygon","coordinates":[[[120.54136,24.15175],[120.54155,24.15133],[120.5415,24.15114],[120.54246,24.15059],[120.54299,24.15046],[120.5444,24.14934],[120.54538,24.14886],[120.54608,24.14787],[120.54602,24.14658],[120.54619,24.14603],[120.54644,24.14579],[120.54671,24.14569],[120.54681,24.14547],[120.54674,24.14507],[120.54622,24.14457],[120.54626,24.14439],[120.54428,24.14459],[120.5442,24.14471],[120.54262,24.13925],[120.53855,24.13972],[120.53992,24.14971],[120.54052,24.14953],[120.54058,24.15111],[120.54084,24.15205],[120.54098,24.152],[120.54136,24.15175]]]}},{"type":"Feature","properties":{"c":"66000240010","t":"大肚區","v":"磺溪里"},"geometry":{"type":"Polygon","coordinates":[[[120.53861,24.15575],[120.53925,24.15445],[120.53954,24.15346],[120.54084,24.15205],[120.54058,24.15111],[120.54052,24.14953],[120.53992,24.14971],[120.53855,24.13972],[120.52934,24.14086],[120.52776,24.14117],[120.52576,24.14137],[120.52367,24.14136],[120.52441,24.14241],[120.52479,24.14314],[120.52525,24.14427],[120.52567,24.14604],[120.52587,24.14854],[120.52581,24.14902],[120.52548,24.1499],[120.525,24.15093],[120.52452,24.1524],[120.52412,24.15298],[120.52362,24.15345],[120.52305,24.15449],[120.53078,24.15452],[120.53153,24.15389],[120.53322,24.15282],[120.53403,24.15252],[120.53441,24.15558],[120.53529,24.15541],[120.53557,24.15496],[120.53632,24.15423],[120.53656,24.15605],[120.53861,24.15575]]]}},{"type":"Feature","properties":{"c":"66000240011","t":"大肚區","v":"永順里"},"geometry":{"type":"Polygon","coordinates":[[[120.53624,24.1656],[120.53655,24.16285],[120.53682,24.16126],[120.53719,24.16044],[120.53761,24.1586],[120.53861,24.15575],[120.53656,24.15605],[120.53632,24.15423],[120.53557,24.15496],[120.53529,24.15541],[120.53441,24.15558],[120.53403,24.15252],[120.53322,24.15282],[120.53153,24.15389],[120.53078,24.15452],[120.52305,24.15449],[120.52171,24.15698],[120.5208,24.15851],[120.52019,24.16],[120.52001,24.16079],[120.51989,24.16097],[120.519,24.16314],[120.51808,24.16443],[120.51734,24.16573],[120.52715,24.16513],[120.53125,24.16452],[120.53115,24.16613],[120.53624,24.1656]]]}},{"type":"Feature","properties":{"c":"66000240012","t":"大肚區","v":"成功里"},"geometry":{"type":"Polygon","coordinates":[[[120.52555,24.17667],[120.52583,24.17667],[120.52612,24.17603],[120.53031,24.17562],[120.53033,24.17544],[120.53111,24.17534],[120.53121,24.17522],[120.53317,24.17496],[120.53341,24.17483],[120.5337,24.17482],[120.53359,24.17346],[120.53349,24.17311],[120.53608,24.17286],[120.53603,24.1673],[120.53624,24.1656],[120.53115,24.16613],[120.53125,24.16452],[120.52715,24.16513],[120.51734,24.16573],[120.51589,24.16934],[120.51429,24.17278],[120.51261,24.17696],[120.51941,24.17675],[120.52555,24.17667]]]}},{"type":"Feature","properties":{"c":"66000240013","t":"大肚區","v":"山陽里"},"geometry":{"type":"Polygon","coordinates":[[[120.55508,24.17234],[120.55582,24.17295],[120.55643,24.17312],[120.55712,24.17355],[120.55849,24.17041],[120.55899,24.16878],[120.56036,24.16549],[120.55935,24.16489],[120.55651,24.16418],[120.55498,24.16365],[120.5524,24.16328],[120.54913,24.16315],[120.54812,24.16299],[120.54714,24.16316],[120.54632,24.16298],[120.54595,24.16236],[120.54427,24.16262],[120.54419,24.16349],[120.54355,24.16357],[120.54207,24.16354],[120.5406,24.16251],[120.53982,24.16555],[120.53938,24.16704],[120.53912,24.16891],[120.53604,24.16925],[120.53608,24.17286],[120.53739,24.17272],[120.53772,24.17276],[120.53817,24.17271],[120.53835,24.17263],[120.5386,24.17163],[120.54023,24.17123],[120.54122,24.17081],[120.54185,24.17068],[120.5426,24.17073],[120.54284,24.17166],[120.54342,24.17175],[120.54498,24.17158],[120.54624,24.17133],[120.5476,24.17121],[120.54851,24.17095],[120.5492,24.17098],[120.54979,24.1708],[120.55025,24.17101],[120.55061,24.17109],[120.55097,24.17138],[120.55149,24.17146],[120.55185,24.17122],[120.55233,24.17105],[120.55315,24.17091],[120.55372,24.1711],[120.55422,24.17139],[120.55481,24.17204],[120.55508,24.17234]]]}},{"type":"Feature","properties":{"c":"66000240014","t":"大肚區","v":"頂街里"},"geometry":{"type":"Polygon","coordinates":[[[120.53604,24.16925],[120.53912,24.16891],[120.53938,24.16704],[120.53982,24.16555],[120.5406,24.16251],[120.54207,24.16354],[120.54355,24.16357],[120.54419,24.16349],[120.54427,24.16262],[120.54595,24.16236],[120.54632,24.16298],[120.54714,24.16316],[120.54812,24.16299],[120.54913,24.16315],[120.5524,24.16328],[120.55498,24.16365],[120.55651,24.16418],[120.55935,24.16489],[120.56036,24.16549],[120.56237,24.16108],[120.56252,24.16087],[120.56151,24.16109],[120.56122,24.16103],[120.56038,24.16048],[120.55861,24.16042],[120.55805,24.16071],[120.55747,24.16127],[120.55727,24.16134],[120.55717,24.16129],[120.55718,24.16115],[120.55741,24.16085],[120.55736,24.16061],[120.55715,24.16049],[120.55669,24.1605],[120.55603,24.16061],[120.55455,24.1601],[120.55325,24.16003],[120.55311,24.1599],[120.55322,24.1597],[120.55321,24.15955],[120.55307,24.15949],[120.55292,24.15957],[120.55264,24.15996],[120.55244,24.16006],[120.55228,24.16004],[120.55223,24.15983],[120.55254,24.15951],[120.55255,24.15935],[120.55207,24.15886],[120.55127,24.15903],[120.55093,24.159],[120.55072,24.15891],[120.5507,24.15872],[120.551,24.15818],[120.55255,24.15671],[120.55201,24.15645],[120.55158,24.15638],[120.55152,24.15607],[120.55138,24.15596],[120.55095,24.1558],[120.55073,24.15561],[120.55045,24.15522],[120.5506,24.1552],[120.55078,24.15495],[120.55073,24.15449],[120.55065,24.15437],[120.54601,24.15357],[120.54572,24.15478],[120.54485,24.15447],[120.54508,24.15334],[120.54588,24.15353],[120.54603,24.15292],[120.54529,24.15277],[120.5454,24.15196],[120.54505,24.15204],[120.54499,24.15223],[120.54284,24.15171],[120.54156,24.15168],[120.54084,24.15205],[120.53954,24.15346],[120.53925,24.15445],[120.53844,24.15611],[120.5379,24.15765],[120.53761,24.1586],[120.53719,24.16044],[120.53682,24.16126],[120.53669,24.16195],[120.53603,24.1673],[120.53604,24.16914],[120.53604,24.16925]]]}},{"type":"Feature","properties":{"c":"66000240015","t":"大肚區","v":"瑞井里"},"geometry":{"type":"Polygon","coordinates":[[[120.56748,24.1709],[120.56747,24.16839],[120.56778,24.16759],[120.56851,24.16718],[120.57128,24.16721],[120.5725,24.16685],[120.57336,24.16828],[120.57784,24.16762],[120.57892,24.16727],[120.58064,24.16705],[120.58263,24.16697],[120.58211,24.1663],[120.58135,24.16512],[120.58094,24.1642],[120.58038,24.16322],[120.57935,24.16108],[120.57901,24.16058],[120.57861,24.15911],[120.5777,24.15671],[120.5777,24.15586],[120.5776,24.15576],[120.57736,24.1557],[120.57454,24.15581],[120.57444,24.15576],[120.57444,24.15476],[120.57455,24.15382],[120.57446,24.15246],[120.57448,24.15154],[120.57427,24.14942],[120.57431,24.14899],[120.57369,24.14967],[120.57369,24.14986],[120.57256,24.15079],[120.57132,24.15153],[120.56987,24.15277],[120.56897,24.1541],[120.56732,24.15586],[120.56464,24.15825],[120.56301,24.16022],[120.56237,24.16108],[120.5604,24.16539],[120.55899,24.16878],[120.55849,24.17041],[120.55712,24.17355],[120.55745,24.17376],[120.55782,24.17364],[120.5581,24.17364],[120.55891,24.17316],[120.55931,24.17306],[120.55975,24.17262],[120.56027,24.17252],[120.56204,24.17237],[120.56273,24.17264],[120.56333,24.17257],[120.56372,24.17273],[120.56417,24.17271],[120.56525,24.17187],[120.56597,24.17165],[120.56649,24.17132],[120.56748,24.1709],[120.56748,24.1709]]]}},{"type":"Feature","properties":{"c":"66000240016","t":"大肚區","v":"蔗廍里"},"geometry":{"type":"Polygon","coordinates":[[[120.57574,24.17553],[120.57564,24.17214],[120.57572,24.17208],[120.57597,24.17201],[120.57657,24.17211],[120.58024,24.17173],[120.58144,24.17136],[120.58225,24.17117],[120.58388,24.17091],[120.58398,24.17073],[120.58469,24.16999],[120.58486,24.16959],[120.58477,24.16939],[120.58311,24.16739],[120.58263,24.16697],[120.58064,24.16705],[120.57892,24.16727],[120.57784,24.16762],[120.57336,24.16828],[120.5725,24.16685],[120.57128,24.16721],[120.56851,24.16718],[120.56778,24.16759],[120.56747,24.16839],[120.56748,24.1709],[120.56887,24.17059],[120.57012,24.17052],[120.57088,24.17032],[120.57093,24.17025],[120.57101,24.17027],[120.57086,24.17063],[120.57096,24.17086],[120.57093,24.17173],[120.57069,24.17303],[120.57071,24.17355],[120.57048,24.17466],[120.57044,24.17522],[120.5704,24.17535],[120.57015,24.17562],[120.57053,24.17638],[120.5719,24.17598],[120.57351,24.17566],[120.57544,24.17555],[120.57574,24.17553]]]}},{"type":"Feature","properties":{"c":"66000240017","t":"大肚區","v":"自強里"},"geometry":{"type":"Polygon","coordinates":[[[120.57979,24.17174],[120.57657,24.17211],[120.57597,24.17201],[120.57564,24.17214],[120.57574,24.17553],[120.58317,24.17453],[120.58366,24.17421],[120.58316,24.17356],[120.58309,24.17273],[120.58358,24.17173],[120.58388,24.17091],[120.58225,24.17117],[120.58144,24.17136],[120.58024,24.17173],[120.57979,24.17174]]]}},{"type":"Feature","properties":{"c":"66000250001","t":"龍井區","v":"竹坑里"},"geometry":{"type":"Polygon","coordinates":[[[120.54592,24.19189],[120.54542,24.18629],[120.54695,24.18603],[120.5477,24.18601],[120.54786,24.18587],[120.54793,24.18565],[120.54806,24.18552],[120.54889,24.1854],[120.54943,24.18552],[120.55055,24.18558],[120.5522,24.18578],[120.55258,24.18573],[120.55499,24.1847],[120.55619,24.1846],[120.55951,24.18464],[120.56097,24.18367],[120.56171,24.18302],[120.55932,24.17919],[120.55655,24.17319],[120.55582,24.17295],[120.55508,24.17234],[120.55422,24.17139],[120.55352,24.17102],[120.55315,24.17091],[120.5526,24.17098],[120.55185,24.17122],[120.55163,24.17139],[120.55138,24.17147],[120.55091,24.17136],[120.55061,24.17109],[120.55025,24.17101],[120.54979,24.1708],[120.5492,24.17098],[120.54851,24.17095],[120.54823,24.171],[120.5476,24.17121],[120.54624,24.17133],[120.54534,24.17153],[120.54437,24.17161],[120.5438,24.17173],[120.54319,24.17174],[120.54284,24.17166],[120.5426,24.17073],[120.54185,24.17068],[120.54122,24.17081],[120.54023,24.17123],[120.53949,24.17137],[120.53857,24.17168],[120.53835,24.17263],[120.53851,24.17284],[120.53842,24.17351],[120.53714,24.18257],[120.53715,24.18356],[120.53738,24.18431],[120.53774,24.18525],[120.53823,24.18621],[120.54068,24.19006],[120.54111,24.19087],[120.54171,24.19284],[120.54522,24.19204],[120.54592,24.19189]]]}},{"type":"Feature","properties":{"c":"66000250002","t":"龍井區","v":"龍東里"},"geometry":{"type":"Polygon","coordinates":[[[120.53715,24.18356],[120.53714,24.18257],[120.53736,24.18076],[120.53851,24.17284],[120.53835,24.17263],[120.538,24.17275],[120.53739,24.17272],[120.53349,24.17311],[120.53359,24.17346],[120.5337,24.17482],[120.53341,24.17483],[120.53317,24.17496],[120.53121,24.17522],[120.53111,24.17534],[120.53033,24.17544],[120.53031,24.17562],[120.52811,24.17584],[120.52832,24.17794],[120.52876,24.17937],[120.52975,24.18144],[120.53025,24.18296],[120.53033,24.18377],[120.53028,24.18432],[120.5299,24.18517],[120.53495,24.18407],[120.53715,24.18356]]]}},{"type":"Feature","properties":{"c":"66000250003","t":"龍井區","v":"龍西里"},"geometry":{"type":"Polygon","coordinates":[[[120.5299,24.18517],[120.53028,24.18432],[120.53033,24.18377],[120.53025,24.18296],[120.52975,24.18144],[120.52876,24.17937],[120.52832,24.17794],[120.52811,24.17584],[120.52612,24.17603],[120.52583,24.17667],[120.52555,24.17667],[120.52456,24.179],[120.52376,24.18048],[120.52254,24.18232],[120.52094,24.18435],[120.52139,24.18703],[120.52819,24.18554],[120.5299,24.18517]]]}},{"type":"Feature","properties":{"c":"66000250004","t":"龍井區","v":"田中里"},"geometry":{"type":"Polygon","coordinates":[[[120.53603,24.19411],[120.54171,24.19284],[120.54111,24.19087],[120.54068,24.19006],[120.53823,24.18621],[120.53774,24.18525],[120.53715,24.18356],[120.52139,24.18703],[120.52299,24.19678],[120.52411,24.19663],[120.53234,24.19488],[120.53603,24.19411]]]}},{"type":"Feature","properties":{"c":"66000250005","t":"龍井區","v":"福田里"},"geometry":{"type":"Polygon","coordinates":[[[120.52295,24.19653],[120.52094,24.18435],[120.52254,24.18232],[120.52376,24.18048],[120.52456,24.179],[120.52555,24.17667],[120.51941,24.17675],[120.51261,24.17696],[120.51112,24.18064],[120.50811,24.18716],[120.50789,24.1874],[120.51106,24.19948],[120.51304,24.19873],[120.52132,24.19688],[120.52295,24.19653]]]}},{"type":"Feature","properties":{"c":"66000250006","t":"龍井區","v":"麗水里"},"geometry":{"type":"Polygon","coordinates":[[[120.49691,24.23771],[120.49987,24.23272],[120.49999,24.23265],[120.5005,24.23261],[120.50142,24.23234],[120.50232,24.23225],[120.50255,24.23232],[120.50271,24.2322],[120.50359,24.23197],[120.50383,24.23212],[120.50398,24.232],[120.50402,24.23168],[120.49912,24.22175],[120.49837,24.22051],[120.49729,24.21898],[120.49443,24.21453],[120.49396,24.21376],[120.49396,24.21355],[120.49466,24.21321],[120.49839,24.21197],[120.50293,24.21057],[120.50565,24.20989],[120.50512,24.20864],[120.50483,24.20718],[120.50484,24.20611],[120.50498,24.20517],[120.50524,24.20429],[120.50603,24.20288],[120.50679,24.20205],[120.50744,24.20148],[120.50917,24.20043],[120.51014,24.1999],[120.51106,24.19948],[120.50789,24.1874],[120.50439,24.19114],[120.49792,24.19336],[120.45656,24.20718],[120.45656,24.20737],[120.45726,24.20822],[120.45792,24.20927],[120.46033,24.21164],[120.46382,24.21326],[120.46491,24.21428],[120.46179,24.21539],[120.46143,24.21538],[120.46079,24.2156],[120.461,24.21623],[120.46129,24.21675],[120.46197,24.2165],[120.4621,24.21634],[120.4657,24.21501],[120.466,24.21528],[120.46779,24.21452],[120.46822,24.21465],[120.46866,24.21445],[120.46882,24.21446],[120.47131,24.2206],[120.47234,24.22233],[120.47633,24.22433],[120.47973,24.2322],[120.48097,24.23335],[120.48254,24.23687],[120.48983,24.23425],[120.49198,24.2395],[120.49691,24.23771]]]}},{"type":"Feature","properties":{"c":"66000250007","t":"龍井區","v":"龍津里"},"geometry":{"type":"Polygon","coordinates":[[[120.53751,24.19993],[120.53603,24.19411],[120.52411,24.19663],[120.52299,24.19678],[120.52295,24.19653],[120.51304,24.19873],[120.51136,24.19934],[120.51014,24.1999],[120.50827,24.20095],[120.50744,24.20148],[120.50679,24.20205],[120.50603,24.20288],[120.50524,24.20429],[120.50498,24.20517],[120.50484,24.20611],[120.50483,24.20718],[120.50512,24.20864],[120.50565,24.20989],[120.51022,24.20857],[120.51136,24.20837],[120.51963,24.20819],[120.51872,24.20471],[120.52338,24.20391],[120.52335,24.20305],[120.53691,24.20006],[120.53751,24.19993]]]}},{"type":"Feature","properties":{"c":"66000250008","t":"龍井區","v":"三德里"},"geometry":{"type":"Polygon","coordinates":[[[120.50565,24.20989],[120.50825,24.21574],[120.52421,24.21068],[120.52573,24.21032],[120.52527,24.20865],[120.52689,24.20853],[120.52764,24.20841],[120.52915,24.20772],[120.52975,24.20755],[120.53244,24.2071],[120.53906,24.20621],[120.53751,24.19993],[120.52335,24.20305],[120.52338,24.20391],[120.51872,24.20471],[120.51963,24.20819],[120.51136,24.20837],[120.51022,24.20857],[120.50594,24.20981],[120.50565,24.20989]]]}},{"type":"Feature","properties":{"c":"66000250009","t":"龍井區","v":"忠和里"},"geometry":{"type":"Polygon","coordinates":[[[120.50439,24.23271],[120.50814,24.23027],[120.51023,24.22979],[120.51121,24.22972],[120.51344,24.2297],[120.51407,24.2295],[120.51263,24.22604],[120.51993,24.22329],[120.5201,24.22313],[120.52228,24.22229],[120.52778,24.22023],[120.52801,24.22052],[120.52835,24.22045],[120.52856,24.22048],[120.52864,24.22071],[120.52892,24.22113],[120.52897,24.22145],[120.52891,24.22202],[120.52904,24.22226],[120.52927,24.22227],[120.53168,24.22148],[120.53309,24.22112],[120.53413,24.22099],[120.53766,24.22018],[120.53485,24.20677],[120.52975,24.20755],[120.52915,24.20772],[120.52764,24.20841],[120.52689,24.20853],[120.52527,24.20865],[120.52573,24.21032],[120.52421,24.21068],[120.50825,24.21574],[120.50565,24.20989],[120.50293,24.21057],[120.49839,24.21197],[120.49466,24.21321],[120.49396,24.21355],[120.49396,24.21376],[120.49443,24.21453],[120.49729,24.21898],[120.49837,24.22051],[120.49912,24.22175],[120.50402,24.23168],[120.50398,24.232],[120.50383,24.23212],[120.50424,24.23281],[120.50439,24.23271]]]}},{"type":"Feature","properties":{"c":"66000250010","t":"龍井區","v":"山腳里"},"geometry":{"type":"Polygon","coordinates":[[[120.54257,24.21905],[120.5465,24.21811],[120.54674,24.21787],[120.54694,24.21702],[120.54711,24.21667],[120.54782,24.21627],[120.54838,24.21618],[120.54909,24.21595],[120.54936,24.21593],[120.54985,24.21607],[120.54995,24.21616],[120.55004,24.21631],[120.55005,24.21658],[120.55034,24.21695],[120.55136,24.21684],[120.55154,24.21675],[120.55193,24.21622],[120.55226,24.21459],[120.55238,24.21446],[120.5528,24.21432],[120.55299,24.21254],[120.55313,24.21234],[120.55376,24.21189],[120.5547,24.21015],[120.55564,24.20895],[120.556,24.20879],[120.55519,24.20774],[120.55483,24.20714],[120.55453,24.20707],[120.55446,24.20696],[120.55385,24.20677],[120.55346,24.20537],[120.55221,24.20523],[120.55115,24.20527],[120.5494,24.20452],[120.54913,24.20435],[120.54897,24.20432],[120.54855,24.20445],[120.54823,24.20446],[120.54765,24.2041],[120.54726,24.20408],[120.54706,24.20465],[120.54697,24.20514],[120.54677,24.20547],[120.54504,24.20551],[120.54355,24.20567],[120.53485,24.20677],[120.53766,24.22018],[120.54257,24.21905]]]}},{"type":"Feature","properties":{"c":"66000250011","t":"龍井區","v":"龍泉里"},"geometry":{"type":"Polygon","coordinates":[[[120.54174,24.2059],[120.54504,24.20551],[120.54677,24.20547],[120.54697,24.20514],[120.54706,24.20465],[120.54726,24.20408],[120.54765,24.2041],[120.54823,24.20446],[120.54855,24.20445],[120.54897,24.20432],[120.54913,24.20435],[120.5494,24.20452],[120.55115,24.20527],[120.55221,24.20523],[120.55346,24.20537],[120.55344,24.20527],[120.55447,24.20565],[120.55488,24.20567],[120.55764,24.20515],[120.55816,24.20494],[120.55828,24.20478],[120.55894,24.20442],[120.55968,24.20436],[120.56007,24.20441],[120.56032,24.20436],[120.56139,24.20339],[120.56149,24.20294],[120.56161,24.20277],[120.56175,24.20268],[120.562,24.20264],[120.56231,24.20267],[120.56328,24.20296],[120.56368,24.20287],[120.56381,24.20273],[120.56405,24.20215],[120.56484,24.20108],[120.56506,24.20061],[120.56524,24.19961],[120.56526,24.19891],[120.56537,24.19861],[120.56537,24.19828],[120.56555,24.19726],[120.56586,24.19627],[120.56596,24.19612],[120.56608,24.19606],[120.56645,24.19482],[120.56631,24.19211],[120.56596,24.19078],[120.56646,24.18999],[120.56646,24.18954],[120.56545,24.18958],[120.56171,24.19142],[120.56091,24.19168],[120.56041,24.19219],[120.55914,24.19316],[120.55839,24.1936],[120.55786,24.19375],[120.55189,24.19425],[120.55122,24.19413],[120.55007,24.19377],[120.54869,24.1942],[120.5477,24.19287],[120.54606,24.19344],[120.54592,24.19189],[120.53603,24.19411],[120.53906,24.20621],[120.54174,24.2059]]]}},{"type":"Feature","properties":{"c":"66000250012","t":"龍井區","v":"龍崗里"},"geometry":{"type":"Polygon","coordinates":[[[120.56646,24.18954],[120.56683,24.18544],[120.56692,24.18188],[120.5629,24.18354],[120.56237,24.18348],[120.5621,24.18336],[120.56171,24.18302],[120.56097,24.18367],[120.55951,24.18464],[120.55619,24.1846],[120.55499,24.1847],[120.55258,24.18573],[120.5522,24.18578],[120.55055,24.18558],[120.54943,24.18552],[120.54889,24.1854],[120.54806,24.18552],[120.54793,24.18565],[120.54786,24.18587],[120.5477,24.18601],[120.54695,24.18603],[120.54542,24.18629],[120.54606,24.19344],[120.5477,24.19287],[120.54869,24.1942],[120.55007,24.19377],[120.55122,24.19413],[120.55189,24.19425],[120.55786,24.19375],[120.55839,24.1936],[120.55914,24.19316],[120.56041,24.19219],[120.56091,24.19168],[120.56171,24.19142],[120.56545,24.18958],[120.56646,24.18954]]]}},{"type":"Feature","properties":{"c":"66000250013","t":"龍井區","v":"新庄里"},"geometry":{"type":"Polygon","coordinates":[[[120.56596,24.19078],[120.56631,24.19211],[120.56645,24.19482],[120.56605,24.19608],[120.56669,24.19587],[120.56712,24.19591],[120.56735,24.19585],[120.56907,24.19491],[120.56932,24.19495],[120.56968,24.19537],[120.57106,24.1953],[120.57184,24.1952],[120.57224,24.19531],[120.57249,24.19568],[120.57325,24.19618],[120.57388,24.19674],[120.57516,24.19732],[120.57605,24.19714],[120.57713,24.19707],[120.57805,24.19691],[120.57869,24.19657],[120.57937,24.19599],[120.58011,24.19566],[120.58009,24.1945],[120.57972,24.19036],[120.57991,24.1893],[120.58031,24.18876],[120.58082,24.18834],[120.58141,24.18803],[120.58569,24.18619],[120.58379,24.18127],[120.58218,24.17683],[120.57978,24.1776],[120.57737,24.17822],[120.57706,24.1775],[120.57573,24.17771],[120.57571,24.1787],[120.57066,24.18035],[120.56692,24.18188],[120.56683,24.18544],[120.56646,24.18999],[120.56596,24.19078]]]}},{"type":"Feature","properties":{"c":"66000250014","t":"龍井區","v":"南寮里"},"geometry":{"type":"Polygon","coordinates":[[[120.55829,24.17704],[120.55932,24.17919],[120.56171,24.18302],[120.5621,24.18336],[120.56237,24.18348],[120.5629,24.18354],[120.57066,24.18035],[120.57571,24.1787],[120.57573,24.17771],[120.57706,24.1775],[120.57737,24.17822],[120.57978,24.1776],[120.58218,24.17683],[120.58138,24.17479],[120.57996,24.17493],[120.57628,24.17548],[120.57351,24.17566],[120.5719,24.17598],[120.57053,24.17638],[120.57015,24.17562],[120.5704,24.17535],[120.57044,24.17522],[120.57048,24.17466],[120.57071,24.17355],[120.57069,24.17303],[120.57093,24.17173],[120.57096,24.17086],[120.57086,24.17063],[120.571,24.17025],[120.57012,24.17052],[120.56887,24.17059],[120.56748,24.1709],[120.56649,24.17132],[120.56597,24.17165],[120.56525,24.17187],[120.56449,24.1725],[120.56409,24.17272],[120.56372,24.17273],[120.56333,24.17257],[120.56273,24.17264],[120.56204,24.17237],[120.55985,24.17257],[120.55962,24.17272],[120.55931,24.17306],[120.55891,24.17316],[120.5581,24.17364],[120.55782,24.17364],[120.55745,24.17376],[120.55655,24.17319],[120.55723,24.17472],[120.55829,24.17704]]]}},{"type":"Feature","properties":{"c":"66000250015","t":"龍井區","v":"新東里"},"geometry":{"type":"Polygon","coordinates":[[[120.5876,24.18541],[120.5932,24.18304],[120.59281,24.18153],[120.59357,24.18132],[120.59364,24.18121],[120.59244,24.18035],[120.59005,24.17915],[120.58917,24.1785],[120.58822,24.17814],[120.58711,24.17789],[120.58524,24.17601],[120.58366,24.17421],[120.58317,24.17453],[120.58138,24.17479],[120.58569,24.18619],[120.58729,24.18548],[120.58749,24.18546],[120.5876,24.18541]]]}},{"type":"Feature","properties":{"c":"66000250016","t":"龍井區","v":"東海里"},"geometry":{"type":"Polygon","coordinates":[[[120.58036,24.19562],[120.58137,24.19505],[120.58208,24.19474],[120.58303,24.19469],[120.58354,24.19416],[120.58455,24.19359],[120.5849,24.19361],[120.58514,24.19347],[120.58551,24.1934],[120.58636,24.19297],[120.58707,24.19274],[120.58738,24.19265],[120.58773,24.19264],[120.59342,24.19109],[120.59616,24.19019],[120.59762,24.18954],[120.59783,24.18943],[120.59786,24.18934],[120.59733,24.18829],[120.59613,24.18674],[120.5954,24.18655],[120.59504,24.18598],[120.59479,24.18573],[120.5933,24.18636],[120.59236,24.18664],[120.59081,24.18694],[120.58861,24.18727],[120.58835,24.18653],[120.5876,24.18541],[120.58729,24.18548],[120.58141,24.18803],[120.58053,24.18855],[120.57991,24.1893],[120.57972,24.19036],[120.57974,24.19076],[120.58009,24.1945],[120.58014,24.19567],[120.58036,24.19562]]]}},{"type":"Feature","properties":{"c":"66000260001","t":"霧峰區","v":"桐林里"},"geometry":{"type":"Polygon","coordinates":[[[120.73215,24.08139],[120.73278,24.08134],[120.73336,24.08088],[120.73485,24.08017],[120.7364,24.0802],[120.73674,24.08008],[120.73716,24.07978],[120.73753,24.07934],[120.73855,24.0789],[120.7389,24.07869],[120.73978,24.07869],[120.74091,24.07837],[120.74268,24.07848],[120.7431,24.07844],[120.74376,24.07879],[120.74469,24.07909],[120.7448,24.07908],[120.74613,24.07748],[120.74632,24.07735],[120.74676,24.0773],[120.74766,24.07738],[120.74851,24.07728],[120.74877,24.07714],[120.74925,24.07717],[120.74957,24.07712],[120.75026,24.07686],[120.75083,24.07632],[120.75211,24.07632],[120.75257,24.07604],[120.75296,24.07568],[120.75322,24.07528],[120.75354,24.07507],[120.75402,24.07489],[120.75503,24.07486],[120.7556,24.07521],[120.75628,24.07515],[120.7566,24.07445],[120.75672,24.07435],[120.75808,24.07376],[120.75906,24.07324],[120.75941,24.07276],[120.7596,24.07222],[120.75992,24.07199],[120.76079,24.07193],[120.76139,24.07169],[120.76179,24.0714],[120.76194,24.07116],[120.7621,24.07063],[120.76237,24.07037],[120.76316,24.06997],[120.7639,24.0692],[120.76401,24.06901],[120.76395,24.06828],[120.76414,24.06778],[120.76444,24.06753],[120.76555,24.06696],[120.76618,24.06651],[120.7669,24.06513],[120.76754,24.06455],[120.76843,24.06443],[120.76928,24.06417],[120.76971,24.06411],[120.77083,24.06413],[120.77138,24.06406],[120.77209,24.06361],[120.77257,24.06288],[120.7736,24.06268],[120.77412,24.06241],[120.77533,24.06203],[120.77756,24.06123],[120.77799,24.06101],[120.77883,24.06048],[120.77911,24.06018],[120.77972,24.05977],[120.78003,24.05929],[120.78048,24.05888],[120.7811,24.05846],[120.78156,24.05823],[120.78175,24.05804],[120.78187,24.05772],[120.7819,24.05745],[120.78186,24.05684],[120.78207,24.05657],[120.78232,24.0564],[120.78265,24.0563],[120.78312,24.0563],[120.78329,24.05623],[120.78364,24.05596],[120.78458,24.05552],[120.78466,24.0553],[120.78477,24.05424],[120.78494,24.05369],[120.78482,24.05304],[120.78693,24.0527],[120.78769,24.05264],[120.78797,24.0527],[120.78814,24.05267],[120.7884,24.05226],[120.78907,24.05177],[120.7892,24.05154],[120.78924,24.05122],[120.78912,24.0507],[120.78889,24.0501],[120.78866,24.0497],[120.78867,24.0495],[120.78881,24.049],[120.78914,24.04859],[120.78943,24.04802],[120.78987,24.04744],[120.79046,24.04706],[120.79119,24.04678],[120.79196,24.04665],[120.79228,24.04649],[120.79252,24.04627],[120.79274,24.04584],[120.79279,24.04564],[120.79271,24.0449],[120.79217,24.04397],[120.79219,24.04343],[120.79268,24.04333],[120.79301,24.04332],[120.79356,24.04316],[120.79656,24.04031],[120.79628,24.04015],[120.79578,24.03999],[120.79549,24.03974],[120.79507,24.03926],[120.79445,24.03828],[120.79438,24.03778],[120.79429,24.0376],[120.7937,24.03734],[120.79326,24.03703],[120.79282,24.03644],[120.79215,24.03596],[120.79169,24.03526],[120.79118,24.03491],[120.79079,24.03527],[120.78985,24.03591],[120.78906,24.03613],[120.78738,24.03704],[120.78608,24.03754],[120.78535,24.0381],[120.78478,24.03829],[120.78389,24.0383],[120.78258,24.03814],[120.78183,24.03792],[120.78115,24.0379],[120.78055,24.03827],[120.78014,24.03835],[120.77957,24.03834],[120.77915,24.03819],[120.77795,24.03814],[120.77744,24.03835],[120.7769,24.03887],[120.77643,24.03907],[120.77567,24.03918],[120.77469,24.03945],[120.77116,24.04158],[120.77008,24.04194],[120.76903,24.04298],[120.76854,24.04316],[120.76821,24.04316],[120.76732,24.04274],[120.76688,24.04268],[120.76615,24.04277],[120.76475,24.04267],[120.76364,24.04242],[120.76306,24.04205],[120.76251,24.04197],[120.76133,24.04193],[120.76016,24.04155],[120.75923,24.04162],[120.75885,24.04176],[120.75779,24.04244],[120.75569,24.04284],[120.75521,24.04325],[120.75431,24.04351],[120.75318,24.04349],[120.75268,24.04332],[120.75202,24.04299],[120.75149,24.04251],[120.75108,24.04236],[120.75044,24.04276],[120.74928,24.04313],[120.74772,24.04385],[120.74609,24.04484],[120.74468,24.04549],[120.74323,24.04627],[120.743,24.04654],[120.74291,24.04704],[120.74265,24.04757],[120.74187,24.04803],[120.74137,24.04811],[120.74057,24.04813],[120.74012,24.04839],[120.73945,24.04891],[120.73881,24.04916],[120.73751,24.04886],[120.73668,24.04883],[120.73593,24.04898],[120.73529,24.0493],[120.73484,24.04969],[120.7345,24.05031],[120.73409,24.05216],[120.73392,24.05253],[120.73372,24.05279],[120.73337,24.05295],[120.73266,24.053],[120.73165,24.05464],[120.73161,24.05504],[120.73174,24.05631],[120.73164,24.05685],[120.73125,24.05749],[120.73099,24.05758],[120.72933,24.05785],[120.72899,24.05804],[120.72881,24.05827],[120.7288,24.0585],[120.72893,24.05951],[120.7289,24.05968],[120.72796,24.0601],[120.72747,24.06067],[120.7268,24.06099],[120.72596,24.06125],[120.72502,24.06206],[120.7245,24.06238],[120.72377,24.06274],[120.72228,24.0632],[120.72136,24.06387],[120.7197,24.06601],[120.71869,24.06673],[120.7177,24.06726],[120.71782,24.06743],[120.71994,24.06893],[120.72098,24.06938],[120.72211,24.07034],[120.72268,24.07097],[120.72281,24.07138],[120.72268,24.0716],[120.72238,24.07177],[120.72203,24.07188],[120.7217,24.07217],[120.72172,24.07298],[120.7216,24.07376],[120.72271,24.07466],[120.72347,24.075],[120.72351,24.07531],[120.72337,24.07566],[120.72339,24.07618],[120.72349,24.07638],[120.72404,24.07662],[120.72413,24.07672],[120.72386,24.07692],[120.72398,24.07766],[120.72321,24.07882],[120.72317,24.07897],[120.72327,24.07927],[120.72349,24.07914],[120.72435,24.07892],[120.72525,24.07875],[120.72555,24.07882],[120.72582,24.07879],[120.72692,24.07848],[120.72765,24.07924],[120.72783,24.07964],[120.72862,24.08045],[120.72875,24.08096],[120.72875,24.08165],[120.72968,24.0818],[120.73008,24.0816],[120.73077,24.08176],[120.73138,24.08147],[120.73173,24.08138],[120.73215,24.08139]]]}},{"type":"Feature","properties":{"c":"66000260002","t":"霧峰區","v":"吉峰里"},"geometry":{"type":"Polygon","coordinates":[[[120.70833,24.08182],[120.70935,24.08166],[120.71133,24.08104],[120.71189,24.08097],[120.71489,24.08116],[120.71554,24.08109],[120.71647,24.08092],[120.71905,24.08025],[120.72044,24.08059],[120.72098,24.08053],[120.72163,24.08033],[120.72221,24.08002],[120.72327,24.07927],[120.72317,24.07897],[120.72321,24.07882],[120.72398,24.07766],[120.72386,24.07692],[120.72413,24.07672],[120.72404,24.07662],[120.72349,24.07638],[120.72339,24.07618],[120.72337,24.07566],[120.72351,24.07531],[120.72347,24.075],[120.72271,24.07466],[120.7216,24.07376],[120.72172,24.07298],[120.7217,24.07217],[120.72203,24.07188],[120.72238,24.07177],[120.72268,24.0716],[120.72281,24.07138],[120.72268,24.07097],[120.72211,24.07034],[120.72098,24.06938],[120.71994,24.06893],[120.71904,24.06833],[120.71782,24.06743],[120.71753,24.06705],[120.71687,24.06649],[120.71607,24.06622],[120.71558,24.06627],[120.71532,24.0664],[120.71493,24.06695],[120.71465,24.06708],[120.71436,24.06703],[120.71383,24.06668],[120.71344,24.06679],[120.71287,24.06727],[120.71148,24.06764],[120.71018,24.06783],[120.70921,24.06778],[120.70874,24.06762],[120.70805,24.06749],[120.7055,24.06784],[120.70637,24.06808],[120.70682,24.06827],[120.70738,24.0688],[120.70775,24.06937],[120.70812,24.07018],[120.70836,24.071],[120.70839,24.07169],[120.70832,24.07202],[120.70798,24.07237],[120.7075,24.07268],[120.70722,24.07272],[120.70655,24.07264],[120.70609,24.07282],[120.70555,24.07326],[120.70492,24.07338],[120.70445,24.07378],[120.7039,24.07405],[120.70329,24.07474],[120.70306,24.07478],[120.70258,24.07453],[120.70176,24.07458],[120.70118,24.07428],[120.70096,24.07424],[120.70043,24.07425],[120.69996,24.07443],[120.69896,24.07461],[120.69904,24.07407],[120.69898,24.07389],[120.69877,24.07389],[120.69808,24.07468],[120.69751,24.07479],[120.69734,24.07471],[120.69699,24.07412],[120.69683,24.07405],[120.69659,24.07412],[120.69569,24.07504],[120.69536,24.07523],[120.69503,24.0753],[120.6936,24.07464],[120.69448,24.07579],[120.6947,24.07618],[120.69523,24.07683],[120.69567,24.07724],[120.69796,24.07779],[120.69941,24.07884],[120.70054,24.07955],[120.70129,24.07976],[120.70408,24.08105],[120.70456,24.08121],[120.70563,24.08135],[120.70653,24.08164],[120.70744,24.08183],[120.70813,24.0819],[120.70833,24.08182]]]}},{"type":"Feature","properties":{"c":"66000260003","t":"霧峰區","v":"甲寅里"},"geometry":{"type":"Polygon","coordinates":[[[120.7055,24.06784],[120.70496,24.06762],[120.70466,24.06693],[120.70411,24.06622],[120.70366,24.0659],[120.70346,24.06621],[120.7027,24.06677],[120.70069,24.0672],[120.69915,24.0676],[120.69825,24.06826],[120.69505,24.07241],[120.69485,24.07258],[120.69373,24.07294],[120.69282,24.07357],[120.6936,24.07464],[120.69503,24.0753],[120.69536,24.07523],[120.69569,24.07504],[120.69659,24.07412],[120.69683,24.07405],[120.69699,24.07412],[120.69734,24.07471],[120.69751,24.07479],[120.69808,24.07468],[120.69877,24.07389],[120.69898,24.07389],[120.69904,24.07407],[120.69896,24.07461],[120.69996,24.07443],[120.70043,24.07425],[120.70096,24.07424],[120.70118,24.07428],[120.70176,24.07458],[120.70258,24.07453],[120.70306,24.07478],[120.70329,24.07474],[120.7039,24.07405],[120.70445,24.07378],[120.70492,24.07338],[120.70555,24.07326],[120.70609,24.07282],[120.70655,24.07264],[120.70722,24.07272],[120.7075,24.07268],[120.70798,24.07237],[120.70832,24.07202],[120.70839,24.07169],[120.70836,24.071],[120.70812,24.07018],[120.70775,24.06937],[120.70738,24.0688],[120.70682,24.06827],[120.70637,24.06808],[120.7055,24.06784]]]}},{"type":"Feature","properties":{"c":"66000260004","t":"霧峰區","v":"本鄉里"},"geometry":{"type":"Polygon","coordinates":[[[120.69347,24.07311],[120.69373,24.07294],[120.69485,24.07258],[120.69505,24.07241],[120.69825,24.06826],[120.69915,24.0676],[120.70069,24.0672],[120.7027,24.06677],[120.70346,24.06621],[120.70366,24.0659],[120.70375,24.06563],[120.70362,24.06539],[120.70342,24.06521],[120.70293,24.06556],[120.70226,24.06582],[120.70016,24.066],[120.69723,24.06655],[120.69602,24.06752],[120.69511,24.06782],[120.69451,24.06778],[120.69389,24.06964],[120.69351,24.07024],[120.69298,24.07095],[120.69239,24.07157],[120.69117,24.07229],[120.69214,24.07295],[120.69282,24.07357],[120.69347,24.07311]]]}},{"type":"Feature","properties":{"c":"66000260005","t":"霧峰區","v":"中正里"},"geometry":{"type":"Polygon","coordinates":[[[120.6946,24.06604],[120.69461,24.06708],[120.69451,24.06778],[120.69511,24.06782],[120.69602,24.06752],[120.69723,24.06655],[120.70016,24.066],[120.70226,24.06582],[120.70293,24.06556],[120.70342,24.06521],[120.70242,24.06475],[120.70195,24.06475],[120.70141,24.06489],[120.7004,24.06491],[120.70042,24.06439],[120.70029,24.06411],[120.69782,24.06466],[120.69652,24.06534],[120.69594,24.06578],[120.6952,24.06593],[120.6946,24.06604]]]}},{"type":"Feature","properties":{"c":"66000260006","t":"霧峰區","v":"錦榮里"},"geometry":{"type":"Polygon","coordinates":[[[120.7177,24.06726],[120.71869,24.06673],[120.7197,24.06601],[120.72136,24.06387],[120.72228,24.0632],[120.72377,24.06274],[120.7245,24.06238],[120.72502,24.06206],[120.72596,24.06125],[120.7268,24.06099],[120.72747,24.06067],[120.72796,24.0601],[120.7289,24.05968],[120.72893,24.05951],[120.7288,24.0585],[120.72881,24.05827],[120.72899,24.05804],[120.72933,24.05785],[120.73099,24.05758],[120.73125,24.05749],[120.73164,24.05685],[120.73174,24.05631],[120.73161,24.05504],[120.73165,24.05464],[120.73266,24.053],[120.73208,24.05312],[120.73175,24.05307],[120.7301,24.05309],[120.72962,24.05294],[120.7292,24.0529],[120.72867,24.05305],[120.72789,24.0529],[120.7264,24.05284],[120.72578,24.05264],[120.7253,24.05225],[120.72488,24.05151],[120.72458,24.05114],[120.7243,24.05096],[120.72376,24.05074],[120.72306,24.05059],[120.72213,24.0509],[120.72175,24.05088],[120.72108,24.05048],[120.7209,24.05187],[120.72092,24.05223],[120.72113,24.05273],[120.72165,24.05343],[120.7219,24.05392],[120.72194,24.05541],[120.72173,24.05671],[120.72202,24.05738],[120.72201,24.05779],[120.72189,24.05797],[120.72163,24.05811],[120.72097,24.05818],[120.72023,24.05816],[120.71743,24.05934],[120.71715,24.0594],[120.71629,24.0594],[120.71538,24.05961],[120.71468,24.06001],[120.71405,24.06047],[120.71394,24.06065],[120.71388,24.0609],[120.71393,24.06187],[120.71389,24.06229],[120.71374,24.06262],[120.71338,24.06275],[120.71226,24.06263],[120.71182,24.06287],[120.71162,24.06308],[120.71156,24.06348],[120.71192,24.06398],[120.71121,24.0647],[120.71108,24.06465],[120.71088,24.06428],[120.71057,24.06405],[120.71025,24.06395],[120.71001,24.06401],[120.70976,24.06428],[120.70966,24.06486],[120.70939,24.06488],[120.70919,24.06472],[120.70875,24.06365],[120.70834,24.06319],[120.70746,24.06276],[120.7072,24.06279],[120.707,24.06391],[120.70673,24.06414],[120.70638,24.06415],[120.70593,24.06398],[120.70548,24.06364],[120.70405,24.06343],[120.70358,24.06356],[120.70299,24.06383],[120.70089,24.06365],[120.70002,24.06366],[120.69973,24.06335],[120.69888,24.06342],[120.69872,24.06363],[120.69867,24.06406],[120.69871,24.06447],[120.70029,24.06411],[120.70042,24.06439],[120.7004,24.06491],[120.70141,24.06489],[120.70195,24.06475],[120.70242,24.06475],[120.70342,24.06521],[120.70362,24.06539],[120.70375,24.06563],[120.70366,24.0659],[120.70411,24.06622],[120.70466,24.06693],[120.70496,24.06762],[120.7055,24.06784],[120.70805,24.06749],[120.70874,24.06762],[120.70921,24.06778],[120.71018,24.06783],[120.71148,24.06764],[120.71287,24.06727],[120.71344,24.06679],[120.71383,24.06668],[120.71436,24.06703],[120.71465,24.06708],[120.71493,24.06695],[120.71532,24.0664],[120.71558,24.06627],[120.71607,24.06622],[120.71687,24.06649],[120.71753,24.06705],[120.7177,24.06726]]]}},{"type":"Feature","properties":{"c":"66000260007","t":"霧峰區","v":"萊園里"},"geometry":{"type":"Polygon","coordinates":[[[120.70154,24.06371],[120.70299,24.06383],[120.70358,24.06356],[120.70405,24.06343],[120.70548,24.06364],[120.70593,24.06398],[120.70638,24.06415],[120.70673,24.06414],[120.707,24.06391],[120.7072,24.06279],[120.70746,24.06276],[120.70834,24.06319],[120.70875,24.06365],[120.70919,24.06472],[120.70939,24.06488],[120.70966,24.06486],[120.70976,24.06428],[120.71001,24.06401],[120.71025,24.06395],[120.71057,24.06405],[120.71088,24.06428],[120.71108,24.06465],[120.71121,24.0647],[120.71192,24.06398],[120.71156,24.06348],[120.71162,24.06308],[120.71182,24.06287],[120.71226,24.06263],[120.71338,24.06275],[120.71374,24.06262],[120.71389,24.06229],[120.71393,24.06187],[120.71388,24.0609],[120.71394,24.06065],[120.71405,24.06047],[120.71468,24.06001],[120.71538,24.05961],[120.71629,24.0594],[120.71715,24.0594],[120.71743,24.05934],[120.72023,24.05816],[120.72097,24.05818],[120.72163,24.05811],[120.72189,24.05797],[120.72201,24.05779],[120.72202,24.05738],[120.72173,24.05671],[120.72194,24.05541],[120.7219,24.05392],[120.72165,24.05343],[120.72113,24.05273],[120.72092,24.05223],[120.7209,24.05187],[120.72108,24.05048],[120.72111,24.04986],[120.72109,24.04925],[120.72099,24.04878],[120.721,24.04747],[120.72112,24.04655],[120.72138,24.04605],[120.72135,24.04591],[120.72106,24.04574],[120.72044,24.04562],[120.71994,24.0456],[120.71846,24.04608],[120.71799,24.04602],[120.71754,24.04579],[120.71689,24.04575],[120.716,24.04605],[120.7142,24.04641],[120.7131,24.04709],[120.71262,24.04697],[120.71135,24.04686],[120.70919,24.04685],[120.70891,24.04638],[120.70872,24.04562],[120.70825,24.04489],[120.70755,24.04448],[120.70728,24.04449],[120.70687,24.04474],[120.70613,24.04486],[120.70518,24.04533],[120.70461,24.0459],[120.7044,24.04639],[120.70435,24.04689],[120.70411,24.04708],[120.70377,24.04713],[120.70339,24.04708],[120.70228,24.04672],[120.70099,24.04644],[120.7007,24.04648],[120.70034,24.0467],[120.70028,24.04702],[120.7004,24.04739],[120.70078,24.04801],[120.70147,24.04988],[120.70234,24.05064],[120.70264,24.05142],[120.70267,24.05169],[120.70262,24.05207],[120.70255,24.05225],[120.70244,24.05228],[120.70114,24.05199],[120.70076,24.05221],[120.70067,24.0524],[120.70066,24.05263],[120.70082,24.05327],[120.70078,24.05363],[120.70026,24.05482],[120.70013,24.05532],[120.70007,24.05609],[120.69984,24.05704],[120.69968,24.05742],[120.69939,24.05772],[120.69945,24.05806],[120.69986,24.05829],[120.69998,24.05857],[120.69987,24.05921],[120.69994,24.05943],[120.7005,24.05989],[120.70197,24.06062],[120.70216,24.06096],[120.70214,24.06115],[120.70153,24.06198],[120.70159,24.06237],[120.70154,24.06371]]]}},{"type":"Feature","properties":{"c":"66000260008","t":"霧峰區","v":"本堂里"},"geometry":{"type":"Polygon","coordinates":[[[120.69871,24.06447],[120.69867,24.06406],[120.69872,24.06363],[120.69888,24.06342],[120.69973,24.06335],[120.70002,24.06366],[120.70089,24.06365],[120.70154,24.06371],[120.70159,24.06237],[120.70153,24.06198],[120.70214,24.06115],[120.70216,24.06096],[120.70197,24.06062],[120.7005,24.05989],[120.69994,24.05943],[120.69987,24.05921],[120.69998,24.05857],[120.69986,24.05829],[120.69945,24.05806],[120.69939,24.05792],[120.69939,24.05772],[120.69968,24.05742],[120.69984,24.05704],[120.70007,24.05609],[120.70013,24.05532],[120.70026,24.05482],[120.70078,24.05363],[120.70082,24.05327],[120.70066,24.05263],[120.70067,24.0524],[120.70076,24.05221],[120.70114,24.05199],[120.70111,24.05182],[120.70138,24.05111],[120.70138,24.05086],[120.70098,24.05089],[120.70082,24.051],[120.70047,24.05164],[120.69969,24.05237],[120.69918,24.05298],[120.69818,24.05338],[120.698,24.05338],[120.69792,24.05331],[120.69784,24.05264],[120.69772,24.05243],[120.6975,24.05232],[120.69659,24.05246],[120.69649,24.05277],[120.69645,24.05338],[120.69636,24.0535],[120.69582,24.05368],[120.69514,24.05343],[120.69454,24.05375],[120.69336,24.05455],[120.69317,24.05567],[120.69336,24.05651],[120.69367,24.0571],[120.6937,24.05776],[120.69344,24.05834],[120.6927,24.0591],[120.69224,24.0601],[120.69245,24.06042],[120.69265,24.06096],[120.69319,24.0617],[120.69387,24.06222],[120.69405,24.0625],[120.69425,24.06336],[120.69457,24.06371],[120.69468,24.06394],[120.69478,24.06436],[120.69477,24.06495],[120.6946,24.06604],[120.69594,24.06578],[120.69652,24.06534],[120.69715,24.065],[120.69782,24.06466],[120.69843,24.06452],[120.69871,24.06447]]]}},{"type":"Feature","properties":{"c":"66000260009","t":"霧峰區","v":"坑口里"},"geometry":{"type":"Polygon","coordinates":[[[120.70114,24.05199],[120.70227,24.05228],[120.70255,24.05225],[120.70267,24.05169],[120.70264,24.05142],[120.70234,24.05064],[120.70147,24.04988],[120.70078,24.04801],[120.7004,24.04739],[120.70028,24.04702],[120.70034,24.0467],[120.7007,24.04648],[120.70099,24.04644],[120.70228,24.04672],[120.70339,24.04708],[120.70377,24.04713],[120.70411,24.04708],[120.70435,24.04689],[120.7044,24.04639],[120.70461,24.0459],[120.70518,24.04533],[120.70613,24.04486],[120.70687,24.04474],[120.70728,24.04449],[120.70755,24.04448],[120.70825,24.04489],[120.70872,24.04562],[120.70891,24.04638],[120.70919,24.04685],[120.71135,24.04686],[120.71262,24.04697],[120.7131,24.04709],[120.7142,24.04641],[120.716,24.04605],[120.71689,24.04575],[120.71754,24.04579],[120.71799,24.04602],[120.71846,24.04608],[120.71994,24.0456],[120.72044,24.04562],[120.72106,24.04574],[120.72135,24.04591],[120.72138,24.04605],[120.72112,24.04655],[120.721,24.04747],[120.72099,24.04878],[120.72109,24.04925],[120.72108,24.05048],[120.72175,24.05088],[120.72213,24.0509],[120.72306,24.05059],[120.72376,24.05074],[120.7243,24.05096],[120.72458,24.05114],[120.72488,24.05151],[120.7253,24.05225],[120.72578,24.05264],[120.7264,24.05284],[120.72789,24.0529],[120.72867,24.05305],[120.7292,24.0529],[120.72962,24.05294],[120.7301,24.05309],[120.73175,24.05307],[120.73208,24.05312],[120.73266,24.053],[120.73337,24.05295],[120.73372,24.05279],[120.73392,24.05253],[120.73409,24.05216],[120.7345,24.05031],[120.73484,24.04969],[120.73529,24.0493],[120.73593,24.04898],[120.73668,24.04883],[120.73751,24.04886],[120.73881,24.04916],[120.73945,24.04891],[120.74012,24.04839],[120.74057,24.04813],[120.74137,24.04811],[120.74187,24.04803],[120.74265,24.04757],[120.74291,24.04704],[120.743,24.04654],[120.74323,24.04627],[120.74468,24.04549],[120.74609,24.04484],[120.74772,24.04385],[120.74928,24.04313],[120.75044,24.04276],[120.75108,24.04236],[120.75149,24.04251],[120.75202,24.04299],[120.75268,24.04332],[120.75318,24.04349],[120.75431,24.04351],[120.75521,24.04325],[120.75569,24.04284],[120.75779,24.04244],[120.75885,24.04176],[120.75923,24.04162],[120.76016,24.04155],[120.76133,24.04193],[120.76251,24.04197],[120.76306,24.04205],[120.76364,24.04242],[120.76475,24.04267],[120.76615,24.04277],[120.76688,24.04268],[120.76732,24.04274],[120.76821,24.04316],[120.76854,24.04316],[120.76903,24.04298],[120.77008,24.04194],[120.77116,24.04158],[120.77469,24.03945],[120.77567,24.03918],[120.77643,24.03907],[120.7769,24.03887],[120.77744,24.03835],[120.77795,24.03814],[120.77915,24.03819],[120.77957,24.03834],[120.78014,24.03835],[120.78055,24.03827],[120.78115,24.0379],[120.78183,24.03792],[120.78258,24.03814],[120.78389,24.0383],[120.78478,24.03829],[120.78535,24.0381],[120.78608,24.03754],[120.78738,24.03704],[120.78906,24.03613],[120.78985,24.03591],[120.79079,24.03527],[120.79118,24.03491],[120.79169,24.03526],[120.79159,24.03486],[120.79165,24.03441],[120.79149,24.03373],[120.79152,24.03354],[120.79196,24.03322],[120.79232,24.03281],[120.79292,24.03248],[120.7927,24.0323],[120.79174,24.03178],[120.79171,24.03162],[120.79182,24.03121],[120.79169,24.03087],[120.79154,24.03067],[120.79125,24.0306],[120.79049,24.03069],[120.78996,24.03117],[120.78977,24.03125],[120.78947,24.03123],[120.78889,24.03064],[120.78755,24.03034],[120.78732,24.03013],[120.78704,24.02969],[120.78689,24.02957],[120.78652,24.02946],[120.78639,24.02952],[120.78514,24.0294],[120.78345,24.02961],[120.77958,24.03045],[120.77846,24.03051],[120.77657,24.03088],[120.7741,24.03095],[120.77251,24.03079],[120.77153,24.03103],[120.77045,24.03162],[120.76759,24.03272],[120.76655,24.03336],[120.76627,24.03364],[120.76573,24.03373],[120.76455,24.03354],[120.76294,24.03349],[120.762,24.03359],[120.75942,24.03428],[120.75676,24.03535],[120.75565,24.03625],[120.7536,24.03725],[120.75301,24.03738],[120.75216,24.03735],[120.75191,24.03718],[120.75105,24.03721],[120.75052,24.0373],[120.75026,24.03741],[120.74956,24.03836],[120.74922,24.03848],[120.74892,24.03847],[120.7479,24.03797],[120.74759,24.03794],[120.74693,24.03769],[120.74586,24.0375],[120.74528,24.03778],[120.74426,24.03796],[120.74313,24.03844],[120.74253,24.03847],[120.74123,24.03806],[120.74113,24.03797],[120.74098,24.03741],[120.74045,24.03666],[120.73985,24.03632],[120.73963,24.03625],[120.73885,24.03622],[120.73749,24.03686],[120.73605,24.03718],[120.73563,24.03716],[120.73503,24.03677],[120.73423,24.03586],[120.73373,24.03467],[120.73306,24.03377],[120.73203,24.03297],[120.73132,24.0327],[120.73071,24.03285],[120.72978,24.03324],[120.72811,24.03314],[120.72741,24.03328],[120.72695,24.0335],[120.72648,24.03385],[120.72624,24.03419],[120.72612,24.03456],[120.72604,24.03562],[120.72589,24.03588],[120.72545,24.03614],[120.72364,24.03684],[120.72267,24.03697],[120.72111,24.0373],[120.72079,24.03791],[120.72046,24.03883],[120.7203,24.03903],[120.71983,24.03932],[120.71974,24.03958],[120.71923,24.04004],[120.71839,24.04116],[120.7181,24.04135],[120.71771,24.04149],[120.71673,24.04153],[120.7163,24.04148],[120.71555,24.04061],[120.71506,24.04049],[120.71453,24.04087],[120.71403,24.041],[120.71348,24.04104],[120.71308,24.04093],[120.71287,24.04078],[120.71272,24.04056],[120.71282,24.03983],[120.7131,24.03924],[120.71343,24.03796],[120.71333,24.03765],[120.71313,24.0374],[120.71293,24.03723],[120.71242,24.03706],[120.712,24.03717],[120.71149,24.03744],[120.71117,24.0378],[120.71106,24.03821],[120.71062,24.03866],[120.7099,24.03864],[120.70905,24.03878],[120.70868,24.0391],[120.70843,24.0394],[120.70828,24.03973],[120.70825,24.04038],[120.70806,24.04146],[120.70798,24.04166],[120.7077,24.0418],[120.70698,24.04192],[120.70627,24.04213],[120.70578,24.04211],[120.70481,24.0422],[120.7032,24.0419],[120.70205,24.04151],[120.70061,24.04196],[120.70025,24.04201],[120.69992,24.04198],[120.6994,24.0418],[120.69883,24.04151],[120.69848,24.04146],[120.69793,24.04153],[120.69758,24.04164],[120.69726,24.04163],[120.6969,24.04173],[120.6964,24.04221],[120.69561,24.04248],[120.6946,24.04249],[120.69174,24.04393],[120.69106,24.04486],[120.6907,24.0459],[120.69003,24.04737],[120.69004,24.04803],[120.69014,24.04836],[120.69036,24.04869],[120.69087,24.0492],[120.69144,24.04959],[120.69347,24.05053],[120.69376,24.05083],[120.69378,24.05135],[120.69336,24.05455],[120.69454,24.05375],[120.69514,24.05343],[120.69582,24.05368],[120.69636,24.0535],[120.69645,24.05338],[120.69649,24.05277],[120.69659,24.05246],[120.6975,24.05232],[120.69772,24.05243],[120.69784,24.05264],[120.69792,24.05331],[120.698,24.05338],[120.69818,24.05338],[120.69918,24.05298],[120.69969,24.05237],[120.70047,24.05164],[120.70082,24.051],[120.70098,24.05089],[120.70138,24.05086],[120.70138,24.05111],[120.7011,24.05191],[120.70114,24.05199]]]}},{"type":"Feature","properties":{"c":"66000260010","t":"霧峰區","v":"北柳里"},"geometry":{"type":"Polygon","coordinates":[[[120.67934,24.07303],[120.67983,24.0724],[120.68039,24.07184],[120.68105,24.07131],[120.68181,24.07082],[120.6824,24.07056],[120.68328,24.07032],[120.68411,24.07024],[120.68519,24.0703],[120.68707,24.07071],[120.68904,24.07132],[120.69021,24.0718],[120.69117,24.07229],[120.69239,24.07157],[120.69298,24.07095],[120.69389,24.06964],[120.69451,24.06778],[120.69461,24.06708],[120.6946,24.06604],[120.69477,24.06495],[120.69478,24.06436],[120.69457,24.06371],[120.69425,24.06336],[120.69405,24.0625],[120.69387,24.06222],[120.69319,24.0617],[120.69265,24.06096],[120.69258,24.06075],[120.69154,24.06075],[120.69018,24.06084],[120.68974,24.06092],[120.68954,24.06116],[120.68964,24.06182],[120.68956,24.06212],[120.68936,24.06224],[120.68238,24.06367],[120.68075,24.06394],[120.68047,24.06379],[120.6802,24.06378],[120.68014,24.06357],[120.68085,24.06237],[120.6808,24.06193],[120.68057,24.0618],[120.68024,24.06181],[120.68012,24.06163],[120.68007,24.06063],[120.67982,24.06049],[120.67726,24.0604],[120.67742,24.06148],[120.67745,24.06232],[120.6773,24.06364],[120.67631,24.06537],[120.67626,24.06558],[120.67629,24.0657],[120.6767,24.06603],[120.67682,24.06624],[120.67686,24.06719],[120.67727,24.06796],[120.67732,24.06852],[120.67727,24.06886],[120.67707,24.06922],[120.67645,24.07119],[120.67649,24.07165],[120.67665,24.07213],[120.6769,24.07245],[120.67732,24.0728],[120.67786,24.07313],[120.67843,24.07332],[120.67895,24.07359],[120.67934,24.07303]]]}},{"type":"Feature","properties":{"c":"66000260011","t":"霧峰區","v":"南柳里"},"geometry":{"type":"Polygon","coordinates":[[[120.69258,24.06075],[120.69224,24.0601],[120.6927,24.0591],[120.69344,24.05834],[120.6937,24.05776],[120.69367,24.0571],[120.69336,24.05651],[120.69317,24.05567],[120.69378,24.05135],[120.69376,24.05083],[120.69347,24.05053],[120.69144,24.04959],[120.69087,24.0492],[120.69036,24.04869],[120.69014,24.04836],[120.69004,24.04803],[120.69003,24.04737],[120.6907,24.0459],[120.69106,24.04486],[120.69174,24.04393],[120.69201,24.04376],[120.69181,24.04243],[120.69167,24.04227],[120.69142,24.04225],[120.69123,24.04229],[120.69117,24.04258],[120.69116,24.04318],[120.69101,24.04329],[120.68847,24.04357],[120.68819,24.04349],[120.6879,24.04325],[120.68765,24.04318],[120.68742,24.04322],[120.68702,24.04344],[120.68607,24.04417],[120.68591,24.04442],[120.68507,24.04527],[120.68478,24.0455],[120.68448,24.0459],[120.68408,24.04667],[120.68397,24.04701],[120.68398,24.04748],[120.68413,24.04807],[120.68403,24.04839],[120.68342,24.04876],[120.68058,24.04908],[120.6804,24.04929],[120.6802,24.05111],[120.67974,24.05194],[120.67916,24.05229],[120.67888,24.05367],[120.67734,24.05434],[120.67663,24.05437],[120.67626,24.05447],[120.67586,24.05468],[120.67554,24.05498],[120.67527,24.05534],[120.67517,24.05564],[120.67521,24.05588],[120.67574,24.05693],[120.67632,24.05756],[120.67673,24.05825],[120.6769,24.05865],[120.67726,24.0604],[120.67982,24.06049],[120.68007,24.06063],[120.68012,24.06163],[120.68024,24.06181],[120.68057,24.0618],[120.6808,24.06193],[120.68085,24.06237],[120.68014,24.06357],[120.6802,24.06378],[120.68047,24.06379],[120.68075,24.06394],[120.68137,24.06385],[120.68936,24.06224],[120.68956,24.06212],[120.68964,24.06182],[120.68954,24.06116],[120.68974,24.06092],[120.69154,24.06075],[120.69258,24.06075]]]}},{"type":"Feature","properties":{"c":"66000260012","t":"霧峰區","v":"四德里"},"geometry":{"type":"Polygon","coordinates":[[[120.66463,24.08184],[120.66502,24.08157],[120.66609,24.08107],[120.66681,24.08092],[120.6692,24.08093],[120.67187,24.08113],[120.67237,24.08078],[120.67284,24.08032],[120.67393,24.0791],[120.67424,24.07884],[120.67561,24.07844],[120.67654,24.07779],[120.67675,24.07732],[120.67812,24.07514],[120.67895,24.07359],[120.67843,24.07332],[120.67786,24.07313],[120.67732,24.0728],[120.6769,24.07245],[120.67665,24.07213],[120.67649,24.07165],[120.67645,24.07119],[120.67707,24.06922],[120.67727,24.06886],[120.67732,24.06852],[120.67727,24.06796],[120.67686,24.06719],[120.67682,24.06624],[120.6767,24.06603],[120.67629,24.0657],[120.67626,24.06558],[120.67631,24.06537],[120.6773,24.06364],[120.67745,24.06232],[120.67742,24.06148],[120.67716,24.05977],[120.67685,24.05854],[120.67539,24.05849],[120.67445,24.05879],[120.67409,24.05901],[120.67299,24.06041],[120.67211,24.06104],[120.67164,24.06128],[120.67097,24.06136],[120.67045,24.06135],[120.66969,24.06102],[120.66952,24.06081],[120.66946,24.06061],[120.66946,24.05997],[120.67006,24.05867],[120.67,24.05817],[120.66983,24.05777],[120.66957,24.05747],[120.66908,24.05731],[120.66849,24.0574],[120.6683,24.05751],[120.66769,24.0575],[120.66701,24.05772],[120.66662,24.05772],[120.66633,24.05759],[120.66621,24.05734],[120.66623,24.05688],[120.66617,24.05668],[120.66584,24.05642],[120.66511,24.05628],[120.6653,24.05593],[120.66503,24.05583],[120.66511,24.05463],[120.66506,24.05446],[120.6649,24.05432],[120.66393,24.05397],[120.66345,24.05342],[120.66262,24.05335],[120.66224,24.05342],[120.66135,24.05342],[120.66084,24.05353],[120.661,24.05388],[120.6609,24.05468],[120.66092,24.05518],[120.66056,24.05593],[120.6604,24.05641],[120.66078,24.0569],[120.6614,24.05725],[120.66182,24.05734],[120.66188,24.05743],[120.66186,24.05764],[120.66222,24.05777],[120.6625,24.05765],[120.66259,24.05772],[120.66214,24.05898],[120.662,24.05918],[120.66162,24.05932],[120.66115,24.05982],[120.66033,24.06037],[120.65993,24.06054],[120.65943,24.06063],[120.65941,24.06092],[120.66021,24.06108],[120.65985,24.06278],[120.65926,24.06318],[120.65901,24.06352],[120.65884,24.06356],[120.65858,24.06328],[120.65848,24.06327],[120.65828,24.06335],[120.6581,24.06354],[120.65684,24.06403],[120.65672,24.06395],[120.65667,24.06382],[120.65651,24.06376],[120.65638,24.06386],[120.65622,24.06414],[120.65583,24.06443],[120.65646,24.06486],[120.65778,24.0653],[120.66091,24.0652],[120.66231,24.06543],[120.66466,24.06556],[120.66608,24.06541],[120.66791,24.06544],[120.67095,24.06518],[120.67171,24.06532],[120.67187,24.06543],[120.67199,24.0657],[120.67207,24.06669],[120.67243,24.06757],[120.67243,24.06783],[120.67232,24.06807],[120.67197,24.06849],[120.67156,24.06875],[120.67148,24.06898],[120.67159,24.0694],[120.67145,24.07011],[120.67086,24.07166],[120.67072,24.07182],[120.67039,24.07202],[120.66994,24.07277],[120.66938,24.0733],[120.66976,24.07384],[120.67001,24.07485],[120.67,24.07513],[120.66961,24.07563],[120.66926,24.07666],[120.66809,24.0783],[120.6674,24.07913],[120.66622,24.0799],[120.66461,24.08151],[120.66429,24.08206],[120.66463,24.08184]]]}},{"type":"Feature","properties":{"c":"66000260013","t":"霧峰區","v":"五福里"},"geometry":{"type":"Polygon","coordinates":[[[120.64846,24.09223],[120.64907,24.09163],[120.64998,24.09127],[120.65096,24.09067],[120.65137,24.09033],[120.65228,24.08938],[120.65305,24.08829],[120.65327,24.08819],[120.65452,24.08816],[120.65515,24.08802],[120.65685,24.08748],[120.65792,24.08703],[120.65763,24.08672],[120.65747,24.0864],[120.65723,24.08618],[120.65637,24.08628],[120.65594,24.08605],[120.65584,24.08587],[120.65582,24.08507],[120.65598,24.08484],[120.65731,24.08392],[120.65812,24.08313],[120.65899,24.08248],[120.6605,24.08163],[120.66093,24.08148],[120.66148,24.08143],[120.66182,24.0815],[120.66218,24.08175],[120.66335,24.08228],[120.66367,24.0823],[120.66415,24.08214],[120.66429,24.08206],[120.66461,24.08151],[120.66622,24.0799],[120.6674,24.07913],[120.66809,24.0783],[120.66926,24.07666],[120.66961,24.07563],[120.67,24.07513],[120.67001,24.07485],[120.66976,24.07384],[120.66938,24.0733],[120.66994,24.07277],[120.67039,24.07202],[120.67072,24.07182],[120.67086,24.07166],[120.67145,24.07011],[120.67159,24.0694],[120.67148,24.06898],[120.67156,24.06875],[120.67197,24.06849],[120.67232,24.06807],[120.67243,24.06783],[120.67243,24.06757],[120.67207,24.06669],[120.67199,24.0657],[120.67187,24.06543],[120.67171,24.06532],[120.67095,24.06518],[120.66791,24.06544],[120.66608,24.06541],[120.66466,24.06556],[120.66231,24.06543],[120.66091,24.0652],[120.65778,24.0653],[120.65646,24.06486],[120.65583,24.06443],[120.65558,24.06463],[120.65536,24.06506],[120.65479,24.06543],[120.65428,24.06562],[120.65358,24.06575],[120.65348,24.06584],[120.65297,24.06664],[120.653,24.06803],[120.65312,24.06869],[120.65244,24.07074],[120.65222,24.07123],[120.65198,24.07157],[120.65139,24.07198],[120.65101,24.07242],[120.65053,24.07318],[120.65045,24.07364],[120.65073,24.07457],[120.65084,24.07585],[120.65077,24.07617],[120.65043,24.0767],[120.65039,24.07692],[120.65036,24.07792],[120.6505,24.07899],[120.65139,24.08044],[120.6526,24.08127],[120.65253,24.08136],[120.65213,24.08143],[120.65179,24.08184],[120.6518,24.08192],[120.65214,24.08209],[120.65212,24.08219],[120.65183,24.08257],[120.6511,24.08378],[120.65067,24.08428],[120.65016,24.08466],[120.64971,24.0851],[120.64946,24.08583],[120.6494,24.08639],[120.64906,24.08661],[120.64822,24.08689],[120.64796,24.08868],[120.64778,24.08897],[120.64787,24.08924],[120.64813,24.08965],[120.64818,24.08988],[120.64801,24.09019],[120.64788,24.09029],[120.64777,24.0907],[120.6478,24.09114],[120.64825,24.09236],[120.64846,24.09223]]]}},{"type":"Feature","properties":{"c":"66000260014","t":"霧峰區","v":"萬豐里"},"geometry":{"type":"Polygon","coordinates":[[[120.69797,24.03545],[120.69916,24.03555],[120.69977,24.03544],[120.70109,24.03553],[120.70203,24.03543],[120.70288,24.03547],[120.70324,24.03535],[120.70341,24.03483],[120.70345,24.03425],[120.70323,24.03287],[120.70349,24.03278],[120.7041,24.03273],[120.70433,24.03254],[120.70604,24.03251],[120.70757,24.03276],[120.70782,24.03263],[120.70805,24.03236],[120.70859,24.03193],[120.70952,24.0322],[120.70992,24.0321],[120.71005,24.03196],[120.70995,24.0315],[120.70964,24.03071],[120.70926,24.02927],[120.70936,24.02886],[120.70956,24.0288],[120.71008,24.02882],[120.71093,24.0287],[120.71199,24.02874],[120.7149,24.02904],[120.71666,24.02905],[120.71711,24.02898],[120.71748,24.02879],[120.71841,24.02879],[120.71892,24.02866],[120.72103,24.02783],[120.72165,24.02781],[120.72259,24.02823],[120.72339,24.02851],[120.7237,24.02854],[120.72475,24.02805],[120.72627,24.02782],[120.72756,24.02795],[120.72895,24.02786],[120.72912,24.02776],[120.72998,24.02682],[120.73134,24.02485],[120.73166,24.02464],[120.73254,24.02439],[120.73354,24.02419],[120.73432,24.02424],[120.73488,24.02443],[120.73566,24.02451],[120.73641,24.02444],[120.73662,24.02454],[120.73739,24.02556],[120.73808,24.02615],[120.73977,24.02724],[120.74105,24.02781],[120.74237,24.02823],[120.74281,24.02811],[120.74392,24.02734],[120.74436,24.02734],[120.74553,24.02766],[120.74582,24.02769],[120.74611,24.02764],[120.74667,24.02727],[120.74685,24.02736],[120.74768,24.02888],[120.74797,24.0298],[120.74813,24.03007],[120.74845,24.03024],[120.74875,24.03012],[120.749,24.02985],[120.74979,24.0285],[120.7512,24.02708],[120.75257,24.02691],[120.7533,24.02752],[120.75371,24.02764],[120.75479,24.02741],[120.75573,24.02696],[120.75696,24.02703],[120.75797,24.02716],[120.75865,24.02758],[120.75966,24.02797],[120.7601,24.02804],[120.76104,24.02831],[120.76159,24.02834],[120.7623,24.02791],[120.7627,24.02745],[120.76291,24.02698],[120.76325,24.02677],[120.76369,24.02676],[120.76525,24.02694],[120.76586,24.02679],[120.767,24.0272],[120.76779,24.0272],[120.76893,24.02676],[120.77001,24.02658],[120.77161,24.02617],[120.77527,24.0254],[120.77638,24.0247],[120.77701,24.02461],[120.77878,24.02465],[120.78004,24.02391],[120.78068,24.02365],[120.78187,24.02273],[120.78161,24.02239],[120.78137,24.02219],[120.78034,24.0216],[120.77981,24.02119],[120.77973,24.02096],[120.77976,24.02026],[120.77965,24.02015],[120.77775,24.0194],[120.77742,24.01934],[120.7765,24.01938],[120.77613,24.0192],[120.77528,24.01862],[120.77513,24.01846],[120.77506,24.0182],[120.77478,24.01772],[120.7739,24.01664],[120.77339,24.01581],[120.77246,24.01507],[120.77235,24.01475],[120.77155,24.01447],[120.77136,24.01434],[120.77116,24.014],[120.77111,24.01347],[120.77135,24.01298],[120.77137,24.01265],[120.77122,24.01244],[120.77092,24.01225],[120.77112,24.01174],[120.77113,24.01145],[120.77097,24.0112],[120.77045,24.01078],[120.77036,24.0106],[120.77046,24.01037],[120.7709,24.00994],[120.77098,24.00977],[120.77094,24.00951],[120.77056,24.00907],[120.76907,24.00907],[120.76847,24.00921],[120.76778,24.00915],[120.76736,24.00897],[120.7667,24.00833],[120.76561,24.00798],[120.76525,24.00775],[120.76449,24.0071],[120.76267,24.00626],[120.76073,24.00618],[120.76002,24.00647],[120.75982,24.00647],[120.75956,24.00644],[120.75885,24.00603],[120.75852,24.00595],[120.75811,24.0061],[120.75797,24.00609],[120.75779,24.00587],[120.75774,24.0054],[120.75756,24.0049],[120.75684,24.00478],[120.75648,24.00454],[120.75618,24.00452],[120.75614,24.00446],[120.75621,24.00427],[120.75621,24.00396],[120.7559,24.00353],[120.75547,24.00341],[120.7545,24.0034],[120.75443,24.00332],[120.75442,24.00296],[120.75432,24.00271],[120.75421,24.00264],[120.75364,24.00256],[120.75325,24.00234],[120.75307,24.00237],[120.75262,24.00265],[120.75185,24.00283],[120.7514,24.00288],[120.75104,24.00283],[120.7501,24.00216],[120.74956,24.00147],[120.74874,24.00101],[120.7486,24.00083],[120.74822,23.99988],[120.7476,23.99915],[120.74593,23.99856],[120.74544,23.99915],[120.74388,24.0019],[120.74365,24.00217],[120.73313,24.00839],[120.73173,24.009],[120.72292,24.00962],[120.71924,24.00966],[120.70638,24.00519],[120.70364,24.00565],[120.7044,24.00788],[120.7046,24.0091],[120.70465,24.00988],[120.7045,24.01019],[120.70413,24.01022],[120.70334,24.01],[120.70299,24.01001],[120.70313,24.01032],[120.70311,24.01056],[120.70248,24.01084],[120.70162,24.01156],[120.69982,24.01195],[120.69876,24.01285],[120.69837,24.01345],[120.69823,24.01404],[120.6982,24.01492],[120.69785,24.01592],[120.69747,24.01667],[120.69737,24.01717],[120.69758,24.01803],[120.69743,24.01839],[120.69698,24.01902],[120.69668,24.01978],[120.69645,24.02011],[120.69594,24.02056],[120.69538,24.02136],[120.69529,24.02228],[120.69549,24.02291],[120.69609,24.02391],[120.69593,24.0245],[120.69641,24.02587],[120.69643,24.02615],[120.69629,24.02643],[120.69608,24.02742],[120.69633,24.02808],[120.69656,24.02941],[120.6964,24.03014],[120.69596,24.03036],[120.6955,24.0305],[120.69524,24.03073],[120.69471,24.03161],[120.69457,24.03257],[120.69364,24.0335],[120.69345,24.03392],[120.69343,24.03499],[120.6932,24.03594],[120.69331,24.0362],[120.69359,24.03629],[120.69565,24.03618],[120.69658,24.03601],[120.69721,24.03583],[120.69771,24.03552],[120.69797,24.03545]]]}},{"type":"Feature","properties":{"c":"66000260015","t":"霧峰區","v":"舊正里"},"geometry":{"type":"Polygon","coordinates":[[[120.69616,24.02702],[120.69629,24.02643],[120.69643,24.02615],[120.69641,24.02587],[120.69593,24.0245],[120.69609,24.02391],[120.69549,24.02291],[120.69529,24.02228],[120.69538,24.02136],[120.69594,24.02056],[120.69645,24.02011],[120.69668,24.01978],[120.69698,24.01902],[120.69743,24.01839],[120.69758,24.01803],[120.69737,24.01717],[120.69747,24.01667],[120.69785,24.01592],[120.6982,24.01492],[120.69823,24.01404],[120.69837,24.01345],[120.69876,24.01285],[120.69982,24.01195],[120.70162,24.01156],[120.70248,24.01084],[120.70311,24.01056],[120.70313,24.01032],[120.70299,24.01001],[120.70334,24.01],[120.70413,24.01022],[120.7045,24.01019],[120.70465,24.00988],[120.7046,24.0091],[120.7044,24.00788],[120.70364,24.00565],[120.69798,24.00663],[120.69753,24.00678],[120.69595,24.00694],[120.69488,24.00712],[120.69185,24.00818],[120.68885,24.00927],[120.686,24.01047],[120.68293,24.01216],[120.67883,24.01419],[120.67876,24.01422],[120.67865,24.01403],[120.67641,24.0155],[120.67759,24.0169],[120.67791,24.01744],[120.67847,24.01801],[120.67907,24.01887],[120.67935,24.01954],[120.67989,24.02016],[120.68021,24.02029],[120.68069,24.02032],[120.68134,24.02026],[120.68164,24.02039],[120.68183,24.02074],[120.68182,24.02126],[120.68131,24.02285],[120.68127,24.0236],[120.6811,24.02438],[120.68105,24.02548],[120.68009,24.02707],[120.6796,24.02812],[120.6795,24.02856],[120.67946,24.02927],[120.67978,24.03017],[120.68054,24.03007],[120.68082,24.02992],[120.68138,24.029],[120.68167,24.02878],[120.68195,24.02875],[120.68271,24.02923],[120.68347,24.02962],[120.68377,24.02962],[120.68408,24.02942],[120.68537,24.02817],[120.6858,24.02926],[120.68603,24.02927],[120.68887,24.02858],[120.68904,24.02846],[120.68984,24.02744],[120.6944,24.02732],[120.69476,24.02728],[120.69533,24.02695],[120.69579,24.02697],[120.69616,24.02702]]]}},{"type":"Feature","properties":{"c":"66000260016","t":"霧峰區","v":"峰谷里"},"geometry":{"type":"Polygon","coordinates":[[[120.78652,24.02946],[120.78606,24.02925],[120.78548,24.02867],[120.78562,24.02843],[120.78596,24.0282],[120.78588,24.02794],[120.78547,24.02764],[120.78482,24.02762],[120.78471,24.02751],[120.78472,24.02732],[120.78496,24.02688],[120.78502,24.02563],[120.78466,24.02492],[120.78465,24.02408],[120.78422,24.0241],[120.78313,24.02478],[120.78292,24.02456],[120.783,24.02401],[120.78292,24.02367],[120.78257,24.02327],[120.78232,24.02319],[120.78201,24.02299],[120.78187,24.02273],[120.78068,24.02365],[120.78004,24.02391],[120.77878,24.02465],[120.77701,24.02461],[120.77638,24.0247],[120.77527,24.0254],[120.77161,24.02617],[120.77001,24.02658],[120.76893,24.02676],[120.76779,24.0272],[120.767,24.0272],[120.76586,24.02679],[120.76525,24.02694],[120.76369,24.02676],[120.76325,24.02677],[120.76291,24.02698],[120.7627,24.02745],[120.7623,24.02791],[120.76159,24.02834],[120.76104,24.02831],[120.7601,24.02804],[120.75966,24.02797],[120.75865,24.02758],[120.75797,24.02716],[120.75696,24.02703],[120.75573,24.02696],[120.75479,24.02741],[120.75371,24.02764],[120.7533,24.02752],[120.75257,24.02691],[120.7512,24.02708],[120.74979,24.0285],[120.749,24.02985],[120.74875,24.03012],[120.74845,24.03024],[120.74813,24.03007],[120.74797,24.0298],[120.74768,24.02888],[120.74685,24.02736],[120.74667,24.02727],[120.74611,24.02764],[120.74582,24.02769],[120.74553,24.02766],[120.74436,24.02734],[120.74392,24.02734],[120.74281,24.02811],[120.74237,24.02823],[120.74105,24.02781],[120.73977,24.02724],[120.73808,24.02615],[120.73739,24.02556],[120.73662,24.02454],[120.73641,24.02444],[120.73566,24.02451],[120.73488,24.02443],[120.73432,24.02424],[120.73354,24.02419],[120.73254,24.02439],[120.73166,24.02464],[120.73134,24.02485],[120.72998,24.02682],[120.72912,24.02776],[120.72895,24.02786],[120.72756,24.02795],[120.72627,24.02782],[120.72475,24.02805],[120.7237,24.02854],[120.72339,24.02851],[120.72259,24.02823],[120.72165,24.02781],[120.72103,24.02783],[120.71892,24.02866],[120.71841,24.02879],[120.71748,24.02879],[120.71711,24.02898],[120.71666,24.02905],[120.7149,24.02904],[120.71199,24.02874],[120.71093,24.0287],[120.71008,24.02882],[120.70956,24.0288],[120.70936,24.02886],[120.70926,24.02927],[120.70964,24.03071],[120.70995,24.0315],[120.71005,24.03196],[120.70992,24.0321],[120.70952,24.0322],[120.70859,24.03193],[120.70805,24.03236],[120.70782,24.03263],[120.70757,24.03276],[120.70604,24.03251],[120.70433,24.03254],[120.7041,24.03273],[120.70349,24.03278],[120.70323,24.03287],[120.70345,24.03425],[120.70341,24.03483],[120.70324,24.03535],[120.70288,24.03547],[120.70203,24.03543],[120.70109,24.03553],[120.69977,24.03544],[120.69916,24.03555],[120.69797,24.03545],[120.69807,24.03684],[120.69835,24.03901],[120.69836,24.03969],[120.69857,24.04076],[120.69844,24.04146],[120.69883,24.04151],[120.6994,24.0418],[120.69992,24.04198],[120.70025,24.04201],[120.70061,24.04196],[120.70205,24.04151],[120.7032,24.0419],[120.70481,24.0422],[120.70578,24.04211],[120.70627,24.04213],[120.70698,24.04192],[120.7077,24.0418],[120.70798,24.04166],[120.70806,24.04146],[120.70825,24.04038],[120.70828,24.03973],[120.70843,24.0394],[120.70868,24.0391],[120.70905,24.03878],[120.7099,24.03864],[120.71062,24.03866],[120.71106,24.03821],[120.71117,24.0378],[120.71149,24.03744],[120.712,24.03717],[120.71242,24.03706],[120.71293,24.03723],[120.71313,24.0374],[120.71333,24.03765],[120.71343,24.03796],[120.7131,24.03924],[120.71282,24.03983],[120.71272,24.04056],[120.71287,24.04078],[120.71308,24.04093],[120.71348,24.04104],[120.71403,24.041],[120.71453,24.04087],[120.71506,24.04049],[120.71555,24.04061],[120.7163,24.04148],[120.71673,24.04153],[120.71771,24.04149],[120.7181,24.04135],[120.71839,24.04116],[120.71923,24.04004],[120.71974,24.03958],[120.71983,24.03932],[120.7203,24.03903],[120.72046,24.03883],[120.72079,24.03791],[120.72111,24.0373],[120.72267,24.03697],[120.72364,24.03684],[120.72545,24.03614],[120.72589,24.03588],[120.72604,24.03562],[120.72612,24.03456],[120.72624,24.03419],[120.72648,24.03385],[120.72695,24.0335],[120.72741,24.03328],[120.72811,24.03314],[120.72978,24.03324],[120.73071,24.03285],[120.73132,24.0327],[120.73203,24.03297],[120.73306,24.03377],[120.73373,24.03467],[120.73423,24.03586],[120.73503,24.03677],[120.73563,24.03716],[120.73605,24.03718],[120.73749,24.03686],[120.73885,24.03622],[120.73963,24.03625],[120.73985,24.03632],[120.74045,24.03666],[120.74098,24.03741],[120.74113,24.03797],[120.74123,24.03806],[120.74253,24.03847],[120.74313,24.03844],[120.74426,24.03796],[120.74528,24.03778],[120.74586,24.0375],[120.74693,24.03769],[120.74759,24.03794],[120.7479,24.03797],[120.74892,24.03847],[120.74922,24.03848],[120.74956,24.03836],[120.75026,24.03741],[120.75052,24.0373],[120.75105,24.03721],[120.75191,24.03718],[120.75216,24.03735],[120.75301,24.03738],[120.7536,24.03725],[120.75565,24.03625],[120.75676,24.03535],[120.75942,24.03428],[120.762,24.03359],[120.76294,24.03349],[120.76455,24.03354],[120.76573,24.03373],[120.76627,24.03364],[120.76655,24.03336],[120.76759,24.03272],[120.77045,24.03162],[120.77153,24.03103],[120.77251,24.03079],[120.7741,24.03095],[120.77657,24.03088],[120.77846,24.03051],[120.77958,24.03045],[120.78345,24.02961],[120.78514,24.0294],[120.78639,24.02952],[120.78652,24.02946],[120.78652,24.02946]]]}},{"type":"Feature","properties":{"c":"66000260017","t":"霧峰區","v":"六股里"},"geometry":{"type":"Polygon","coordinates":[[[120.69201,24.04376],[120.69301,24.04332],[120.6937,24.04291],[120.6946,24.04249],[120.69561,24.04248],[120.6964,24.04221],[120.6969,24.04173],[120.69844,24.04146],[120.69857,24.04076],[120.69836,24.03969],[120.69835,24.03901],[120.69807,24.03684],[120.69797,24.03545],[120.69771,24.03552],[120.69721,24.03583],[120.69658,24.03601],[120.69565,24.03618],[120.69359,24.03629],[120.69331,24.0362],[120.6932,24.03594],[120.69343,24.03499],[120.69345,24.03392],[120.69364,24.0335],[120.69457,24.03257],[120.69471,24.03161],[120.69524,24.03073],[120.6955,24.0305],[120.69596,24.03036],[120.6964,24.03014],[120.69656,24.02941],[120.69654,24.02908],[120.69638,24.02858],[120.69633,24.02808],[120.69608,24.02742],[120.69616,24.02702],[120.69533,24.02695],[120.69476,24.02728],[120.6944,24.02732],[120.68984,24.02744],[120.68904,24.02846],[120.68887,24.02858],[120.68603,24.02927],[120.6858,24.02926],[120.68537,24.02817],[120.68408,24.02942],[120.68377,24.02962],[120.68347,24.02962],[120.68271,24.02923],[120.68195,24.02875],[120.68167,24.02878],[120.68138,24.029],[120.68082,24.02992],[120.68054,24.03007],[120.67978,24.03017],[120.67915,24.03044],[120.67827,24.03121],[120.67792,24.03169],[120.67778,24.03207],[120.67853,24.03185],[120.6788,24.03182],[120.67898,24.03188],[120.67897,24.03225],[120.67913,24.03265],[120.67952,24.03324],[120.6796,24.03421],[120.67944,24.03481],[120.67947,24.03568],[120.67986,24.0362],[120.68049,24.03658],[120.68094,24.03674],[120.68122,24.03702],[120.68106,24.03836],[120.68074,24.03847],[120.68057,24.03872],[120.6805,24.03947],[120.68036,24.0399],[120.68036,24.04005],[120.68062,24.04041],[120.68063,24.04066],[120.68044,24.04104],[120.6804,24.04133],[120.68042,24.04166],[120.6806,24.04204],[120.68065,24.0424],[120.68049,24.04301],[120.67964,24.04423],[120.67959,24.04457],[120.67982,24.04478],[120.68082,24.04507],[120.68187,24.04509],[120.68288,24.0452],[120.68384,24.04547],[120.68472,24.04558],[120.68591,24.04442],[120.68607,24.04417],[120.68702,24.04344],[120.68742,24.04322],[120.68765,24.04318],[120.6879,24.04325],[120.68819,24.04349],[120.68847,24.04357],[120.69101,24.04329],[120.69116,24.04318],[120.69117,24.04258],[120.69123,24.04229],[120.69142,24.04225],[120.69167,24.04227],[120.69181,24.04243],[120.69198,24.04345],[120.69201,24.04376]]]}},{"type":"Feature","properties":{"c":"66000260018","t":"霧峰區","v":"丁台里"},"geometry":{"type":"Polygon","coordinates":[[[120.67685,24.05854],[120.67632,24.05756],[120.67574,24.05693],[120.67521,24.05588],[120.67517,24.05564],[120.67527,24.05534],[120.67554,24.05498],[120.67586,24.05468],[120.67626,24.05447],[120.67663,24.05437],[120.67734,24.05434],[120.67888,24.05367],[120.67916,24.05229],[120.67974,24.05194],[120.6802,24.05111],[120.6804,24.04929],[120.68058,24.04908],[120.68342,24.04876],[120.68403,24.04839],[120.68413,24.04807],[120.68398,24.04748],[120.68397,24.04701],[120.68448,24.0459],[120.68472,24.04558],[120.68384,24.04547],[120.68288,24.0452],[120.68187,24.04509],[120.68082,24.04507],[120.67982,24.04478],[120.67959,24.04457],[120.67964,24.04423],[120.68049,24.04301],[120.68065,24.0424],[120.6806,24.04204],[120.68042,24.04166],[120.6804,24.04133],[120.68044,24.04104],[120.68063,24.04066],[120.68062,24.04041],[120.68036,24.04005],[120.68036,24.0399],[120.6805,24.03947],[120.68057,24.03872],[120.68074,24.03847],[120.68106,24.03836],[120.68122,24.03702],[120.68094,24.03674],[120.68049,24.03658],[120.67986,24.0362],[120.67947,24.03568],[120.67944,24.03481],[120.6796,24.03421],[120.67952,24.03324],[120.67913,24.03265],[120.67897,24.03225],[120.67898,24.03188],[120.6788,24.03182],[120.67702,24.03229],[120.67577,24.03399],[120.67525,24.03503],[120.67483,24.0356],[120.67466,24.03623],[120.67437,24.03683],[120.67278,24.03784],[120.67159,24.03893],[120.67068,24.03965],[120.67055,24.03994],[120.67048,24.04068],[120.66989,24.04253],[120.66984,24.04329],[120.67008,24.04458],[120.67015,24.04472],[120.67066,24.04487],[120.66977,24.04877],[120.66874,24.05148],[120.66824,24.05257],[120.6661,24.05445],[120.66578,24.05489],[120.66551,24.05555],[120.66511,24.05628],[120.66584,24.05642],[120.66617,24.05668],[120.66623,24.05688],[120.66621,24.05734],[120.66633,24.05759],[120.66662,24.05772],[120.66701,24.05772],[120.66769,24.0575],[120.6683,24.05751],[120.66849,24.0574],[120.66908,24.05731],[120.66957,24.05747],[120.66983,24.05777],[120.67,24.05817],[120.67006,24.05867],[120.66946,24.05997],[120.66946,24.06061],[120.66952,24.06081],[120.66969,24.06102],[120.67045,24.06135],[120.67097,24.06136],[120.67164,24.06128],[120.67211,24.06104],[120.67299,24.06041],[120.67409,24.05901],[120.67445,24.05879],[120.67539,24.05849],[120.67611,24.05848],[120.67685,24.05854]]]}},{"type":"Feature","properties":{"c":"66000260019","t":"霧峰區","v":"北勢里"},"geometry":{"type":"Polygon","coordinates":[[[120.67702,24.03229],[120.67546,24.03275],[120.67399,24.03359],[120.67301,24.03428],[120.67008,24.03565],[120.66881,24.03633],[120.66628,24.03715],[120.66572,24.03722],[120.66407,24.03699],[120.66094,24.03555],[120.65825,24.03465],[120.65804,24.03465],[120.65729,24.03522],[120.65706,24.03532],[120.65682,24.03531],[120.65657,24.03521],[120.65601,24.03472],[120.65567,24.03403],[120.65507,24.03409],[120.65447,24.03431],[120.65398,24.03437],[120.65359,24.03434],[120.65314,24.03414],[120.6527,24.0338],[120.65087,24.03617],[120.65044,24.03687],[120.64984,24.03815],[120.64958,24.03935],[120.64958,24.03971],[120.64994,24.04037],[120.65026,24.04075],[120.6509,24.04141],[120.65139,24.04176],[120.65299,24.03978],[120.65441,24.04047],[120.65503,24.04058],[120.65583,24.0401],[120.65737,24.03943],[120.65767,24.03938],[120.65809,24.03954],[120.65871,24.03957],[120.65768,24.04172],[120.65853,24.04175],[120.65868,24.04178],[120.65873,24.04192],[120.6586,24.04271],[120.65834,24.04327],[120.65831,24.04348],[120.65864,24.04412],[120.65872,24.0444],[120.65844,24.04529],[120.65836,24.04592],[120.6591,24.04659],[120.65939,24.04672],[120.65964,24.04674],[120.6607,24.0459],[120.66111,24.04565],[120.66167,24.04544],[120.66205,24.04539],[120.66209,24.04546],[120.66204,24.04564],[120.66183,24.04592],[120.66124,24.04636],[120.66085,24.04673],[120.66075,24.04697],[120.6607,24.0472],[120.66081,24.04797],[120.66068,24.04831],[120.66083,24.04925],[120.65998,24.05094],[120.65994,24.052],[120.66,24.05261],[120.66013,24.05282],[120.66084,24.05353],[120.66135,24.05342],[120.66224,24.05342],[120.66262,24.05335],[120.66345,24.05342],[120.66393,24.05397],[120.6649,24.05432],[120.66506,24.05446],[120.66511,24.05463],[120.66503,24.05583],[120.6653,24.05593],[120.66578,24.05489],[120.6661,24.05445],[120.66824,24.05257],[120.66874,24.05148],[120.66977,24.04877],[120.67066,24.04487],[120.67015,24.04472],[120.67008,24.04458],[120.66984,24.04329],[120.66989,24.04253],[120.67048,24.04068],[120.67055,24.03994],[120.67068,24.03965],[120.67159,24.03893],[120.67278,24.03784],[120.67437,24.03683],[120.67466,24.03623],[120.67483,24.0356],[120.67525,24.03503],[120.67577,24.03399],[120.67702,24.03229]]]}},{"type":"Feature","properties":{"c":"66000260020","t":"霧峰區","v":"南勢里"},"geometry":{"type":"Polygon","coordinates":[[[120.67702,24.03229],[120.67778,24.03207],[120.67792,24.03169],[120.67827,24.03121],[120.67915,24.03044],[120.67978,24.03017],[120.67946,24.02927],[120.6795,24.02856],[120.6796,24.02812],[120.68009,24.02707],[120.68105,24.02548],[120.6811,24.02438],[120.68127,24.0236],[120.68131,24.02285],[120.68182,24.02126],[120.68183,24.02074],[120.68164,24.02039],[120.68134,24.02026],[120.68069,24.02032],[120.68021,24.02029],[120.67989,24.02016],[120.67935,24.01954],[120.67907,24.01887],[120.67847,24.01801],[120.67791,24.01744],[120.67759,24.0169],[120.67641,24.0155],[120.66843,24.02073],[120.66478,24.02329],[120.66456,24.02393],[120.66391,24.02467],[120.66349,24.02497],[120.66123,24.0257],[120.66091,24.02589],[120.66067,24.02618],[120.65983,24.02686],[120.65938,24.02736],[120.65814,24.02824],[120.6527,24.0338],[120.65314,24.03414],[120.65359,24.03434],[120.65398,24.03437],[120.65447,24.03431],[120.65507,24.03409],[120.65567,24.03403],[120.65601,24.03472],[120.65657,24.03521],[120.65682,24.03531],[120.65706,24.03532],[120.65729,24.03522],[120.65804,24.03465],[120.65825,24.03465],[120.66094,24.03555],[120.66407,24.03699],[120.66572,24.03722],[120.66628,24.03715],[120.66881,24.03633],[120.67008,24.03565],[120.67301,24.03428],[120.67399,24.03359],[120.67546,24.03275],[120.67702,24.03229]]]}},{"type":"Feature","properties":{"c":"66000270001","t":"太平區","v":"太平里"},"geometry":{"type":"Polygon","coordinates":[[[120.70671,24.12948],[120.70726,24.12901],[120.7093,24.12786],[120.71378,24.12508],[120.71548,24.12471],[120.71604,24.12472],[120.71628,24.12502],[120.71723,24.12516],[120.71755,24.12542],[120.71815,24.12565],[120.71795,24.12504],[120.71711,24.12411],[120.71796,24.12288],[120.71894,24.12198],[120.71851,24.12153],[120.71761,24.12086],[120.71634,24.12032],[120.71579,24.11998],[120.71273,24.1176],[120.71222,24.11354],[120.71211,24.11212],[120.7119,24.11063],[120.7117,24.11054],[120.71098,24.1106],[120.71051,24.11096],[120.70852,24.11147],[120.70746,24.11191],[120.70719,24.11196],[120.70616,24.11191],[120.70478,24.11162],[120.70383,24.11133],[120.70355,24.11136],[120.70218,24.11116],[120.70194,24.11118],[120.70143,24.11137],[120.70116,24.11163],[120.70093,24.11214],[120.70073,24.11279],[120.7007,24.11294],[120.70082,24.11369],[120.70131,24.11553],[120.70143,24.11647],[120.70147,24.1177],[120.70205,24.12103],[120.70255,24.1221],[120.70394,24.1244],[120.7045,24.12563],[120.70568,24.12789],[120.7067,24.12948],[120.70671,24.12948]]]}},{"type":"Feature","properties":{"c":"66000270002","t":"太平區","v":"長億里"},"geometry":{"type":"Polygon","coordinates":[[[120.71204,24.11182],[120.71211,24.11212],[120.71233,24.11446],[120.71463,24.11504],[120.71561,24.11535],[120.71641,24.11573],[120.71753,24.11643],[120.71813,24.11691],[120.7215,24.11987],[120.72333,24.11837],[120.7239,24.11718],[120.72451,24.11641],[120.72484,24.1162],[120.72654,24.11542],[120.72597,24.11484],[120.72467,24.11452],[120.72414,24.11414],[120.72393,24.11346],[120.72399,24.1129],[120.72372,24.11231],[120.7235,24.112],[120.7228,24.11153],[120.72171,24.1099],[120.72169,24.10956],[120.72132,24.10941],[120.72032,24.10924],[120.71944,24.10924],[120.71833,24.10956],[120.71784,24.10964],[120.71512,24.10982],[120.71362,24.10956],[120.71395,24.10989],[120.71395,24.11],[120.71352,24.11038],[120.71329,24.11068],[120.71313,24.11069],[120.71299,24.1106],[120.71252,24.11049],[120.7117,24.11054],[120.7119,24.11063],[120.71204,24.11182]]]}},{"type":"Feature","properties":{"c":"66000270003","t":"太平區","v":"中平里"},"geometry":{"type":"Polygon","coordinates":[[[120.72211,24.12906],[120.72295,24.12808],[120.72143,24.12702],[120.72207,24.12564],[120.7227,24.12393],[120.72308,24.12343],[120.72242,24.12295],[120.72188,24.12246],[120.72179,24.12253],[120.72115,24.12226],[120.71983,24.12126],[120.71803,24.12281],[120.71711,24.12411],[120.71795,24.12504],[120.71815,24.12565],[120.71882,24.12675],[120.71993,24.12739],[120.72075,24.12818],[120.72211,24.12906]]]}},{"type":"Feature","properties":{"c":"66000270004","t":"太平區","v":"中興里"},"geometry":{"type":"Polygon","coordinates":[[[120.71566,24.13565],[120.71622,24.13334],[120.71792,24.12874],[120.71305,24.12552],[120.7093,24.12786],[120.70726,24.12901],[120.7067,24.12948],[120.70794,24.13197],[120.70818,24.13282],[120.70912,24.13319],[120.70934,24.13336],[120.70967,24.13379],[120.71059,24.13418],[120.71111,24.13481],[120.71145,24.13504],[120.7124,24.1355],[120.71323,24.13567],[120.71412,24.1356],[120.71497,24.13567],[120.71566,24.13565]]]}},{"type":"Feature","properties":{"c":"66000270005","t":"太平區","v":"建國里"},"geometry":{"type":"Polygon","coordinates":[[[120.72452,24.13012],[120.72539,24.12923],[120.72612,24.12802],[120.7268,24.12737],[120.72737,24.12694],[120.72807,24.12596],[120.72827,24.12578],[120.72841,24.12592],[120.72883,24.12556],[120.73033,24.12466],[120.7308,24.12431],[120.73132,24.12377],[120.73132,24.12367],[120.73081,24.12263],[120.73052,24.12222],[120.73001,24.12169],[120.72972,24.12152],[120.72947,24.12124],[120.72893,24.12038],[120.72872,24.11973],[120.72828,24.11897],[120.72671,24.12132],[120.72634,24.12177],[120.72557,24.12224],[120.72523,24.12269],[120.7246,24.12325],[120.72436,24.1236],[120.72334,24.12289],[120.72298,24.12361],[120.7227,24.12393],[120.72207,24.12564],[120.72143,24.12702],[120.72295,24.12808],[120.72211,24.12906],[120.72245,24.12929],[120.72304,24.12947],[120.72388,24.12983],[120.72397,24.12974],[120.72449,24.13011],[120.72452,24.13012]]]}},{"type":"Feature","properties":{"c":"66000270006","t":"太平區","v":"東平里"},"geometry":{"type":"Polygon","coordinates":[[[120.72429,24.13938],[120.72403,24.13638],[120.726,24.13638],[120.72594,24.13405],[120.72401,24.13388],[120.7162,24.13343],[120.71566,24.13565],[120.7166,24.13557],[120.71745,24.13563],[120.71772,24.13575],[120.71859,24.13729],[120.71903,24.13753],[120.71948,24.13814],[120.71995,24.13821],[120.72058,24.13878],[120.72089,24.13871],[120.72119,24.13892],[120.72139,24.13898],[120.72208,24.13906],[120.72269,24.13903],[120.72327,24.13923],[120.72364,24.13911],[120.72397,24.13908],[120.72412,24.13915],[120.72425,24.13936],[120.72429,24.13938]]]}},{"type":"Feature","properties":{"c":"66000270007","t":"太平區","v":"宜欣里"},"geometry":{"type":"Polygon","coordinates":[[[120.72166,24.14683],[120.72157,24.14488],[120.72145,24.14439],[120.72117,24.1437],[120.72133,24.14117],[120.72117,24.14059],[120.72084,24.14015],[120.72022,24.13957],[120.71995,24.1391],[120.71988,24.13869],[120.71915,24.13767],[120.71903,24.13753],[120.71859,24.13729],[120.71772,24.13575],[120.71745,24.13563],[120.7166,24.13557],[120.71566,24.13565],[120.71517,24.13778],[120.71433,24.14479],[120.71456,24.14516],[120.71486,24.14518],[120.71487,24.14553],[120.71545,24.14639],[120.71821,24.14641],[120.71863,24.14659],[120.71888,24.14688],[120.72057,24.14682],[120.72166,24.14683]]]}},{"type":"Feature","properties":{"c":"66000270008","t":"太平區","v":"中山里"},"geometry":{"type":"Polygon","coordinates":[[[120.73211,24.15041],[120.73218,24.15012],[120.73236,24.15013],[120.73242,24.14977],[120.72753,24.1492],[120.72748,24.14568],[120.72751,24.14474],[120.72763,24.14458],[120.72756,24.14437],[120.7276,24.14397],[120.72709,24.14395],[120.72622,24.14414],[120.72633,24.14467],[120.72617,24.14471],[120.72624,24.14507],[120.72589,24.14516],[120.72602,24.14546],[120.72609,24.14621],[120.72581,24.14652],[120.72517,24.14656],[120.72397,24.14684],[120.72166,24.14683],[120.72174,24.14722],[120.72196,24.14764],[120.7221,24.14811],[120.72253,24.14853],[120.72317,24.14876],[120.72346,24.14896],[120.7236,24.14921],[120.72365,24.14948],[120.72963,24.15028],[120.73125,24.1503],[120.73209,24.15041],[120.73211,24.15041]]]}},{"type":"Feature","properties":{"c":"66000270009","t":"太平區","v":"坪林里"},"geometry":{"type":"Polygon","coordinates":[[[120.76315,24.15127],[120.76287,24.15023],[120.76247,24.14941],[120.76148,24.14806],[120.76021,24.14693],[120.75897,24.14626],[120.75837,24.14578],[120.75675,24.14569],[120.75529,24.1458],[120.75348,24.14614],[120.75106,24.14608],[120.7493,24.14591],[120.74906,24.14593],[120.74866,24.14611],[120.74835,24.14611],[120.74786,24.14593],[120.74744,24.14594],[120.74704,24.1453],[120.74677,24.14529],[120.74644,24.14551],[120.74617,24.14547],[120.74585,24.14526],[120.7457,24.14528],[120.74541,24.14547],[120.74532,24.14545],[120.74507,24.14527],[120.74458,24.14522],[120.74409,24.14496],[120.7436,24.145],[120.74348,24.14494],[120.74309,24.14447],[120.74267,24.14453],[120.7421,24.14416],[120.74195,24.14418],[120.74178,24.14432],[120.74168,24.14468],[120.74192,24.14534],[120.74188,24.14649],[120.74231,24.14669],[120.74284,24.14672],[120.74323,24.14657],[120.74368,24.14656],[120.74369,24.14664],[120.74347,24.14682],[120.74336,24.14707],[120.7434,24.1472],[120.74367,24.14738],[120.74368,24.14752],[120.74346,24.14752],[120.74319,24.14763],[120.74259,24.14755],[120.74232,24.14737],[120.74184,24.1473],[120.74178,24.14721],[120.74182,24.14702],[120.74148,24.14713],[120.74117,24.14679],[120.74108,24.14689],[120.74101,24.14717],[120.74082,24.14718],[120.74031,24.14662],[120.73993,24.14666],[120.7395,24.14619],[120.73926,24.14575],[120.73906,24.14558],[120.73901,24.14543],[120.73878,24.14522],[120.73874,24.14509],[120.73741,24.14496],[120.73685,24.14528],[120.7365,24.14534],[120.73647,24.14557],[120.73587,24.14561],[120.73485,24.14556],[120.73394,24.14537],[120.7275,24.14537],[120.72753,24.1492],[120.73242,24.14977],[120.73236,24.15013],[120.73218,24.15012],[120.73211,24.15041],[120.7325,24.15049],[120.73521,24.15051],[120.74218,24.15176],[120.74358,24.15186],[120.74796,24.1515],[120.76315,24.15127]]]}},{"type":"Feature","properties":{"c":"66000270010","t":"太平區","v":"光華里"},"geometry":{"type":"Polygon","coordinates":[[[120.73891,24.15999],[120.74279,24.15976],[120.74301,24.15964],[120.74316,24.15947],[120.74346,24.15934],[120.74417,24.15926],[120.74427,24.15899],[120.74425,24.15867],[120.7438,24.15784],[120.74348,24.15757],[120.73736,24.15697],[120.73419,24.15614],[120.734,24.15605],[120.73367,24.15571],[120.73351,24.15461],[120.73263,24.15465],[120.73205,24.1542],[120.73165,24.15407],[120.73112,24.15404],[120.73082,24.15385],[120.73015,24.15322],[120.73005,24.15322],[120.72964,24.15347],[120.72908,24.15344],[120.72821,24.15268],[120.72794,24.15215],[120.72765,24.15216],[120.72696,24.15199],[120.72687,24.152],[120.72665,24.15223],[120.72573,24.15146],[120.72494,24.15197],[120.72442,24.15222],[120.7247,24.1524],[120.72566,24.15274],[120.72604,24.15304],[120.72675,24.15462],[120.72747,24.15555],[120.72759,24.15578],[120.72789,24.15719],[120.72937,24.15723],[120.72973,24.15722],[120.73036,24.15708],[120.73134,24.15713],[120.7335,24.15814],[120.73483,24.15868],[120.73544,24.15889],[120.73764,24.15941],[120.7385,24.15994],[120.73876,24.15999],[120.73891,24.15999]]]}},{"type":"Feature","properties":{"c":"66000270011","t":"太平區","v":"新坪里"},"geometry":{"type":"Polygon","coordinates":[[[120.72789,24.15719],[120.72759,24.15578],[120.72747,24.15555],[120.72675,24.15462],[120.72604,24.15304],[120.72589,24.15288],[120.7254,24.15262],[120.72469,24.15239],[120.72431,24.15279],[120.72414,24.15287],[120.72309,24.15314],[120.72288,24.15278],[120.71944,24.15448],[120.72051,24.15615],[120.71745,24.15684],[120.71829,24.15854],[120.7188,24.15903],[120.71907,24.15955],[120.72184,24.15865],[120.72248,24.1585],[120.72367,24.15826],[120.72461,24.15843],[120.72501,24.15793],[120.72614,24.15678],[120.7266,24.15682],[120.72789,24.15719]]]}},{"type":"Feature","properties":{"c":"66000270012","t":"太平區","v":"新光里"},"geometry":{"type":"Polygon","coordinates":[[[120.71217,24.15579],[120.71069,24.15023],[120.70772,24.151],[120.70716,24.15123],[120.70643,24.15112],[120.70583,24.15091],[120.70538,24.15093],[120.70505,24.15076],[120.70164,24.15079],[120.70194,24.15171],[120.70164,24.15171],[120.70358,24.15406],[120.70433,24.15536],[120.70476,24.15649],[120.7051,24.15838],[120.70509,24.15865],[120.70708,24.15758],[120.70736,24.15728],[120.70746,24.15697],[120.70792,24.15659],[120.70978,24.15577],[120.70993,24.15575],[120.71026,24.15596],[120.71191,24.15581],[120.71217,24.15579]]]}},{"type":"Feature","properties":{"c":"66000270013","t":"太平區","v":"新福里"},"geometry":{"type":"Polygon","coordinates":[[[120.70461,24.16283],[120.70469,24.16176],[120.70488,24.16087],[120.70508,24.15942],[120.7051,24.15838],[120.70476,24.15649],[120.70433,24.15536],[120.70358,24.15406],[120.70164,24.15171],[120.70194,24.15171],[120.70164,24.15079],[120.70505,24.15076],[120.70538,24.15093],[120.70583,24.15091],[120.70643,24.15112],[120.70716,24.15123],[120.70772,24.151],[120.71069,24.15023],[120.71054,24.14966],[120.71,24.14992],[120.7095,24.14989],[120.70891,24.14973],[120.70816,24.14942],[120.70748,24.14948],[120.70709,24.14937],[120.70634,24.14877],[120.70508,24.14827],[120.70469,24.14777],[120.70383,24.14704],[120.70376,24.1468],[120.70364,24.14671],[120.70294,24.14642],[120.70165,24.14614],[120.70099,24.14591],[120.70061,24.14587],[120.69946,24.14882],[120.70034,24.15095],[120.70013,24.15131],[120.69974,24.15143],[120.70076,24.15398],[120.70142,24.15469],[120.70263,24.15669],[120.70312,24.15727],[120.70383,24.15773],[120.70391,24.15845],[120.70391,24.15937],[120.70438,24.15925],[120.70372,24.16029],[120.70346,24.16081],[120.7032,24.16161],[120.70307,24.16243],[120.70316,24.16264],[120.70333,24.16273],[120.70462,24.16296],[120.70461,24.16283]]]}},{"type":"Feature","properties":{"c":"66000270014","t":"太平區","v":"頭汴里"},"geometry":{"type":"Polygon","coordinates":[[[120.80263,24.16946],[120.80235,24.16826],[120.80207,24.16758],[120.80221,24.16746],[120.80294,24.16727],[120.80315,24.16712],[120.80355,24.16667],[120.80401,24.16563],[120.80416,24.16551],[120.80447,24.16543],[120.8045,24.16425],[120.80465,24.1639],[120.80463,24.1634],[120.80521,24.16232],[120.80556,24.16211],[120.8057,24.16209],[120.80619,24.1612],[120.80647,24.16083],[120.80639,24.16067],[120.80615,24.16045],[120.80614,24.15996],[120.80596,24.15944],[120.80594,24.15898],[120.80573,24.15866],[120.8057,24.15801],[120.8054,24.15738],[120.80537,24.1557],[120.80523,24.15549],[120.80461,24.15533],[120.80418,24.15498],[120.80393,24.15406],[120.80398,24.15351],[120.80376,24.15225],[120.80347,24.15189],[120.80271,24.15129],[120.80251,24.15099],[120.80251,24.15082],[120.80269,24.15069],[120.80372,24.15025],[120.80486,24.15017],[120.80521,24.15032],[120.80599,24.15015],[120.80629,24.15004],[120.80706,24.14943],[120.80755,24.14918],[120.80867,24.14918],[120.8097,24.14882],[120.81035,24.14893],[120.81044,24.14885],[120.81048,24.14864],[120.81072,24.14841],[120.81112,24.14722],[120.81136,24.14695],[120.81163,24.14678],[120.81164,24.14638],[120.81177,24.14609],[120.8118,24.14538],[120.81188,24.14519],[120.81247,24.14508],[120.81297,24.14479],[120.81384,24.14444],[120.81451,24.14441],[120.81488,24.14447],[120.81524,24.14481],[120.81565,24.1449],[120.816,24.14506],[120.81649,24.14543],[120.81697,24.14589],[120.81776,24.14641],[120.8182,24.1464],[120.81902,24.14704],[120.81939,24.1471],[120.81959,24.14723],[120.81984,24.1472],[120.82046,24.14688],[120.82147,24.1465],[120.82181,24.14618],[120.8221,24.14544],[120.82222,24.14479],[120.82259,24.14415],[120.82284,24.1433],[120.82334,24.14232],[120.82261,24.14194],[120.82184,24.14103],[120.81993,24.1401],[120.81899,24.13995],[120.81854,24.13974],[120.81786,24.13912],[120.81756,24.13829],[120.8171,24.13762],[120.81651,24.13657],[120.81575,24.13443],[120.81552,24.13343],[120.81547,24.13289],[120.81559,24.13227],[120.81645,24.13076],[120.81731,24.1283],[120.81826,24.12685],[120.81935,24.12545],[120.81998,24.12432],[120.8203,24.12356],[120.82033,24.12328],[120.82004,24.12288],[120.82006,24.12271],[120.82018,24.12254],[120.82016,24.12195],[120.81876,24.12206],[120.81818,24.12174],[120.8181,24.12163],[120.81812,24.12141],[120.81822,24.12133],[120.81907,24.12091],[120.81912,24.1207],[120.81907,24.12051],[120.81867,24.12007],[120.81811,24.11977],[120.81789,24.11978],[120.81673,24.12013],[120.81592,24.12001],[120.8157,24.11988],[120.81542,24.1195],[120.81527,24.11944],[120.81478,24.11958],[120.81449,24.12014],[120.81431,24.12021],[120.81379,24.12002],[120.81314,24.12037],[120.8128,24.12044],[120.81236,24.12036],[120.81175,24.12009],[120.81135,24.12005],[120.80969,24.12042],[120.8093,24.12042],[120.80919,24.12029],[120.80916,24.1198],[120.80941,24.11887],[120.80925,24.11875],[120.80871,24.11861],[120.80817,24.11869],[120.80803,24.11885],[120.8078,24.11965],[120.80768,24.11974],[120.80744,24.11977],[120.80705,24.12012],[120.80672,24.12085],[120.80657,24.12105],[120.80614,24.12104],[120.8055,24.12055],[120.80503,24.12041],[120.80455,24.1204],[120.80358,24.12024],[120.80255,24.11977],[120.80191,24.11981],[120.8019,24.1199],[120.80198,24.12],[120.80233,24.12026],[120.80239,24.12076],[120.80236,24.12086],[120.80214,24.12091],[120.80194,24.12086],[120.80053,24.11981],[120.80003,24.11962],[120.79907,24.11983],[120.79807,24.11994],[120.79761,24.11992],[120.79707,24.11981],[120.79674,24.11992],[120.79521,24.12076],[120.79481,24.12094],[120.79458,24.12097],[120.79406,24.12084],[120.7936,24.12082],[120.79301,24.12061],[120.79277,24.12014],[120.79214,24.11974],[120.79196,24.11951],[120.79191,24.11937],[120.79195,24.11913],[120.79183,24.11906],[120.79165,24.11872],[120.79125,24.11837],[120.79097,24.11839],[120.79086,24.11855],[120.79068,24.11957],[120.79047,24.11979],[120.79028,24.11982],[120.78995,24.11964],[120.78981,24.1195],[120.78971,24.11921],[120.78992,24.11846],[120.79016,24.11798],[120.7906,24.11749],[120.79084,24.11706],[120.7909,24.11681],[120.79076,24.11664],[120.79057,24.11659],[120.79022,24.11633],[120.78999,24.1163],[120.78955,24.11644],[120.7895,24.11656],[120.78954,24.11683],[120.78967,24.11705],[120.78966,24.11725],[120.78951,24.11753],[120.78897,24.11803],[120.78865,24.1182],[120.78458,24.11901],[120.78261,24.11961],[120.78177,24.11994],[120.78138,24.12004],[120.78013,24.12017],[120.7793,24.12047],[120.77831,24.12088],[120.77589,24.12257],[120.77491,24.12347],[120.77456,24.12366],[120.77421,24.1237],[120.77378,24.12349],[120.77371,24.12352],[120.77366,24.12369],[120.77349,24.12378],[120.77267,24.12374],[120.77212,24.12396],[120.77172,24.12398],[120.77131,24.12387],[120.77074,24.12351],[120.77035,24.12338],[120.77014,24.12351],[120.76987,24.1241],[120.76971,24.12415],[120.76948,24.12403],[120.76909,24.12342],[120.76854,24.12304],[120.7683,24.12297],[120.76812,24.12299],[120.76805,24.12303],[120.76816,24.12336],[120.76808,24.12343],[120.76782,24.12343],[120.76657,24.12274],[120.76508,24.12212],[120.76204,24.12107],[120.76146,24.12069],[120.76089,24.12051],[120.75921,24.12042],[120.75858,24.12028],[120.75667,24.11969],[120.75604,24.11958],[120.75525,24.11959],[120.75425,24.11951],[120.75381,24.11938],[120.75325,24.11906],[120.75147,24.11723],[120.75128,24.11749],[120.75103,24.11761],[120.75095,24.11799],[120.7498,24.11924],[120.74918,24.12021],[120.74814,24.1228],[120.74866,24.12307],[120.74897,24.12333],[120.74902,24.12379],[120.74996,24.12445],[120.75083,24.1245],[120.7513,24.12459],[120.75318,24.12512],[120.75404,24.12509],[120.75427,24.12512],[120.75448,24.12524],[120.75461,24.1254],[120.75467,24.12564],[120.75462,24.12588],[120.75436,24.12627],[120.75426,24.12654],[120.75425,24.12685],[120.75436,24.12714],[120.75456,24.12738],[120.75518,24.1278],[120.75868,24.12958],[120.75985,24.13007],[120.76125,24.13057],[120.76145,24.13075],[120.76185,24.13139],[120.76576,24.13328],[120.76615,24.13356],[120.76668,24.13412],[120.76692,24.13471],[120.76702,24.13533],[120.76697,24.13609],[120.7666,24.13772],[120.76616,24.1386],[120.76621,24.13877],[120.7667,24.13952],[120.7667,24.13974],[120.76601,24.13993],[120.76562,24.14047],[120.76485,24.14101],[120.76483,24.14123],[120.76498,24.1414],[120.76534,24.14155],[120.76538,24.14163],[120.7653,24.14179],[120.76498,24.14191],[120.76459,24.14184],[120.76406,24.14183],[120.764,24.14189],[120.76394,24.14234],[120.76373,24.14241],[120.76318,24.14241],[120.76296,24.14278],[120.76243,24.14272],[120.76231,24.14277],[120.76222,24.14337],[120.76199,24.14385],[120.76164,24.1444],[120.7616,24.14462],[120.76176,24.14552],[120.76241,24.14691],[120.76306,24.14908],[120.7634,24.15037],[120.76376,24.15278],[120.76441,24.1537],[120.76563,24.15481],[120.76667,24.15542],[120.76908,24.15637],[120.7697,24.1565],[120.77041,24.15681],[120.77173,24.15779],[120.77225,24.15834],[120.77314,24.16019],[120.77334,24.16046],[120.77371,24.16075],[120.77512,24.16102],[120.77522,24.16108],[120.77526,24.16124],[120.77538,24.16135],[120.77581,24.16154],[120.77628,24.16152],[120.77667,24.16117],[120.77685,24.16114],[120.77748,24.16124],[120.77798,24.1615],[120.77838,24.16156],[120.77838,24.16181],[120.77828,24.16202],[120.77845,24.16248],[120.77867,24.16287],[120.77919,24.16306],[120.77924,24.16331],[120.77975,24.16343],[120.78033,24.16344],[120.78088,24.16306],[120.78119,24.1632],[120.78146,24.16319],[120.78195,24.16338],[120.78213,24.16364],[120.78282,24.16403],[120.78301,24.16447],[120.78292,24.16486],[120.7827,24.16531],[120.78261,24.16532],[120.78246,24.16522],[120.78227,24.16542],[120.78227,24.16565],[120.78254,24.16585],[120.78302,24.16589],[120.78329,24.16604],[120.78373,24.16637],[120.78428,24.16701],[120.7846,24.16695],[120.78516,24.16711],[120.78579,24.16712],[120.78626,24.16734],[120.78668,24.16771],[120.78775,24.16758],[120.78824,24.16744],[120.78875,24.16741],[120.7897,24.16749],[120.7901,24.16741],[120.79109,24.167],[120.79181,24.16648],[120.79234,24.1662],[120.79355,24.16593],[120.79376,24.16582],[120.79404,24.1658],[120.79472,24.16599],[120.79544,24.16607],[120.79569,24.16618],[120.79633,24.1662],[120.79724,24.16641],[120.79751,24.16662],[120.79814,24.16747],[120.79901,24.1682],[120.80019,24.16851],[120.80092,24.16894],[120.80173,24.16927],[120.80256,24.16939],[120.80263,24.16947],[120.80263,24.16946]]]}},{"type":"Feature","properties":{"c":"66000270015","t":"太平區","v":"東汴里"},"geometry":{"type":"Polygon","coordinates":[[[120.83441,24.12124],[120.83487,24.1211],[120.83518,24.12073],[120.83567,24.12045],[120.83591,24.1199],[120.83671,24.11926],[120.83717,24.11807],[120.83738,24.11793],[120.83773,24.11787],[120.83764,24.11775],[120.83722,24.11747],[120.83628,24.11695],[120.83624,24.11681],[120.83633,24.11636],[120.83601,24.11612],[120.83589,24.11595],[120.83587,24.11537],[120.8356,24.11487],[120.83552,24.1143],[120.8351,24.11355],[120.8347,24.11338],[120.83449,24.11305],[120.83453,24.11218],[120.83448,24.11143],[120.83455,24.11062],[120.83436,24.1103],[120.83406,24.10946],[120.83415,24.10913],[120.83443,24.10881],[120.83453,24.10858],[120.83456,24.10783],[120.83448,24.10755],[120.83415,24.10725],[120.83403,24.10661],[120.83383,24.1063],[120.83346,24.10602],[120.8331,24.10547],[120.83267,24.10501],[120.83228,24.10434],[120.83209,24.10421],[120.83161,24.10406],[120.83098,24.10363],[120.83053,24.10311],[120.83032,24.10259],[120.83032,24.10213],[120.83149,24.10114],[120.83162,24.10098],[120.8321,24.09998],[120.83241,24.09964],[120.83249,24.09875],[120.83244,24.09826],[120.83178,24.09733],[120.83163,24.09689],[120.83068,24.09594],[120.8299,24.09496],[120.82944,24.09485],[120.82894,24.09481],[120.82866,24.09468],[120.82853,24.09449],[120.82837,24.09395],[120.82832,24.0929],[120.82856,24.09046],[120.82838,24.0898],[120.82839,24.0896],[120.82813,24.08898],[120.82827,24.08854],[120.82814,24.08813],[120.8282,24.08781],[120.82809,24.0869],[120.82814,24.08642],[120.8287,24.08477],[120.82872,24.08394],[120.82891,24.08355],[120.82849,24.08223],[120.82852,24.08168],[120.82842,24.08103],[120.8286,24.08054],[120.82854,24.07918],[120.82832,24.0786],[120.82826,24.07817],[120.82843,24.07658],[120.82889,24.07533],[120.8291,24.07438],[120.82904,24.07333],[120.82938,24.07255],[120.82943,24.07226],[120.82938,24.07168],[120.8293,24.07151],[120.8292,24.07145],[120.82771,24.07134],[120.82689,24.07116],[120.82638,24.07124],[120.82595,24.07123],[120.82372,24.0707],[120.8229,24.07031],[120.82276,24.07018],[120.82263,24.06992],[120.82243,24.06982],[120.82121,24.06971],[120.8207,24.0698],[120.82048,24.06967],[120.82,24.06912],[120.81925,24.06846],[120.81635,24.06846],[120.81585,24.06866],[120.81549,24.06902],[120.81644,24.06949],[120.81707,24.06991],[120.81811,24.07102],[120.81841,24.07119],[120.81873,24.07147],[120.8191,24.072],[120.81926,24.07248],[120.81911,24.07293],[120.81847,24.07369],[120.81634,24.07463],[120.81455,24.07501],[120.81352,24.07538],[120.81081,24.07671],[120.8097,24.07735],[120.80909,24.07784],[120.80645,24.08086],[120.806,24.08122],[120.80583,24.08129],[120.80548,24.08171],[120.80532,24.08225],[120.80412,24.08268],[120.80342,24.08309],[120.803,24.08347],[120.80274,24.08354],[120.80133,24.0833],[120.80077,24.08334],[120.79823,24.08373],[120.79726,24.08335],[120.79696,24.08313],[120.79694,24.083],[120.79676,24.08286],[120.79601,24.08281],[120.7941,24.08292],[120.7934,24.08279],[120.7931,24.08287],[120.79274,24.08323],[120.79247,24.08335],[120.79154,24.08335],[120.79123,24.08322],[120.7906,24.08314],[120.79043,24.08334],[120.79041,24.08368],[120.79047,24.08399],[120.79092,24.08454],[120.79107,24.08488],[120.79082,24.0856],[120.79046,24.08615],[120.79027,24.08633],[120.78972,24.08643],[120.78894,24.08635],[120.78857,24.08623],[120.78822,24.08594],[120.78798,24.08549],[120.78763,24.08543],[120.78716,24.08563],[120.78676,24.086],[120.78648,24.08675],[120.7866,24.08756],[120.78647,24.08815],[120.78636,24.08833],[120.78597,24.08859],[120.78524,24.08891],[120.78479,24.08924],[120.78439,24.08967],[120.78348,24.09163],[120.78201,24.09218],[120.78084,24.09306],[120.78038,24.09319],[120.77997,24.09283],[120.77998,24.09217],[120.77979,24.09189],[120.77947,24.09181],[120.77902,24.09184],[120.77858,24.09202],[120.77795,24.09275],[120.77726,24.09335],[120.77692,24.09343],[120.77649,24.09331],[120.77611,24.09356],[120.7756,24.09424],[120.77531,24.09442],[120.77507,24.09468],[120.77479,24.09481],[120.774,24.09497],[120.77333,24.09477],[120.77292,24.09491],[120.77264,24.09518],[120.77228,24.0957],[120.77201,24.0958],[120.7718,24.09579],[120.77166,24.09566],[120.77159,24.09539],[120.77148,24.09524],[120.77075,24.09467],[120.77027,24.09444],[120.76976,24.09432],[120.76949,24.09415],[120.76867,24.09397],[120.76835,24.09398],[120.76814,24.09411],[120.76779,24.09508],[120.76763,24.09524],[120.76646,24.09518],[120.76566,24.09542],[120.76534,24.09581],[120.76514,24.09634],[120.76471,24.09669],[120.76419,24.0969],[120.76372,24.09747],[120.76378,24.09785],[120.76375,24.09816],[120.76363,24.09834],[120.76324,24.09832],[120.76309,24.09809],[120.76279,24.09788],[120.76255,24.09787],[120.76146,24.09843],[120.76129,24.09877],[120.76142,24.099],[120.76244,24.09987],[120.76261,24.10024],[120.76261,24.10049],[120.76251,24.10075],[120.76221,24.10122],[120.76163,24.10147],[120.76143,24.10171],[120.76118,24.1021],[120.76073,24.10335],[120.75959,24.1048],[120.75921,24.1051],[120.75698,24.10646],[120.75571,24.10755],[120.75485,24.10806],[120.75097,24.10915],[120.74986,24.10928],[120.74959,24.10937],[120.74932,24.10956],[120.7492,24.1099],[120.74926,24.11075],[120.74899,24.11307],[120.74932,24.11462],[120.74976,24.11548],[120.75017,24.11607],[120.75131,24.11704],[120.75168,24.1175],[120.75325,24.11906],[120.75381,24.11938],[120.75425,24.11951],[120.75525,24.11959],[120.75604,24.11958],[120.75667,24.11969],[120.75858,24.12028],[120.75921,24.12042],[120.76089,24.12051],[120.76146,24.12069],[120.76204,24.12107],[120.76508,24.12212],[120.76657,24.12274],[120.76782,24.12343],[120.76808,24.12343],[120.76816,24.12336],[120.76805,24.12303],[120.76812,24.12299],[120.7683,24.12297],[120.76854,24.12304],[120.76909,24.12342],[120.76948,24.12403],[120.76971,24.12415],[120.76987,24.1241],[120.77014,24.12351],[120.77035,24.12338],[120.77074,24.12351],[120.77131,24.12387],[120.77172,24.12398],[120.77212,24.12396],[120.77267,24.12374],[120.77349,24.12378],[120.77366,24.12369],[120.77371,24.12352],[120.77378,24.12349],[120.77421,24.1237],[120.77456,24.12366],[120.77491,24.12347],[120.77589,24.12257],[120.77831,24.12088],[120.7793,24.12047],[120.78013,24.12017],[120.78138,24.12004],[120.78177,24.11994],[120.78261,24.11961],[120.78458,24.11901],[120.78865,24.1182],[120.78897,24.11803],[120.78951,24.11753],[120.78966,24.11725],[120.78967,24.11705],[120.78954,24.11683],[120.7895,24.11656],[120.78955,24.11644],[120.78999,24.1163],[120.79022,24.11633],[120.79057,24.11659],[120.79076,24.11664],[120.7909,24.11681],[120.79084,24.11706],[120.7906,24.11749],[120.79016,24.11798],[120.78992,24.11846],[120.78971,24.11921],[120.78981,24.1195],[120.78995,24.11964],[120.79028,24.11982],[120.79047,24.11979],[120.79068,24.11957],[120.79086,24.11855],[120.79097,24.11839],[120.79125,24.11837],[120.79165,24.11872],[120.79183,24.11906],[120.79195,24.11913],[120.79191,24.11937],[120.79196,24.11951],[120.79214,24.11974],[120.79277,24.12014],[120.79301,24.12061],[120.7936,24.12082],[120.79406,24.12084],[120.79458,24.12097],[120.79481,24.12094],[120.79521,24.12076],[120.79674,24.11992],[120.79707,24.11981],[120.79761,24.11992],[120.79807,24.11994],[120.79907,24.11983],[120.80003,24.11962],[120.80053,24.11981],[120.80194,24.12086],[120.80214,24.12091],[120.80236,24.12086],[120.80239,24.12076],[120.80233,24.12026],[120.80198,24.12],[120.8019,24.1199],[120.80191,24.11981],[120.80255,24.11977],[120.80358,24.12024],[120.80455,24.1204],[120.80503,24.12041],[120.8055,24.12055],[120.80614,24.12104],[120.80657,24.12105],[120.80672,24.12085],[120.80705,24.12012],[120.80744,24.11977],[120.80768,24.11974],[120.8078,24.11965],[120.80803,24.11885],[120.80817,24.11869],[120.80871,24.11861],[120.80925,24.11875],[120.80941,24.11887],[120.80916,24.1198],[120.80919,24.12029],[120.8093,24.12042],[120.80944,24.12044],[120.81135,24.12005],[120.81175,24.12009],[120.81236,24.12036],[120.8128,24.12044],[120.81314,24.12037],[120.81379,24.12002],[120.81431,24.12021],[120.81449,24.12014],[120.81478,24.11958],[120.81527,24.11944],[120.81542,24.1195],[120.8157,24.11988],[120.81592,24.12001],[120.81673,24.12013],[120.81789,24.11978],[120.81811,24.11977],[120.81867,24.12007],[120.81907,24.12051],[120.81912,24.1207],[120.81907,24.12091],[120.81897,24.12101],[120.81812,24.12141],[120.8181,24.12163],[120.81818,24.12174],[120.81876,24.12206],[120.82016,24.12195],[120.82018,24.12254],[120.82006,24.12271],[120.82004,24.12288],[120.82033,24.12328],[120.82017,24.1239],[120.81935,24.12545],[120.81826,24.12685],[120.81731,24.1283],[120.81645,24.13076],[120.81559,24.13227],[120.81547,24.13289],[120.81552,24.13343],[120.81575,24.13443],[120.81651,24.13657],[120.8171,24.13762],[120.81756,24.13829],[120.81786,24.13912],[120.81854,24.13974],[120.81899,24.13995],[120.81993,24.1401],[120.82184,24.14103],[120.82261,24.14194],[120.82334,24.14232],[120.82352,24.14203],[120.82365,24.14202],[120.82497,24.14231],[120.82593,24.14287],[120.82637,24.14304],[120.82731,24.14315],[120.82842,24.14303],[120.82852,24.14338],[120.82858,24.14401],[120.82867,24.14412],[120.82893,24.14417],[120.82928,24.14418],[120.83018,24.14388],[120.83142,24.14244],[120.8318,24.14236],[120.83235,24.14213],[120.83298,24.14151],[120.83313,24.14145],[120.83323,24.14133],[120.83367,24.14115],[120.83386,24.14084],[120.83386,24.1395],[120.83426,24.13805],[120.83431,24.13754],[120.83418,24.13682],[120.83385,24.13595],[120.8336,24.13556],[120.83327,24.13525],[120.83321,24.13506],[120.83446,24.13264],[120.83461,24.13218],[120.83462,24.13185],[120.83433,24.131],[120.83434,24.13041],[120.83358,24.12938],[120.83282,24.12789],[120.83244,24.1275],[120.83172,24.1273],[120.83158,24.12722],[120.83147,24.12702],[120.83165,24.12676],[120.83174,24.12649],[120.83177,24.12586],[120.83187,24.12542],[120.8321,24.12483],[120.83206,24.12424],[120.83239,24.12297],[120.83253,24.12278],[120.83312,24.12241],[120.83422,24.12133],[120.83441,24.12124],[120.83441,24.12124]]]}},{"type":"Feature","properties":{"c":"66000270016","t":"太平區","v":"興隆里"},"geometry":{"type":"Polygon","coordinates":[[[120.72828,24.11897],[120.72872,24.11973],[120.72883,24.12018],[120.72907,24.1206],[120.7329,24.12031],[120.73385,24.12033],[120.73488,24.12013],[120.73619,24.12026],[120.73678,24.12037],[120.73722,24.12053],[120.73804,24.12053],[120.73844,24.12038],[120.73869,24.11995],[120.73917,24.11958],[120.73943,24.11966],[120.73979,24.11966],[120.74025,24.11999],[120.74068,24.12008],[120.7413,24.12009],[120.7415,24.12028],[120.74156,24.1205],[120.74232,24.12141],[120.74243,24.12168],[120.74277,24.12199],[120.74284,24.12241],[120.74295,24.1225],[120.74321,24.12254],[120.74323,24.12232],[120.74349,24.12223],[120.7437,24.12251],[120.74405,24.12258],[120.74417,24.12252],[120.74432,24.12219],[120.74463,24.12186],[120.74464,24.12154],[120.74472,24.12144],[120.74462,24.12118],[120.74457,24.12066],[120.74478,24.12012],[120.74491,24.11995],[120.74477,24.11987],[120.74486,24.11976],[120.74458,24.11967],[120.7446,24.11949],[120.74438,24.11905],[120.74402,24.11894],[120.74378,24.11871],[120.74374,24.11828],[120.74449,24.11858],[120.74535,24.11838],[120.74556,24.1182],[120.74623,24.11785],[120.74693,24.1173],[120.74719,24.1169],[120.74728,24.11699],[120.74732,24.11721],[120.74763,24.11737],[120.74854,24.11745],[120.74844,24.11732],[120.74844,24.11712],[120.74876,24.11663],[120.7487,24.11646],[120.74896,24.11665],[120.74872,24.11717],[120.7491,24.11737],[120.74916,24.11752],[120.74905,24.11774],[120.74923,24.11766],[120.74948,24.11733],[120.74974,24.11753],[120.75015,24.11728],[120.75039,24.11724],[120.75058,24.11746],[120.75072,24.11786],[120.75092,24.118],[120.75103,24.11761],[120.75128,24.11749],[120.75147,24.11723],[120.75131,24.11704],[120.75017,24.11607],[120.74976,24.11548],[120.74932,24.11462],[120.74899,24.11307],[120.74926,24.11075],[120.7492,24.1099],[120.74931,24.1096],[120.74911,24.10946],[120.74873,24.10893],[120.74821,24.10889],[120.7479,24.10872],[120.74784,24.10858],[120.74783,24.10794],[120.74775,24.10781],[120.74759,24.10782],[120.74763,24.10751],[120.74748,24.10712],[120.74753,24.10695],[120.7474,24.10685],[120.74717,24.10692],[120.74697,24.10687],[120.74683,24.10674],[120.74679,24.10643],[120.74658,24.10682],[120.74622,24.10702],[120.74608,24.1072],[120.74576,24.10717],[120.74537,24.10748],[120.74519,24.10753],[120.74487,24.10757],[120.74442,24.1075],[120.74433,24.10782],[120.74413,24.10787],[120.74379,24.10811],[120.74354,24.10811],[120.74287,24.10838],[120.74212,24.10879],[120.74201,24.10867],[120.74199,24.10844],[120.74243,24.10801],[120.7421,24.10802],[120.74187,24.1079],[120.74152,24.10788],[120.74179,24.10815],[120.74177,24.10851],[120.74151,24.10864],[120.74147,24.10901],[120.74104,24.10932],[120.74092,24.10971],[120.74111,24.10995],[120.74108,24.10976],[120.74124,24.10965],[120.74128,24.1098],[120.74136,24.10987],[120.74179,24.10995],[120.74104,24.11033],[120.74081,24.11075],[120.74059,24.11084],[120.74015,24.11118],[120.74015,24.11141],[120.74001,24.11136],[120.73985,24.1111],[120.73977,24.11132],[120.73981,24.11177],[120.73987,24.11183],[120.73972,24.11238],[120.7395,24.11237],[120.73925,24.11211],[120.73894,24.11115],[120.73881,24.11099],[120.73879,24.1108],[120.73899,24.11063],[120.73891,24.11024],[120.73918,24.10992],[120.73854,24.10982],[120.73802,24.10967],[120.73756,24.10987],[120.73693,24.10993],[120.73681,24.11007],[120.73459,24.11086],[120.73376,24.11102],[120.73322,24.11105],[120.73149,24.11154],[120.73054,24.11248],[120.72783,24.11472],[120.72736,24.11503],[120.72654,24.11542],[120.72674,24.11575],[120.7272,24.11716],[120.72754,24.11781],[120.72776,24.11806],[120.72828,24.11897]]]}},{"type":"Feature","properties":{"c":"66000270017","t":"太平區","v":"光隆里"},"geometry":{"type":"Polygon","coordinates":[[[120.72654,24.11542],[120.72736,24.11503],[120.72783,24.11472],[120.73054,24.11248],[120.73149,24.11154],[120.73322,24.11105],[120.73376,24.11102],[120.73459,24.11086],[120.73681,24.11007],[120.73693,24.10993],[120.73756,24.10987],[120.73795,24.10967],[120.73918,24.10992],[120.73891,24.11024],[120.73899,24.11063],[120.73879,24.1108],[120.73881,24.11099],[120.73894,24.11115],[120.73925,24.11211],[120.7395,24.11237],[120.73972,24.11238],[120.73987,24.11183],[120.73981,24.11177],[120.73977,24.11132],[120.73985,24.1111],[120.74001,24.11136],[120.74015,24.11141],[120.74015,24.11118],[120.74059,24.11084],[120.74081,24.11075],[120.74104,24.11033],[120.74179,24.10995],[120.74136,24.10987],[120.74128,24.1098],[120.74124,24.10965],[120.74108,24.10976],[120.74111,24.10995],[120.74092,24.10971],[120.74104,24.10932],[120.74147,24.10901],[120.74151,24.10864],[120.74177,24.10851],[120.74179,24.10815],[120.74152,24.10788],[120.74187,24.1079],[120.7421,24.10802],[120.74243,24.10801],[120.74199,24.10844],[120.74201,24.10867],[120.74212,24.10879],[120.74287,24.10838],[120.74354,24.10811],[120.74379,24.10811],[120.74413,24.10787],[120.74433,24.10782],[120.74442,24.1075],[120.74487,24.10757],[120.74519,24.10753],[120.74537,24.10748],[120.74576,24.10717],[120.74608,24.1072],[120.74622,24.10702],[120.74658,24.10682],[120.74679,24.10643],[120.74683,24.10674],[120.74697,24.10687],[120.74717,24.10692],[120.7474,24.10685],[120.74753,24.10695],[120.74748,24.10712],[120.74763,24.10751],[120.74759,24.10782],[120.74775,24.10781],[120.74783,24.10794],[120.74784,24.10858],[120.7479,24.10872],[120.74821,24.10889],[120.74873,24.10893],[120.74911,24.10946],[120.74931,24.1096],[120.74959,24.10937],[120.74986,24.10928],[120.75097,24.10915],[120.75485,24.10806],[120.75571,24.10755],[120.75698,24.10646],[120.75921,24.1051],[120.75959,24.1048],[120.76073,24.10335],[120.76118,24.1021],[120.76163,24.10147],[120.76179,24.10141],[120.76158,24.10115],[120.7614,24.10122],[120.76081,24.10119],[120.76038,24.10151],[120.75919,24.10146],[120.75917,24.10154],[120.75931,24.10176],[120.75912,24.10179],[120.75862,24.10174],[120.75821,24.10156],[120.75786,24.10128],[120.75769,24.10128],[120.75653,24.10147],[120.75421,24.10203],[120.75147,24.10215],[120.75013,24.10274],[120.74968,24.10287],[120.7439,24.10381],[120.74293,24.1041],[120.7418,24.10423],[120.74166,24.10432],[120.74138,24.10471],[120.74105,24.10546],[120.74086,24.10624],[120.74071,24.10658],[120.74041,24.10688],[120.74004,24.10689],[120.73976,24.10672],[120.73967,24.10643],[120.73992,24.10625],[120.74005,24.10588],[120.73997,24.10576],[120.7398,24.10569],[120.73948,24.10537],[120.73911,24.10512],[120.73892,24.10506],[120.73629,24.10513],[120.73299,24.10558],[120.72927,24.10678],[120.72775,24.10718],[120.72511,24.10802],[120.72525,24.10894],[120.72518,24.10941],[120.72496,24.11002],[120.7246,24.11054],[120.72328,24.11183],[120.72361,24.11215],[120.72394,24.11275],[120.724,24.11297],[120.72395,24.11358],[120.7242,24.11421],[120.72467,24.11452],[120.72589,24.11479],[120.72609,24.11493],[120.72645,24.11533],[120.72654,24.11542]]]}},{"type":"Feature","properties":{"c":"66000270018","t":"太平區","v":"德隆里"},"geometry":{"type":"Polygon","coordinates":[[[120.71707,24.10965],[120.71816,24.10959],[120.71915,24.10933],[120.71953,24.10883],[120.71973,24.10869],[120.7205,24.10884],[120.72221,24.10802],[120.72258,24.10791],[120.72281,24.10762],[120.72281,24.10732],[120.7229,24.10705],[120.72325,24.10696],[120.72339,24.10682],[120.72342,24.10669],[120.72335,24.10644],[120.72355,24.10622],[120.72352,24.10601],[120.72359,24.10582],[120.72385,24.10552],[120.7237,24.10515],[120.72376,24.10424],[120.72349,24.10386],[120.72382,24.10343],[120.72382,24.10319],[120.72365,24.10264],[120.72369,24.10236],[120.72385,24.10212],[120.72502,24.10154],[120.72567,24.10097],[120.72743,24.09967],[120.72784,24.09946],[120.72799,24.09944],[120.72886,24.0996],[120.7288,24.09644],[120.7291,24.09459],[120.72891,24.09467],[120.72844,24.09469],[120.72833,24.09491],[120.72789,24.09508],[120.72612,24.09639],[120.7245,24.09785],[120.72333,24.09827],[120.72207,24.09895],[120.72051,24.09994],[120.71957,24.10042],[120.71934,24.10048],[120.71886,24.10078],[120.71681,24.10152],[120.71455,24.10295],[120.7136,24.10312],[120.7132,24.10359],[120.71305,24.10364],[120.71273,24.10362],[120.7122,24.10344],[120.71191,24.10348],[120.7097,24.10458],[120.70925,24.10501],[120.70923,24.10538],[120.70945,24.10605],[120.71045,24.10691],[120.71089,24.10746],[120.71314,24.10924],[120.71362,24.10956],[120.7145,24.10975],[120.71512,24.10982],[120.71589,24.10973],[120.71707,24.10965]]]}},{"type":"Feature","properties":{"c":"66000270019","t":"太平區","v":"黃竹里"},"geometry":{"type":"Polygon","coordinates":[[[120.76179,24.10141],[120.76221,24.10122],[120.76231,24.10109],[120.76261,24.10049],[120.76261,24.10024],[120.76244,24.09987],[120.76142,24.099],[120.76129,24.09877],[120.76146,24.09843],[120.76255,24.09787],[120.76279,24.09788],[120.76309,24.09809],[120.76324,24.09832],[120.76363,24.09834],[120.76375,24.09816],[120.76378,24.09785],[120.76372,24.09747],[120.76419,24.0969],[120.76471,24.09669],[120.76514,24.09634],[120.76534,24.09581],[120.76566,24.09542],[120.76646,24.09518],[120.76763,24.09524],[120.76779,24.09508],[120.76814,24.09411],[120.76835,24.09398],[120.76867,24.09397],[120.76949,24.09415],[120.76976,24.09432],[120.77027,24.09444],[120.77075,24.09467],[120.77148,24.09524],[120.77159,24.09539],[120.77166,24.09566],[120.7718,24.09579],[120.77201,24.0958],[120.77228,24.0957],[120.77264,24.09518],[120.77292,24.09491],[120.77333,24.09477],[120.774,24.09497],[120.77479,24.09481],[120.77507,24.09468],[120.77531,24.09442],[120.7756,24.09424],[120.77611,24.09356],[120.77649,24.09331],[120.77692,24.09343],[120.77726,24.09335],[120.77795,24.09275],[120.77858,24.09202],[120.77902,24.09184],[120.77947,24.09181],[120.77979,24.09189],[120.77998,24.09217],[120.77997,24.09283],[120.78038,24.09319],[120.78084,24.09306],[120.78201,24.09218],[120.78348,24.09163],[120.78439,24.08967],[120.78479,24.08924],[120.78524,24.08891],[120.78597,24.08859],[120.78636,24.08833],[120.78647,24.08815],[120.7866,24.08756],[120.78648,24.08675],[120.78676,24.086],[120.78716,24.08563],[120.78763,24.08543],[120.78798,24.08549],[120.78822,24.08594],[120.78857,24.08623],[120.78894,24.08635],[120.78972,24.08643],[120.79027,24.08633],[120.79046,24.08615],[120.79082,24.0856],[120.79107,24.08488],[120.79092,24.08454],[120.79047,24.08399],[120.79041,24.08368],[120.79043,24.08334],[120.7906,24.08314],[120.79123,24.08322],[120.79154,24.08335],[120.79247,24.08335],[120.79274,24.08323],[120.7931,24.08287],[120.7934,24.08279],[120.7941,24.08292],[120.79601,24.08281],[120.79676,24.08286],[120.79694,24.083],[120.79696,24.08313],[120.79726,24.08335],[120.79823,24.08373],[120.80077,24.08334],[120.80133,24.0833],[120.80274,24.08354],[120.803,24.08347],[120.80342,24.08309],[120.80412,24.08268],[120.80532,24.08225],[120.80548,24.08171],[120.80583,24.08129],[120.806,24.08122],[120.80645,24.08086],[120.80909,24.07784],[120.8097,24.07735],[120.81081,24.07671],[120.81352,24.07538],[120.81455,24.07501],[120.81634,24.07463],[120.81847,24.07369],[120.81911,24.07293],[120.81926,24.07248],[120.8191,24.072],[120.81873,24.07147],[120.81841,24.07119],[120.81811,24.07102],[120.81707,24.06991],[120.81644,24.06949],[120.81549,24.06902],[120.81516,24.06963],[120.81498,24.06983],[120.81463,24.06992],[120.81435,24.06982],[120.81392,24.06919],[120.81369,24.06855],[120.8129,24.06808],[120.8125,24.06763],[120.81222,24.06651],[120.81187,24.06607],[120.81169,24.06599],[120.81119,24.06597],[120.81047,24.06615],[120.80928,24.06626],[120.80904,24.06621],[120.80873,24.06599],[120.8085,24.0656],[120.80799,24.06537],[120.80763,24.06488],[120.80701,24.06426],[120.80686,24.06385],[120.80727,24.06302],[120.80726,24.06266],[120.8069,24.06196],[120.80667,24.06107],[120.80628,24.06043],[120.80564,24.05995],[120.80535,24.05955],[120.80488,24.05914],[120.80458,24.05843],[120.8046,24.05792],[120.80431,24.05727],[120.80417,24.05714],[120.80377,24.05695],[120.80329,24.05626],[120.8033,24.05607],[120.80349,24.05578],[120.80355,24.05549],[120.80352,24.05529],[120.80338,24.05505],[120.80329,24.05452],[120.80344,24.05388],[120.80369,24.05354],[120.80342,24.05236],[120.80305,24.0519],[120.80262,24.05166],[120.80107,24.05145],[120.80088,24.05138],[120.80131,24.05097],[120.80141,24.0505],[120.80074,24.04906],[120.80065,24.04865],[120.80051,24.04838],[120.79931,24.04684],[120.79888,24.04588],[120.79848,24.04549],[120.79777,24.04453],[120.79703,24.04368],[120.79659,24.04281],[120.79658,24.04259],[120.79672,24.04223],[120.79689,24.04211],[120.79733,24.04203],[120.79749,24.04184],[120.79753,24.04168],[120.7975,24.04141],[120.79725,24.04094],[120.79656,24.04031],[120.79356,24.04316],[120.79301,24.04332],[120.79268,24.04333],[120.79219,24.04343],[120.79217,24.04397],[120.79271,24.0449],[120.79279,24.04564],[120.79274,24.04584],[120.79252,24.04627],[120.79228,24.04649],[120.79196,24.04665],[120.79119,24.04678],[120.79046,24.04706],[120.78987,24.04744],[120.78943,24.04802],[120.78914,24.04859],[120.78881,24.049],[120.78867,24.0495],[120.78866,24.0497],[120.78889,24.0501],[120.78912,24.0507],[120.78924,24.05122],[120.7892,24.05154],[120.78907,24.05177],[120.7884,24.05226],[120.78814,24.05267],[120.78797,24.0527],[120.78769,24.05264],[120.78693,24.0527],[120.78482,24.05304],[120.78494,24.05369],[120.78477,24.05424],[120.78466,24.0553],[120.78458,24.05552],[120.78364,24.05596],[120.78329,24.05623],[120.78312,24.0563],[120.78265,24.0563],[120.78232,24.0564],[120.78207,24.05657],[120.78186,24.05684],[120.7819,24.05745],[120.78187,24.05772],[120.78175,24.05804],[120.78156,24.05823],[120.7811,24.05846],[120.78048,24.05888],[120.78003,24.05929],[120.77972,24.05977],[120.77911,24.06018],[120.77883,24.06048],[120.77799,24.06101],[120.77756,24.06123],[120.77533,24.06203],[120.77412,24.06241],[120.7736,24.06268],[120.77257,24.06288],[120.77209,24.06361],[120.77138,24.06406],[120.77083,24.06413],[120.76971,24.06411],[120.76928,24.06417],[120.76843,24.06443],[120.76754,24.06455],[120.7669,24.06513],[120.76618,24.06651],[120.76555,24.06696],[120.76444,24.06753],[120.76414,24.06778],[120.76395,24.06828],[120.76401,24.06901],[120.7639,24.0692],[120.76316,24.06997],[120.76237,24.07037],[120.7621,24.07063],[120.76194,24.07116],[120.76179,24.0714],[120.76139,24.07169],[120.76079,24.07193],[120.75992,24.07199],[120.7596,24.07222],[120.75941,24.07276],[120.75906,24.07324],[120.75808,24.07376],[120.75672,24.07435],[120.7566,24.07445],[120.75628,24.07515],[120.7556,24.07521],[120.75503,24.07486],[120.75402,24.07489],[120.75354,24.07507],[120.75322,24.07528],[120.75296,24.07568],[120.75257,24.07604],[120.75211,24.07632],[120.75083,24.07632],[120.75026,24.07686],[120.74957,24.07712],[120.74925,24.07717],[120.74877,24.07714],[120.74851,24.07728],[120.74766,24.07738],[120.74676,24.0773],[120.74632,24.07735],[120.74613,24.07748],[120.7448,24.07908],[120.74469,24.07909],[120.74376,24.07879],[120.7431,24.07844],[120.74268,24.07848],[120.74091,24.07837],[120.73978,24.07869],[120.7389,24.07869],[120.73855,24.0789],[120.73753,24.07934],[120.73716,24.07978],[120.73674,24.08008],[120.7364,24.0802],[120.73485,24.08017],[120.73336,24.08088],[120.73278,24.08134],[120.73215,24.08139],[120.7327,24.08153],[120.73292,24.08171],[120.73314,24.08219],[120.73334,24.08247],[120.73348,24.08292],[120.73382,24.0836],[120.73518,24.08504],[120.73582,24.08586],[120.73599,24.08578],[120.737,24.08485],[120.73699,24.08449],[120.73679,24.08415],[120.73664,24.08369],[120.73671,24.08348],[120.73686,24.08336],[120.73703,24.08326],[120.73726,24.08323],[120.73775,24.08393],[120.73858,24.08481],[120.73944,24.08585],[120.73983,24.08603],[120.74078,24.08616],[120.74099,24.08625],[120.74128,24.08653],[120.74117,24.08862],[120.74131,24.08992],[120.74126,24.09049],[120.74114,24.09095],[120.74121,24.09136],[120.74145,24.0917],[120.74134,24.09262],[120.74083,24.09333],[120.74087,24.09354],[120.74067,24.09414],[120.74041,24.09453],[120.74028,24.09467],[120.73983,24.09479],[120.73968,24.09489],[120.73874,24.09577],[120.73847,24.0959],[120.73819,24.09584],[120.73744,24.09534],[120.73749,24.09617],[120.73771,24.09656],[120.73833,24.09712],[120.73988,24.09799],[120.74015,24.09803],[120.74221,24.09752],[120.74301,24.09742],[120.74463,24.09737],[120.74517,24.09759],[120.74627,24.09777],[120.74882,24.09857],[120.75172,24.09924],[120.75305,24.09968],[120.75675,24.10041],[120.75895,24.10108],[120.76011,24.10151],[120.76049,24.10147],[120.76081,24.10119],[120.7614,24.10122],[120.76158,24.10115],[120.7617,24.10126],[120.76179,24.10141]]]}},{"type":"Feature","properties":{"c":"66000270020","t":"太平區","v":"永成里"},"geometry":{"type":"Polygon","coordinates":[[[120.71983,24.12126],[120.7215,24.11987],[120.71813,24.11691],[120.71753,24.11643],[120.71641,24.11573],[120.71561,24.11535],[120.71463,24.11504],[120.71233,24.11446],[120.71273,24.1176],[120.71579,24.11998],[120.71634,24.12032],[120.71761,24.12086],[120.71851,24.12153],[120.71894,24.12198],[120.71931,24.12168],[120.71983,24.12126]]]}},{"type":"Feature","properties":{"c":"66000270021","t":"太平區","v":"永平里"},"geometry":{"type":"Polygon","coordinates":[[[120.72253,24.1338],[120.7226,24.13275],[120.7227,24.1325],[120.72313,24.1319],[120.71792,24.12874],[120.7162,24.13343],[120.72187,24.13376],[120.72253,24.1338]]]}},{"type":"Feature","properties":{"c":"66000270022","t":"太平區","v":"成功里"},"geometry":{"type":"Polygon","coordinates":[[[120.72594,24.13405],[120.72671,24.13419],[120.72956,24.13498],[120.73269,24.13471],[120.73368,24.13453],[120.73524,24.13399],[120.73681,24.13251],[120.73579,24.13137],[120.73484,24.13008],[120.7338,24.1308],[120.73236,24.13201],[120.7303,24.13092],[120.72814,24.13001],[120.72687,24.13132],[120.72647,24.13117],[120.72623,24.1309],[120.72602,24.13076],[120.72434,24.13004],[120.72397,24.12974],[120.72388,24.12983],[120.72304,24.12947],[120.72245,24.12929],[120.72211,24.12906],[120.72083,24.1305],[120.72313,24.1319],[120.7227,24.1325],[120.7226,24.13275],[120.72253,24.1338],[120.72577,24.13402],[120.72594,24.13405]]]}},{"type":"Feature","properties":{"c":"66000270023","t":"太平區","v":"東和里"},"geometry":{"type":"Polygon","coordinates":[[[120.72429,24.13938],[120.72489,24.13939],[120.72577,24.13905],[120.72638,24.13914],[120.72672,24.13901],[120.72733,24.13905],[120.72812,24.13876],[120.72821,24.13879],[120.72829,24.13898],[120.72817,24.13948],[120.72827,24.13963],[120.72865,24.13956],[120.72915,24.13992],[120.7299,24.14],[120.7302,24.14013],[120.7308,24.14008],[120.73161,24.14014],[120.7315,24.13989],[120.73157,24.13962],[120.73238,24.13868],[120.73248,24.13838],[120.73453,24.13919],[120.74576,24.14234],[120.74807,24.14289],[120.75633,24.144],[120.75534,24.14349],[120.75467,24.14291],[120.75266,24.14151],[120.74912,24.13944],[120.7469,24.13803],[120.74654,24.13775],[120.7453,24.13651],[120.74357,24.13501],[120.74338,24.13475],[120.74308,24.13463],[120.7409,24.13419],[120.73842,24.13339],[120.73749,24.13299],[120.73681,24.13251],[120.73524,24.13399],[120.73368,24.13453],[120.73269,24.13471],[120.72956,24.13498],[120.72671,24.13419],[120.72594,24.13405],[120.726,24.13638],[120.72403,24.13638],[120.72425,24.13914],[120.72429,24.13938]]]}},{"type":"Feature","properties":{"c":"66000270024","t":"太平區","v":"中政里"},"geometry":{"type":"Polygon","coordinates":[[[120.72211,24.12906],[120.72075,24.12818],[120.71993,24.12739],[120.71889,24.12682],[120.71815,24.12565],[120.71755,24.12542],[120.71723,24.12516],[120.71628,24.12502],[120.71604,24.12472],[120.71548,24.12471],[120.71378,24.12508],[120.71305,24.12552],[120.71771,24.12862],[120.72083,24.1305],[120.72178,24.12944],[120.72211,24.12906]]]}},{"type":"Feature","properties":{"c":"66000270025","t":"太平區","v":"平安里"},"geometry":{"type":"Polygon","coordinates":[[[120.72308,24.12343],[120.72334,24.12289],[120.72436,24.1236],[120.7246,24.12325],[120.72523,24.12269],[120.72557,24.12224],[120.72634,24.12177],[120.72671,24.12132],[120.72828,24.11897],[120.72728,24.11732],[120.72705,24.11681],[120.72674,24.11575],[120.72654,24.11542],[120.72484,24.1162],[120.72451,24.11641],[120.7239,24.11718],[120.72333,24.11837],[120.71983,24.12126],[120.72115,24.12226],[120.72179,24.12253],[120.72188,24.12246],[120.72242,24.12295],[120.72297,24.12335],[120.72308,24.12343]]]}},{"type":"Feature","properties":{"c":"66000270026","t":"太平區","v":"建興里"},"geometry":{"type":"Polygon","coordinates":[[[120.73484,24.13008],[120.7335,24.12848],[120.73211,24.12699],[120.73174,24.12665],[120.73111,24.12632],[120.73093,24.12613],[120.73066,24.12547],[120.73059,24.12507],[120.73063,24.12468],[120.7308,24.12431],[120.73033,24.12466],[120.72883,24.12556],[120.72841,24.12592],[120.72827,24.12578],[120.72807,24.12596],[120.72737,24.12694],[120.7268,24.12737],[120.72612,24.12802],[120.72539,24.12923],[120.72452,24.13012],[120.72602,24.13076],[120.72623,24.1309],[120.72647,24.13117],[120.72687,24.13132],[120.72814,24.13001],[120.7303,24.13092],[120.73236,24.13201],[120.73408,24.13062],[120.73484,24.13008]]]}},{"type":"Feature","properties":{"c":"66000270027","t":"太平區","v":"新興里"},"geometry":{"type":"Polygon","coordinates":[[[120.71345,24.16068],[120.71217,24.15579],[120.71026,24.15596],[120.70993,24.15575],[120.70978,24.15577],[120.70792,24.15659],[120.70746,24.15697],[120.70736,24.15728],[120.70708,24.15758],[120.70509,24.15865],[120.70508,24.15942],[120.70488,24.16087],[120.70469,24.16176],[120.70459,24.16255],[120.70462,24.16296],[120.70595,24.16314],[120.70648,24.16307],[120.70693,24.1628],[120.70932,24.16082],[120.70971,24.16071],[120.7102,24.16071],[120.71105,24.16102],[120.71165,24.16103],[120.71283,24.16097],[120.7134,24.16071],[120.71345,24.16068]]]}},{"type":"Feature","properties":{"c":"66000270028","t":"太平區","v":"新高里"},"geometry":{"type":"Polygon","coordinates":[[[120.71821,24.15979],[120.71907,24.15955],[120.7188,24.15903],[120.71829,24.15854],[120.71745,24.15684],[120.71675,24.15585],[120.7166,24.15543],[120.71636,24.15379],[120.71599,24.15248],[120.71499,24.1507],[120.71486,24.15032],[120.71478,24.14898],[120.71453,24.14783],[120.71426,24.14732],[120.71391,24.14686],[120.71342,24.14648],[120.71246,24.14583],[120.71201,24.14594],[120.71203,24.14725],[120.71159,24.14746],[120.71138,24.14856],[120.71117,24.14918],[120.71094,24.14945],[120.71054,24.14966],[120.71345,24.16068],[120.71366,24.16058],[120.71802,24.15982],[120.71821,24.15979]]]}},{"type":"Feature","properties":{"c":"66000270029","t":"太平區","v":"新吉里"},"geometry":{"type":"Polygon","coordinates":[[[120.72469,24.15239],[120.72426,24.15204],[120.72401,24.1515],[120.72377,24.15077],[120.72365,24.14948],[120.71824,24.14878],[120.7182,24.15066],[120.71808,24.15113],[120.71843,24.15128],[120.71831,24.15183],[120.71847,24.15211],[120.71807,24.1523],[120.71944,24.15448],[120.72288,24.15278],[120.72309,24.15314],[120.72414,24.15287],[120.72431,24.15279],[120.7246,24.15244],[120.72469,24.15239]]]}},{"type":"Feature","properties":{"c":"66000270030","t":"太平區","v":"新城里"},"geometry":{"type":"Polygon","coordinates":[[[120.71944,24.15448],[120.71807,24.1523],[120.71847,24.15211],[120.71831,24.15183],[120.71843,24.15128],[120.71808,24.15113],[120.7182,24.15066],[120.71824,24.14878],[120.71712,24.14864],[120.71642,24.14867],[120.71479,24.14915],[120.71486,24.15032],[120.71499,24.1507],[120.71599,24.15248],[120.71636,24.15379],[120.7166,24.15543],[120.71675,24.15585],[120.71745,24.15684],[120.72051,24.15615],[120.7199,24.15519],[120.71944,24.15448]]]}},{"type":"Feature","properties":{"c":"66000270031","t":"太平區","v":"宜佳里"},"geometry":{"type":"Polygon","coordinates":[[[120.71224,24.14444],[120.71282,24.14443],[120.71308,24.1434],[120.71448,24.14343],[120.71517,24.13778],[120.71566,24.13565],[120.71389,24.1356],[120.71323,24.13567],[120.7124,24.1355],[120.71145,24.13504],[120.71111,24.13481],[120.71059,24.13418],[120.70967,24.13379],[120.70934,24.13336],[120.70912,24.13319],[120.70818,24.13282],[120.70841,24.13366],[120.70917,24.13535],[120.70999,24.13676],[120.71031,24.13753],[120.71044,24.13834],[120.71056,24.14084],[120.71075,24.1418],[120.71109,24.14272],[120.71203,24.14445],[120.71224,24.14444]]]}},{"type":"Feature","properties":{"c":"66000270032","t":"太平區","v":"宜昌里"},"geometry":{"type":"Polygon","coordinates":[[[120.72166,24.14683],[120.71888,24.14688],[120.71863,24.14659],[120.71821,24.14641],[120.71545,24.14639],[120.71487,24.14553],[120.71486,24.14518],[120.71456,24.14516],[120.71433,24.14479],[120.71448,24.14343],[120.71308,24.1434],[120.71282,24.14443],[120.71203,24.14445],[120.71207,24.14453],[120.71182,24.14453],[120.71221,24.1459],[120.71246,24.14583],[120.71284,24.14607],[120.71391,24.14686],[120.71426,24.14732],[120.71453,24.14783],[120.71479,24.14915],[120.71642,24.14867],[120.71712,24.14864],[120.72365,24.14948],[120.7236,24.14921],[120.72346,24.14896],[120.72317,24.14876],[120.72253,24.14853],[120.7221,24.14811],[120.72196,24.14764],[120.72174,24.14722],[120.72166,24.14686],[120.72166,24.14683]]]}},{"type":"Feature","properties":{"c":"66000270033","t":"太平區","v":"光明里"},"geometry":{"type":"Polygon","coordinates":[[[120.73351,24.15461],[120.73321,24.15053],[120.7325,24.15049],[120.73125,24.1503],[120.72963,24.15028],[120.72365,24.14948],[120.7238,24.15088],[120.72418,24.15191],[120.72442,24.15222],[120.72494,24.15197],[120.72573,24.15146],[120.72665,24.15223],[120.72687,24.152],[120.72696,24.15199],[120.72765,24.15216],[120.72794,24.15215],[120.72821,24.15268],[120.72908,24.15344],[120.72964,24.15347],[120.73005,24.15322],[120.73015,24.15322],[120.73095,24.15395],[120.73123,24.15407],[120.7318,24.1541],[120.73225,24.15432],[120.73263,24.15465],[120.73283,24.15467],[120.73351,24.15461]]]}},{"type":"Feature","properties":{"c":"66000270034","t":"太平區","v":"豐年里"},"geometry":{"type":"Polygon","coordinates":[[[120.7276,24.14397],[120.72768,24.14239],[120.73006,24.14252],[120.73049,24.14012],[120.7302,24.14013],[120.7299,24.14],[120.72915,24.13992],[120.72865,24.13956],[120.72834,24.13964],[120.72821,24.13959],[120.72817,24.13948],[120.72829,24.13898],[120.72821,24.13879],[120.72812,24.13876],[120.72733,24.13905],[120.72672,24.13901],[120.72638,24.13914],[120.72577,24.13905],[120.72506,24.13934],[120.72444,24.1394],[120.72425,24.13936],[120.72412,24.13915],[120.72397,24.13908],[120.72364,24.13911],[120.72327,24.13923],[120.72269,24.13903],[120.72208,24.13906],[120.72139,24.13898],[120.72119,24.13892],[120.72089,24.13871],[120.72058,24.13878],[120.71995,24.13821],[120.71948,24.13814],[120.71988,24.13869],[120.71995,24.1391],[120.72015,24.13947],[120.72099,24.14032],[120.72126,24.14081],[120.72133,24.14117],[120.72116,24.14359],[120.72157,24.14488],[120.72166,24.14683],[120.72397,24.14684],[120.72517,24.14656],[120.72581,24.14652],[120.72609,24.14621],[120.72602,24.14546],[120.72589,24.14516],[120.72624,24.14507],[120.72617,24.14471],[120.72633,24.14467],[120.72622,24.14414],[120.72709,24.14395],[120.72746,24.14395],[120.7276,24.14397]]]}},{"type":"Feature","properties":{"c":"66000270035","t":"太平區","v":"大興里"},"geometry":{"type":"Polygon","coordinates":[[[120.78428,24.16701],[120.78373,24.16637],[120.78329,24.16604],[120.78302,24.16589],[120.78254,24.16585],[120.78226,24.16564],[120.7823,24.16536],[120.78249,24.1652],[120.78261,24.16532],[120.7827,24.16531],[120.78292,24.16486],[120.78301,24.16447],[120.78276,24.16398],[120.78213,24.16364],[120.7819,24.16335],[120.78146,24.16319],[120.78119,24.1632],[120.78092,24.16306],[120.7808,24.16307],[120.78033,24.16344],[120.77975,24.16343],[120.77924,24.16331],[120.77919,24.16306],[120.77867,24.16287],[120.77845,24.16248],[120.77828,24.16202],[120.7784,24.16159],[120.77829,24.16152],[120.77798,24.1615],[120.77748,24.16124],[120.77678,24.16114],[120.77628,24.16152],[120.77581,24.16154],[120.77538,24.16135],[120.77526,24.16124],[120.77522,24.16108],[120.77512,24.16102],[120.77371,24.16075],[120.77334,24.16046],[120.77314,24.16019],[120.77225,24.15834],[120.77173,24.15779],[120.77041,24.15681],[120.7697,24.1565],[120.76908,24.15637],[120.76667,24.15542],[120.76563,24.15481],[120.76504,24.15432],[120.76441,24.1537],[120.76356,24.15249],[120.76315,24.15127],[120.74796,24.1515],[120.74358,24.15186],[120.74218,24.15176],[120.73521,24.15051],[120.73321,24.15053],[120.7336,24.15552],[120.73367,24.15571],[120.734,24.15605],[120.7353,24.15646],[120.73736,24.15697],[120.74348,24.15757],[120.7438,24.15784],[120.74425,24.15867],[120.74427,24.15899],[120.74417,24.15926],[120.74468,24.15934],[120.74634,24.16065],[120.74799,24.16136],[120.74855,24.16176],[120.7487,24.16191],[120.74878,24.16213],[120.74888,24.16219],[120.74912,24.1622],[120.74953,24.16203],[120.75027,24.16148],[120.75159,24.16086],[120.75307,24.15995],[120.7535,24.15953],[120.75382,24.1587],[120.754,24.15851],[120.75471,24.15803],[120.75537,24.15794],[120.75685,24.1579],[120.7577,24.158],[120.75814,24.15781],[120.75912,24.15785],[120.75962,24.15799],[120.75976,24.15811],[120.76064,24.15923],[120.76114,24.15969],[120.76168,24.15993],[120.76189,24.15995],[120.76235,24.1598],[120.76333,24.15904],[120.76377,24.15892],[120.76462,24.15887],[120.76539,24.15897],[120.76615,24.15917],[120.76692,24.15958],[120.76707,24.15981],[120.76752,24.16014],[120.7682,24.16024],[120.76897,24.1601],[120.76945,24.16031],[120.77024,24.1609],[120.77099,24.16131],[120.77193,24.16202],[120.77225,24.16237],[120.77238,24.16276],[120.77215,24.16337],[120.77219,24.1635],[120.77302,24.16454],[120.77323,24.16493],[120.77352,24.16557],[120.774,24.16727],[120.77415,24.16748],[120.77449,24.16775],[120.77585,24.16858],[120.77635,24.16855],[120.77663,24.16841],[120.77703,24.16806],[120.77749,24.16789],[120.77775,24.16789],[120.77836,24.1681],[120.77922,24.16792],[120.77947,24.16775],[120.78002,24.16719],[120.78058,24.16694],[120.78111,24.16679],[120.78163,24.16671],[120.7821,24.16674],[120.78313,24.16704],[120.78389,24.16711],[120.78428,24.16701]]]}},{"type":"Feature","properties":{"c":"66000270036","t":"太平區","v":"勤益里"},"geometry":{"type":"Polygon","coordinates":[[[120.75837,24.14578],[120.75744,24.14507],[120.75633,24.144],[120.74807,24.14289],[120.74576,24.14234],[120.73453,24.13919],[120.73248,24.13838],[120.73238,24.13868],[120.73157,24.13962],[120.7315,24.13989],[120.73161,24.14014],[120.7308,24.14008],[120.73049,24.14012],[120.73006,24.14252],[120.72768,24.14239],[120.72765,24.14254],[120.72768,24.14281],[120.72756,24.14437],[120.72763,24.14458],[120.72751,24.14474],[120.7275,24.14537],[120.73394,24.14537],[120.73485,24.14556],[120.73587,24.14561],[120.73647,24.14557],[120.7365,24.14534],[120.73685,24.14528],[120.73741,24.14496],[120.73874,24.14509],[120.73878,24.14522],[120.73901,24.14543],[120.73906,24.14558],[120.73926,24.14575],[120.7395,24.14619],[120.73993,24.14666],[120.74031,24.14662],[120.74084,24.14719],[120.74103,24.14715],[120.74108,24.14689],[120.74117,24.14679],[120.74148,24.14713],[120.74182,24.14702],[120.74178,24.14721],[120.74184,24.1473],[120.74232,24.14737],[120.74259,24.14755],[120.74291,24.14761],[120.74319,24.14763],[120.74346,24.14752],[120.74368,24.14752],[120.74367,24.14738],[120.7434,24.1472],[120.74336,24.14707],[120.74341,24.1469],[120.7437,24.14658],[120.74323,24.14657],[120.74292,24.14671],[120.74238,24.1467],[120.74188,24.14649],[120.74192,24.14534],[120.74168,24.14468],[120.74178,24.14432],[120.74203,24.14416],[120.74267,24.14453],[120.74309,24.14447],[120.74348,24.14494],[120.7436,24.145],[120.74409,24.14496],[120.74458,24.14522],[120.74507,24.14527],[120.74532,24.14545],[120.74541,24.14547],[120.7457,24.14528],[120.74585,24.14526],[120.74617,24.14547],[120.74644,24.14551],[120.74677,24.14529],[120.74704,24.1453],[120.74744,24.14594],[120.74786,24.14593],[120.74835,24.14611],[120.74866,24.14611],[120.74906,24.14593],[120.7493,24.14591],[120.75106,24.14608],[120.75348,24.14614],[120.75529,24.1458],[120.75675,24.14569],[120.75837,24.14578]]]}},{"type":"Feature","properties":{"c":"66000270037","t":"太平區","v":"聖和里"},"geometry":{"type":"Polygon","coordinates":[[[120.76315,24.15127],[120.76356,24.15249],[120.76376,24.15278],[120.7634,24.15037],[120.76306,24.14908],[120.76241,24.14691],[120.76176,24.14552],[120.7616,24.14462],[120.76164,24.1444],[120.76199,24.14385],[120.76222,24.14337],[120.76231,24.14277],[120.76243,24.14272],[120.76296,24.14278],[120.76318,24.14241],[120.76373,24.14241],[120.76394,24.14234],[120.764,24.14189],[120.76406,24.14183],[120.76459,24.14184],[120.76498,24.14191],[120.7653,24.14179],[120.76538,24.14163],[120.76534,24.14155],[120.76498,24.1414],[120.76483,24.14123],[120.76485,24.14101],[120.76562,24.14047],[120.76601,24.13993],[120.7667,24.13974],[120.7667,24.13952],[120.76621,24.13877],[120.76616,24.1386],[120.7666,24.13772],[120.76697,24.13609],[120.76702,24.13533],[120.76692,24.13471],[120.76668,24.13412],[120.76615,24.13356],[120.76576,24.13328],[120.76185,24.13139],[120.76145,24.13075],[120.76125,24.13057],[120.75985,24.13007],[120.75868,24.12958],[120.75518,24.1278],[120.75456,24.12738],[120.75436,24.12714],[120.75425,24.12685],[120.75426,24.12654],[120.75436,24.12627],[120.75462,24.12588],[120.75467,24.12564],[120.75461,24.1254],[120.75448,24.12524],[120.75427,24.12512],[120.75404,24.12509],[120.75318,24.12512],[120.7513,24.12459],[120.75083,24.1245],[120.74996,24.12445],[120.74902,24.12379],[120.74897,24.12333],[120.74866,24.12307],[120.74814,24.1228],[120.74656,24.12621],[120.74586,24.12707],[120.74522,24.12766],[120.74422,24.12828],[120.74317,24.12871],[120.73933,24.12929],[120.73749,24.12969],[120.73632,24.13022],[120.73538,24.13082],[120.73579,24.13137],[120.73681,24.13251],[120.73749,24.13299],[120.73842,24.13339],[120.7409,24.13419],[120.74308,24.13463],[120.74338,24.13475],[120.74357,24.13501],[120.7453,24.13651],[120.74654,24.13775],[120.7469,24.13803],[120.74912,24.13944],[120.75266,24.14151],[120.75467,24.14291],[120.75534,24.14349],[120.75623,24.14391],[120.75744,24.14507],[120.75897,24.14626],[120.76021,24.14693],[120.76148,24.14806],[120.76247,24.14941],[120.76287,24.15023],[120.76315,24.15127]]]}},{"type":"Feature","properties":{"c":"66000270038","t":"太平區","v":"福隆里"},"geometry":{"type":"Polygon","coordinates":[[[120.73484,24.13008],[120.73538,24.13082],[120.73632,24.13022],[120.73749,24.12969],[120.73933,24.12929],[120.74317,24.12871],[120.74422,24.12828],[120.74522,24.12766],[120.74586,24.12707],[120.74656,24.12621],[120.74786,24.12351],[120.74918,24.12021],[120.7498,24.11924],[120.75092,24.118],[120.75072,24.11786],[120.75052,24.11737],[120.75039,24.11724],[120.75027,24.11725],[120.74974,24.11753],[120.74948,24.11733],[120.74923,24.11766],[120.74905,24.11774],[120.74916,24.11752],[120.7491,24.11737],[120.74872,24.11717],[120.74896,24.11665],[120.7487,24.11646],[120.74876,24.11663],[120.74844,24.11712],[120.74844,24.11732],[120.74854,24.11745],[120.74763,24.11737],[120.74732,24.11721],[120.74728,24.11699],[120.74719,24.1169],[120.74693,24.1173],[120.74623,24.11785],[120.74556,24.1182],[120.74535,24.11838],[120.74449,24.11858],[120.74374,24.11828],[120.74378,24.11871],[120.74402,24.11894],[120.74438,24.11905],[120.7446,24.11949],[120.74458,24.11967],[120.74486,24.11976],[120.74477,24.11987],[120.74491,24.11995],[120.74478,24.12012],[120.74457,24.12066],[120.74462,24.12118],[120.74472,24.12144],[120.74464,24.12154],[120.74463,24.12186],[120.74432,24.12219],[120.74417,24.12252],[120.74405,24.12258],[120.7437,24.12251],[120.74349,24.12223],[120.74323,24.12232],[120.74321,24.12254],[120.74295,24.1225],[120.74284,24.12241],[120.74277,24.12199],[120.74243,24.12168],[120.74232,24.12141],[120.74173,24.12074],[120.74156,24.1205],[120.7415,24.12028],[120.7413,24.12009],[120.7405,24.12006],[120.74025,24.11999],[120.73979,24.11966],[120.73943,24.11966],[120.73917,24.11958],[120.73869,24.11995],[120.73844,24.12038],[120.73804,24.12053],[120.73722,24.12053],[120.73678,24.12037],[120.73619,24.12026],[120.73488,24.12013],[120.73385,24.12033],[120.7329,24.12031],[120.72907,24.1206],[120.72954,24.12133],[120.73001,24.12169],[120.73052,24.12222],[120.73081,24.12263],[120.73132,24.12367],[120.73125,24.12387],[120.7308,24.12431],[120.73059,24.12486],[120.73066,24.12547],[120.73093,24.12613],[120.73111,24.12632],[120.73174,24.12665],[120.73211,24.12699],[120.7335,24.12848],[120.73477,24.12999],[120.73484,24.13008]]]}},{"type":"Feature","properties":{"c":"66000270039","t":"太平區","v":"永隆里"},"geometry":{"type":"Polygon","coordinates":[[[120.76011,24.10151],[120.75895,24.10108],[120.75675,24.10041],[120.75305,24.09968],[120.75172,24.09924],[120.74882,24.09857],[120.74627,24.09777],[120.74517,24.09759],[120.74463,24.09737],[120.74301,24.09742],[120.74221,24.09752],[120.74015,24.09803],[120.73988,24.09799],[120.73833,24.09712],[120.73771,24.09656],[120.73749,24.09617],[120.73744,24.09534],[120.7366,24.09465],[120.7361,24.09453],[120.73548,24.09466],[120.73526,24.0948],[120.7351,24.09517],[120.73486,24.09528],[120.73403,24.09504],[120.73369,24.09512],[120.73327,24.09533],[120.73299,24.09537],[120.73269,24.09523],[120.73233,24.09487],[120.73212,24.09476],[120.73192,24.09491],[120.73176,24.0949],[120.73084,24.09452],[120.73034,24.09415],[120.73015,24.09415],[120.7291,24.09459],[120.7288,24.09644],[120.72886,24.0996],[120.72799,24.09944],[120.72784,24.09946],[120.72743,24.09967],[120.72567,24.10097],[120.72502,24.10154],[120.72385,24.10212],[120.72369,24.10236],[120.72365,24.10264],[120.72382,24.10319],[120.72382,24.10343],[120.72349,24.10386],[120.72376,24.10424],[120.7237,24.10515],[120.72385,24.10552],[120.72359,24.10582],[120.72352,24.10601],[120.72355,24.10622],[120.72335,24.10644],[120.72342,24.10669],[120.72339,24.10682],[120.72325,24.10696],[120.7229,24.10705],[120.72281,24.10732],[120.72281,24.10762],[120.72249,24.10797],[120.72221,24.10802],[120.7205,24.10884],[120.71973,24.10869],[120.71953,24.10883],[120.71915,24.10933],[120.71944,24.10924],[120.72032,24.10924],[120.7211,24.10935],[120.72165,24.10953],[120.72171,24.1099],[120.72276,24.11148],[120.72328,24.11183],[120.7246,24.11054],[120.72496,24.11002],[120.72518,24.10941],[120.72525,24.10894],[120.72511,24.10802],[120.72775,24.10718],[120.72927,24.10678],[120.73299,24.10558],[120.73629,24.10513],[120.73892,24.10506],[120.73911,24.10512],[120.73948,24.10537],[120.7398,24.10569],[120.73997,24.10576],[120.74007,24.10594],[120.73992,24.10625],[120.73967,24.10643],[120.73968,24.10658],[120.73989,24.10685],[120.7402,24.10692],[120.74055,24.10679],[120.74071,24.10658],[120.74086,24.10624],[120.74105,24.10546],[120.74138,24.10471],[120.74166,24.10432],[120.7418,24.10423],[120.74293,24.1041],[120.7439,24.10381],[120.74968,24.10287],[120.75013,24.10274],[120.75147,24.10215],[120.75421,24.10203],[120.75653,24.10147],[120.75769,24.10128],[120.75786,24.10128],[120.75821,24.10156],[120.75867,24.10175],[120.75929,24.10178],[120.75919,24.10146],[120.75984,24.10149],[120.76011,24.10151]]]}},{"type":"Feature","properties":{"c":"66000280001","t":"大里區","v":"大里里"},"geometry":{"type":"Polygon","coordinates":[[[120.66432,24.0968],[120.66746,24.09669],[120.67539,24.09783],[120.67736,24.09754],[120.6775,24.09793],[120.67775,24.09807],[120.67812,24.09806],[120.67873,24.09792],[120.67958,24.09968],[120.68247,24.10038],[120.68291,24.09877],[120.68243,24.09874],[120.68166,24.0982],[120.67754,24.0947],[120.67679,24.09397],[120.67358,24.09118],[120.6717,24.08978],[120.66881,24.08894],[120.66841,24.08922],[120.66825,24.08943],[120.66795,24.09026],[120.6675,24.09098],[120.66716,24.09135],[120.66592,24.0921],[120.66495,24.09251],[120.66404,24.09242],[120.6624,24.09302],[120.66111,24.09323],[120.66051,24.09323],[120.66025,24.09306],[120.65991,24.09301],[120.65945,24.09312],[120.65925,24.09297],[120.65909,24.09294],[120.65859,24.09299],[120.65833,24.09311],[120.65726,24.09289],[120.65686,24.09301],[120.65653,24.09319],[120.65772,24.09398],[120.65838,24.09432],[120.65873,24.09464],[120.65933,24.09499],[120.66016,24.09526],[120.66027,24.09535],[120.66037,24.09584],[120.66054,24.09617],[120.66074,24.09623],[120.66096,24.09604],[120.661,24.0959],[120.66128,24.09585],[120.66177,24.09635],[120.66179,24.09676],[120.66263,24.09684],[120.66432,24.0968]]]}},{"type":"Feature","properties":{"c":"66000280002","t":"大里區","v":"新里里"},"geometry":{"type":"Polygon","coordinates":[[[120.66417,24.09845],[120.66483,24.09807],[120.66535,24.09846],[120.66596,24.09876],[120.66644,24.09889],[120.66733,24.09898],[120.6674,24.0991],[120.66736,24.09971],[120.66753,24.09989],[120.66863,24.09988],[120.66925,24.10012],[120.67059,24.10155],[120.67076,24.10188],[120.67082,24.10219],[120.67127,24.10307],[120.67165,24.10337],[120.67214,24.10414],[120.67228,24.10424],[120.67286,24.10421],[120.67335,24.1044],[120.67391,24.10446],[120.67423,24.10467],[120.67432,24.10493],[120.67433,24.10525],[120.67408,24.10589],[120.67466,24.1058],[120.67513,24.10583],[120.6804,24.10735],[120.68247,24.10038],[120.67958,24.09968],[120.67873,24.09792],[120.67812,24.09806],[120.67775,24.09807],[120.6775,24.09793],[120.67736,24.09754],[120.67585,24.09779],[120.67509,24.09781],[120.66746,24.09669],[120.66263,24.09684],[120.66179,24.09676],[120.66182,24.09701],[120.6619,24.09709],[120.66261,24.09742],[120.66284,24.0974],[120.66315,24.09757],[120.6633,24.09782],[120.66291,24.09822],[120.6635,24.09876],[120.66375,24.09883],[120.6639,24.09876],[120.66417,24.09845]]]}},{"type":"Feature","properties":{"c":"66000280003","t":"大里區","v":"樹王里"},"geometry":{"type":"Polygon","coordinates":[[[120.66821,24.11262],[120.66878,24.11253],[120.66935,24.11199],[120.66993,24.11155],[120.67013,24.11151],[120.67013,24.11125],[120.67112,24.11092],[120.6713,24.11095],[120.67161,24.11124],[120.67165,24.10971],[120.67157,24.10946],[120.6712,24.10915],[120.67115,24.10892],[120.67175,24.10819],[120.67284,24.10704],[120.67368,24.10602],[120.67408,24.10589],[120.67433,24.10525],[120.67432,24.10493],[120.67423,24.10467],[120.67391,24.10446],[120.67335,24.1044],[120.67286,24.10421],[120.67228,24.10424],[120.67214,24.10414],[120.67165,24.10337],[120.67127,24.10307],[120.67082,24.10219],[120.67076,24.10188],[120.67059,24.10155],[120.66925,24.10012],[120.66863,24.09988],[120.66753,24.09989],[120.66736,24.09971],[120.6674,24.0991],[120.66733,24.09898],[120.66644,24.09889],[120.66596,24.09876],[120.66535,24.09846],[120.66483,24.09807],[120.66417,24.09845],[120.6639,24.09876],[120.66375,24.09883],[120.66336,24.09866],[120.66291,24.09822],[120.6626,24.09846],[120.6617,24.09856],[120.65827,24.09989],[120.6579,24.10019],[120.65809,24.10115],[120.65774,24.10154],[120.65772,24.10172],[120.65806,24.10212],[120.65814,24.1025],[120.65833,24.10262],[120.65847,24.10305],[120.65876,24.10327],[120.6589,24.10347],[120.65897,24.10387],[120.65892,24.10397],[120.65715,24.10391],[120.65714,24.104],[120.65722,24.10412],[120.65718,24.10435],[120.6573,24.10448],[120.65786,24.10464],[120.6585,24.10521],[120.65877,24.10538],[120.66059,24.10601],[120.66133,24.10652],[120.66139,24.10664],[120.66129,24.10704],[120.6613,24.10742],[120.66171,24.10923],[120.66168,24.10947],[120.6615,24.10987],[120.66165,24.1103],[120.66196,24.11077],[120.66235,24.11122],[120.66304,24.11183],[120.66324,24.11198],[120.66398,24.11232],[120.66498,24.11259],[120.66617,24.11259],[120.66671,24.11248],[120.66779,24.11266],[120.66821,24.11262]]]}},{"type":"Feature","properties":{"c":"66000280004","t":"大里區","v":"東興里"},"geometry":{"type":"Polygon","coordinates":[[[120.68615,24.11527],[120.68614,24.11472],[120.68488,24.11325],[120.68462,24.11325],[120.68462,24.11193],[120.68386,24.1119],[120.68386,24.11025],[120.67983,24.1093],[120.67913,24.11169],[120.67903,24.11221],[120.67928,24.11503],[120.6849,24.11524],[120.68615,24.11527]]]}},{"type":"Feature","properties":{"c":"66000280005","t":"大里區","v":"祥興里"},"geometry":{"type":"Polygon","coordinates":[[[120.69724,24.12481],[120.69874,24.12473],[120.69784,24.12372],[120.69721,24.1234],[120.69606,24.123],[120.6942,24.12248],[120.69207,24.1222],[120.69127,24.12183],[120.69035,24.12112],[120.6899,24.12052],[120.68931,24.12012],[120.68809,24.11905],[120.6872,24.11838],[120.68631,24.11789],[120.68545,24.1176],[120.68478,24.11752],[120.67936,24.11741],[120.67947,24.11755],[120.67946,24.11766],[120.68155,24.11833],[120.68192,24.1184],[120.68265,24.11837],[120.68356,24.11867],[120.68408,24.11919],[120.68467,24.11997],[120.68523,24.1211],[120.68532,24.12143],[120.68536,24.12196],[120.68552,24.12244],[120.68596,24.12326],[120.68689,24.12397],[120.68773,24.12442],[120.68859,24.12469],[120.68962,24.12476],[120.69027,24.12463],[120.69043,24.12439],[120.69081,24.12427],[120.6914,24.12411],[120.69232,24.12401],[120.6927,24.1242],[120.69449,24.12412],[120.696,24.12451],[120.69649,24.1248],[120.69664,24.12473],[120.69708,24.12483],[120.69724,24.12481]]]}},{"type":"Feature","properties":{"c":"66000280006","t":"大里區","v":"日新里"},"geometry":{"type":"Polygon","coordinates":[[[120.69807,24.12393],[120.69874,24.12474],[120.69944,24.12476],[120.70024,24.12489],[120.69213,24.11541],[120.68967,24.11528],[120.68936,24.11876],[120.68924,24.11913],[120.68888,24.11971],[120.68931,24.12012],[120.6899,24.12052],[120.69026,24.12103],[120.69074,24.12146],[120.69127,24.12183],[120.69179,24.12209],[120.69244,24.12228],[120.69379,24.1224],[120.69504,24.12271],[120.69721,24.1234],[120.69768,24.12362],[120.69797,24.12384],[120.69807,24.12393]]]}},{"type":"Feature","properties":{"c":"66000280007","t":"大里區","v":"西榮里"},"geometry":{"type":"Polygon","coordinates":[[[120.68967,24.11528],[120.68995,24.11186],[120.68998,24.11002],[120.68643,24.11037],[120.68386,24.11025],[120.68386,24.1119],[120.68462,24.11193],[120.68462,24.11325],[120.68488,24.11325],[120.68614,24.11472],[120.68615,24.11527],[120.68966,24.11537],[120.68967,24.11528]]]}},{"type":"Feature","properties":{"c":"66000280008","t":"大里區","v":"內新里"},"geometry":{"type":"Polygon","coordinates":[[[120.69351,24.11702],[120.69568,24.11521],[120.69513,24.11463],[120.69469,24.11439],[120.69396,24.11386],[120.69364,24.11413],[120.69248,24.11288],[120.69213,24.11207],[120.69246,24.11199],[120.69189,24.10964],[120.69567,24.10814],[120.6947,24.10552],[120.68954,24.10625],[120.68993,24.10753],[120.68999,24.10813],[120.68995,24.11186],[120.68967,24.11528],[120.69213,24.11541],[120.69321,24.11667],[120.69351,24.11702]]]}},{"type":"Feature","properties":{"c":"66000280009","t":"大里區","v":"東昇里"},"geometry":{"type":"Polygon","coordinates":[[[120.70227,24.125],[120.70308,24.12489],[120.70416,24.12487],[120.70394,24.1244],[120.70244,24.12191],[120.70201,24.12088],[120.70147,24.1177],[120.70143,24.11647],[120.70131,24.11553],[120.70082,24.11369],[120.7007,24.11294],[120.70093,24.11214],[120.70116,24.11163],[120.70143,24.11137],[120.70172,24.11125],[120.70085,24.11135],[120.70018,24.11129],[120.69982,24.11115],[120.69901,24.11063],[120.69843,24.1104],[120.69791,24.11032],[120.69764,24.11012],[120.69729,24.10973],[120.69659,24.10934],[120.69596,24.10873],[120.69567,24.10814],[120.69189,24.10964],[120.69246,24.11199],[120.69213,24.11207],[120.69248,24.11288],[120.69364,24.11413],[120.69396,24.11386],[120.69469,24.11439],[120.69513,24.11463],[120.69568,24.11521],[120.69351,24.11702],[120.70024,24.12489],[120.70053,24.12495],[120.70212,24.125],[120.70227,24.125]]]}},{"type":"Feature","properties":{"c":"66000280010","t":"大里區","v":"立仁里"},"geometry":{"type":"Polygon","coordinates":[[[120.70007,24.11126],[120.70085,24.11135],[120.70172,24.11125],[120.70184,24.11086],[120.70302,24.10895],[120.70312,24.10846],[120.7035,24.10803],[120.70365,24.10771],[120.70029,24.10592],[120.69977,24.10578],[120.7,24.10479],[120.69995,24.10469],[120.69835,24.10423],[120.69422,24.10421],[120.69567,24.10814],[120.69596,24.10873],[120.69659,24.10934],[120.69729,24.10973],[120.6978,24.11025],[120.69803,24.11036],[120.69843,24.1104],[120.69901,24.11063],[120.69982,24.11115],[120.70007,24.11126]]]}},{"type":"Feature","properties":{"c":"66000280011","t":"大里區","v":"新仁里"},"geometry":{"type":"Polygon","coordinates":[[[120.7117,24.11054],[120.71252,24.11049],[120.71299,24.1106],[120.71313,24.11069],[120.71329,24.11068],[120.71352,24.11038],[120.71395,24.11],[120.71395,24.10989],[120.71366,24.10958],[120.71314,24.10924],[120.71089,24.10746],[120.71045,24.10691],[120.70945,24.10605],[120.70935,24.10586],[120.70923,24.10527],[120.7086,24.10568],[120.70836,24.10576],[120.70797,24.10559],[120.70767,24.10525],[120.70744,24.10484],[120.70717,24.104],[120.70704,24.10379],[120.70605,24.10457],[120.70438,24.10605],[120.70423,24.10658],[120.70356,24.10791],[120.70312,24.10846],[120.70302,24.10895],[120.70184,24.11086],[120.70172,24.11125],[120.70218,24.11116],[120.70355,24.11136],[120.70383,24.11133],[120.70478,24.11162],[120.70616,24.11191],[120.70719,24.11196],[120.70746,24.11191],[120.70852,24.11147],[120.71051,24.11096],[120.71098,24.1106],[120.71163,24.11055],[120.7117,24.11054]]]}},{"type":"Feature","properties":{"c":"66000280012","t":"大里區","v":"大元里"},"geometry":{"type":"Polygon","coordinates":[[[120.68755,24.09947],[120.68789,24.09966],[120.68826,24.10019],[120.68896,24.10005],[120.68917,24.10011],[120.68936,24.10032],[120.69286,24.09824],[120.69182,24.09731],[120.69161,24.09631],[120.6909,24.09588],[120.68935,24.0941],[120.68899,24.09356],[120.68767,24.09119],[120.68679,24.09031],[120.6857,24.08948],[120.68604,24.0891],[120.68389,24.08749],[120.6829,24.08684],[120.68159,24.08613],[120.68032,24.0858],[120.67877,24.08571],[120.67809,24.08984],[120.67773,24.09261],[120.67754,24.0947],[120.68166,24.0982],[120.68243,24.09874],[120.68733,24.09939],[120.68755,24.09947]]]}},{"type":"Feature","properties":{"c":"66000280013","t":"大里區","v":"夏田里"},"geometry":{"type":"Polygon","coordinates":[[[120.6776,24.09387],[120.67809,24.08984],[120.67877,24.08571],[120.67833,24.08564],[120.67774,24.0854],[120.67629,24.08433],[120.67541,24.0838],[120.67521,24.08352],[120.67409,24.08247],[120.67363,24.08212],[120.6733,24.08171],[120.67233,24.08081],[120.67187,24.08113],[120.6692,24.08093],[120.66681,24.08092],[120.66646,24.08098],[120.66559,24.08128],[120.66502,24.08157],[120.66415,24.08214],[120.66367,24.0823],[120.66335,24.08228],[120.66218,24.08175],[120.66182,24.0815],[120.66148,24.08143],[120.66093,24.08148],[120.6605,24.08163],[120.65899,24.08248],[120.65812,24.08313],[120.65731,24.08392],[120.65589,24.08494],[120.65582,24.08507],[120.65584,24.08587],[120.65594,24.08605],[120.65637,24.08628],[120.65723,24.08618],[120.65747,24.0864],[120.65763,24.08672],[120.65792,24.08703],[120.65685,24.08748],[120.65515,24.08802],[120.65452,24.08816],[120.65327,24.08819],[120.65305,24.08829],[120.65254,24.08904],[120.65353,24.09004],[120.65378,24.09055],[120.65384,24.09066],[120.65356,24.09182],[120.65426,24.09259],[120.65533,24.09273],[120.65653,24.09319],[120.65686,24.09301],[120.65726,24.09289],[120.65833,24.09311],[120.65859,24.09299],[120.65909,24.09294],[120.65925,24.09297],[120.65945,24.09312],[120.65991,24.09301],[120.66012,24.09303],[120.66051,24.09323],[120.66076,24.09325],[120.6624,24.09302],[120.66404,24.09242],[120.66495,24.09251],[120.66592,24.0921],[120.66716,24.09135],[120.66731,24.09121],[120.66795,24.09026],[120.66821,24.08949],[120.66841,24.08922],[120.66881,24.08894],[120.66921,24.08903],[120.6717,24.08978],[120.67358,24.09118],[120.67679,24.09397],[120.67754,24.0947],[120.6776,24.09387]]]}},{"type":"Feature","properties":{"c":"66000280014","t":"大里區","v":"仁化里"},"geometry":{"type":"Polygon","coordinates":[[[120.70923,24.10527],[120.70925,24.10501],[120.7097,24.10458],[120.71177,24.10353],[120.7122,24.10344],[120.71273,24.10362],[120.71305,24.10364],[120.7132,24.10359],[120.7136,24.10312],[120.71455,24.10295],[120.71681,24.10152],[120.71844,24.10096],[120.72051,24.09994],[120.71998,24.0988],[120.71894,24.09708],[120.71851,24.09668],[120.71564,24.09444],[120.71328,24.09419],[120.71213,24.09398],[120.70944,24.09449],[120.70812,24.09492],[120.70705,24.09536],[120.70376,24.09606],[120.70301,24.09628],[120.70137,24.09622],[120.69652,24.09693],[120.69604,24.09672],[120.69129,24.09188],[120.68899,24.09356],[120.68944,24.09421],[120.6909,24.09588],[120.69161,24.09631],[120.69182,24.09731],[120.69376,24.09901],[120.69394,24.09877],[120.69417,24.0987],[120.69442,24.09873],[120.69573,24.09959],[120.69665,24.09977],[120.69771,24.1004],[120.69832,24.10062],[120.69859,24.10066],[120.69963,24.1004],[120.70004,24.10046],[120.70147,24.10133],[120.70215,24.10217],[120.70275,24.10261],[120.70308,24.10275],[120.70343,24.10281],[120.70477,24.10256],[120.70591,24.10283],[120.70639,24.10303],[120.70694,24.10363],[120.70717,24.104],[120.70744,24.10484],[120.70767,24.10525],[120.70797,24.10559],[120.70836,24.10576],[120.7086,24.10568],[120.7092,24.10528],[120.70923,24.10527]]]}},{"type":"Feature","properties":{"c":"66000280015","t":"大里區","v":"健民里"},"geometry":{"type":"Polygon","coordinates":[[[120.7291,24.09459],[120.73015,24.09415],[120.73034,24.09415],[120.73084,24.09452],[120.73176,24.0949],[120.73192,24.09491],[120.73212,24.09476],[120.73233,24.09487],[120.73269,24.09523],[120.73299,24.09537],[120.73327,24.09533],[120.73369,24.09512],[120.73403,24.09504],[120.73486,24.09528],[120.7351,24.09517],[120.7352,24.09489],[120.73538,24.0947],[120.73617,24.09453],[120.73667,24.09469],[120.73777,24.0956],[120.73813,24.09581],[120.73847,24.0959],[120.73874,24.09577],[120.73968,24.09489],[120.73983,24.09479],[120.74028,24.09467],[120.74041,24.09453],[120.74067,24.09414],[120.74087,24.09354],[120.74083,24.09333],[120.74134,24.09262],[120.74145,24.0917],[120.74121,24.09136],[120.74114,24.09095],[120.74126,24.09049],[120.74131,24.08992],[120.74117,24.08862],[120.74123,24.08711],[120.7413,24.08665],[120.74124,24.08647],[120.74099,24.08625],[120.74078,24.08616],[120.73983,24.08603],[120.73944,24.08585],[120.73858,24.08481],[120.73775,24.08393],[120.73726,24.08323],[120.73703,24.08326],[120.73686,24.08336],[120.73671,24.08348],[120.73664,24.08369],[120.73679,24.08415],[120.73699,24.08449],[120.737,24.08485],[120.73599,24.08578],[120.73582,24.08586],[120.73518,24.08504],[120.73382,24.0836],[120.73348,24.08292],[120.73334,24.08247],[120.73314,24.08219],[120.73292,24.08171],[120.7327,24.08153],[120.73218,24.08139],[120.73173,24.08138],[120.73138,24.08147],[120.73077,24.08176],[120.73008,24.0816],[120.72968,24.0818],[120.72933,24.0817],[120.72888,24.0817],[120.72875,24.08165],[120.72871,24.08067],[120.72854,24.08037],[120.72832,24.08087],[120.72806,24.08114],[120.72797,24.08216],[120.7278,24.08268],[120.72758,24.08296],[120.72742,24.08305],[120.72718,24.083],[120.72672,24.0825],[120.72615,24.08202],[120.72549,24.08177],[120.72509,24.08178],[120.72504,24.08193],[120.72498,24.0837],[120.72489,24.08374],[120.72474,24.08366],[120.7245,24.0842],[120.72411,24.08473],[120.72406,24.08682],[120.72195,24.08769],[120.71856,24.08999],[120.71736,24.09069],[120.71706,24.09094],[120.71662,24.09138],[120.71632,24.09186],[120.71555,24.09397],[120.7153,24.0944],[120.71564,24.09444],[120.71876,24.09688],[120.71959,24.0981],[120.72051,24.09994],[120.72207,24.09895],[120.72333,24.09827],[120.7245,24.09785],[120.72612,24.09639],[120.72789,24.09508],[120.72833,24.09491],[120.72844,24.09469],[120.72891,24.09467],[120.7291,24.09459]]]}},{"type":"Feature","properties":{"c":"66000280016","t":"大里區","v":"塗城里"},"geometry":{"type":"Polygon","coordinates":[[[120.72854,24.08037],[120.72783,24.07964],[120.72765,24.07924],[120.72692,24.07848],[120.72582,24.07879],[120.72494,24.07879],[120.72349,24.07914],[120.72296,24.07945],[120.72221,24.08002],[120.72163,24.08033],[120.72098,24.08053],[120.72044,24.08059],[120.71905,24.08025],[120.71647,24.08092],[120.71554,24.08109],[120.71489,24.08116],[120.71189,24.08097],[120.71133,24.08104],[120.70911,24.08172],[120.7086,24.08476],[120.70854,24.08573],[120.70874,24.08651],[120.70989,24.08956],[120.71025,24.09003],[120.71362,24.09295],[120.71465,24.09361],[120.71522,24.09406],[120.7153,24.0944],[120.71555,24.09397],[120.71632,24.09186],[120.71662,24.09138],[120.71706,24.09094],[120.71736,24.09069],[120.71856,24.08999],[120.72195,24.08769],[120.72406,24.08682],[120.72411,24.08473],[120.7245,24.0842],[120.72474,24.08366],[120.72489,24.08374],[120.72498,24.0837],[120.72504,24.08193],[120.72509,24.08178],[120.72549,24.08177],[120.72615,24.08202],[120.72672,24.0825],[120.72718,24.083],[120.72742,24.08305],[120.72758,24.08296],[120.7278,24.08268],[120.72797,24.08216],[120.72806,24.08114],[120.72832,24.08087],[120.72854,24.08037],[120.72854,24.08037]]]}},{"type":"Feature","properties":{"c":"66000280017","t":"大里區","v":"瑞城里"},"geometry":{"type":"Polygon","coordinates":[[[120.70833,24.08182],[120.70813,24.0819],[120.70744,24.08183],[120.70653,24.08164],[120.70563,24.08135],[120.70456,24.08121],[120.70408,24.08105],[120.70129,24.07976],[120.70054,24.07955],[120.69941,24.07884],[120.69898,24.07851],[120.69709,24.08434],[120.70021,24.08563],[120.70175,24.08659],[120.7025,24.08727],[120.70274,24.08822],[120.70202,24.08867],[120.70039,24.0889],[120.7006,24.08966],[120.7005,24.09042],[120.70057,24.09208],[120.70148,24.09191],[120.70159,24.09229],[120.70227,24.09214],[120.70234,24.09232],[120.70777,24.09126],[120.70975,24.08921],[120.70874,24.08651],[120.70852,24.08553],[120.70865,24.08442],[120.70912,24.08171],[120.70845,24.08182],[120.70833,24.08182]]]}},{"type":"Feature","properties":{"c":"66000280018","t":"大里區","v":"金城里"},"geometry":{"type":"Polygon","coordinates":[[[120.69261,24.09086],[120.69439,24.09236],[120.6948,24.09262],[120.69546,24.09288],[120.69636,24.09302],[120.6978,24.09287],[120.69789,24.09323],[120.7001,24.09275],[120.70006,24.0923],[120.70057,24.09208],[120.7005,24.09042],[120.7006,24.08966],[120.70039,24.0889],[120.70132,24.08873],[120.70187,24.0887],[120.70223,24.08856],[120.70274,24.08822],[120.70259,24.0875],[120.7025,24.08727],[120.70203,24.08682],[120.70058,24.08582],[120.69709,24.08434],[120.69573,24.08823],[120.69524,24.08875],[120.69341,24.09025],[120.69261,24.09086]]]}},{"type":"Feature","properties":{"c":"66000280019","t":"大里區","v":"東湖里"},"geometry":{"type":"Polygon","coordinates":[[[120.69162,24.07774],[120.69157,24.07813],[120.69159,24.08022],[120.69148,24.08054],[120.68651,24.08849],[120.6857,24.08948],[120.68679,24.09031],[120.68767,24.09119],[120.68899,24.09356],[120.69371,24.09002],[120.69524,24.08875],[120.69573,24.08823],[120.69709,24.08434],[120.69898,24.07851],[120.69796,24.07779],[120.69567,24.07724],[120.69523,24.07683],[120.6947,24.07618],[120.69448,24.07579],[120.69303,24.07384],[120.69271,24.07429],[120.69252,24.07471],[120.69166,24.07757],[120.69162,24.07774]]]}},{"type":"Feature","properties":{"c":"66000280020","t":"大里區","v":"西湖里"},"geometry":{"type":"Polygon","coordinates":[[[120.68613,24.08898],[120.68651,24.08849],[120.68757,24.08684],[120.69155,24.0804],[120.69161,24.07911],[120.69157,24.07813],[120.69166,24.07757],[120.69252,24.07471],[120.69271,24.07429],[120.69303,24.07384],[120.69282,24.07357],[120.69214,24.07295],[120.69127,24.07234],[120.69021,24.0718],[120.68904,24.07132],[120.68707,24.07071],[120.68519,24.0703],[120.68411,24.07024],[120.68328,24.07032],[120.6824,24.07056],[120.68181,24.07082],[120.68105,24.07131],[120.68039,24.07184],[120.67983,24.0724],[120.67895,24.07359],[120.67812,24.07514],[120.67675,24.07732],[120.67654,24.07779],[120.67561,24.07844],[120.67424,24.07884],[120.67393,24.0791],[120.67284,24.08032],[120.67233,24.08081],[120.6733,24.08171],[120.67363,24.08212],[120.67409,24.08247],[120.67521,24.08352],[120.67541,24.0838],[120.67629,24.08433],[120.67774,24.0854],[120.67853,24.08568],[120.68032,24.0858],[120.68159,24.08613],[120.6829,24.08684],[120.68389,24.08749],[120.68604,24.0891],[120.68613,24.08898]]]}},{"type":"Feature","properties":{"c":"66000280021","t":"大里區","v":"國光里"},"geometry":{"type":"Polygon","coordinates":[[[120.68386,24.11025],[120.68391,24.10889],[120.68407,24.10817],[120.68434,24.10757],[120.68498,24.10705],[120.68384,24.10581],[120.68502,24.10547],[120.68393,24.10381],[120.68828,24.10191],[120.68755,24.09947],[120.68733,24.09939],[120.68291,24.09877],[120.67983,24.1093],[120.68191,24.10979],[120.68386,24.11025]]]}},{"type":"Feature","properties":{"c":"66000280022","t":"大里區","v":"大明里"},"geometry":{"type":"Polygon","coordinates":[[[120.67936,24.1174],[120.68478,24.11752],[120.68573,24.11767],[120.68631,24.11789],[120.6872,24.11838],[120.68888,24.11971],[120.68924,24.11913],[120.68936,24.11876],[120.68966,24.11537],[120.67928,24.11503],[120.67945,24.11665],[120.67936,24.11741],[120.67936,24.1174]]]}},{"type":"Feature","properties":{"c":"66000280023","t":"大里區","v":"永隆里"},"geometry":{"type":"Polygon","coordinates":[[[120.6771,24.11777],[120.67839,24.11734],[120.67935,24.1174],[120.67945,24.11665],[120.67903,24.11221],[120.67913,24.11169],[120.6804,24.10735],[120.67513,24.10583],[120.67466,24.1058],[120.67389,24.10592],[120.67368,24.10602],[120.67284,24.10704],[120.67175,24.10819],[120.67115,24.10892],[120.6712,24.10915],[120.6715,24.10938],[120.67161,24.10954],[120.67168,24.10999],[120.67161,24.11124],[120.67178,24.11139],[120.67191,24.11163],[120.67193,24.1118],[120.67186,24.11231],[120.67174,24.11265],[120.67108,24.11375],[120.67106,24.11481],[120.67177,24.11485],[120.67177,24.11553],[120.67238,24.11596],[120.67274,24.11603],[120.67338,24.11637],[120.6745,24.11718],[120.67528,24.11753],[120.6759,24.11772],[120.67698,24.11778],[120.6771,24.11777]]]}},{"type":"Feature","properties":{"c":"66000280024","t":"大里區","v":"長榮里"},"geometry":{"type":"Polygon","coordinates":[[[120.68998,24.11002],[120.68999,24.10813],[120.68993,24.10753],[120.68828,24.10191],[120.68393,24.10381],[120.68502,24.10547],[120.68384,24.10581],[120.68498,24.10705],[120.68444,24.10746],[120.68418,24.10787],[120.68394,24.1087],[120.68385,24.11],[120.68386,24.11025],[120.68607,24.11038],[120.68851,24.11017],[120.68998,24.11002]]]}},{"type":"Feature","properties":{"c":"66000280025","t":"大里區","v":"中新里"},"geometry":{"type":"Polygon","coordinates":[[[120.6947,24.10552],[120.69393,24.10342],[120.6937,24.10258],[120.69372,24.10187],[120.69421,24.10027],[120.69376,24.09928],[120.69376,24.09901],[120.69286,24.09824],[120.68936,24.10032],[120.68917,24.10011],[120.68896,24.10005],[120.68826,24.10019],[120.68789,24.09966],[120.68755,24.09947],[120.68954,24.10625],[120.6947,24.10552]]]}},{"type":"Feature","properties":{"c":"66000280026","t":"大里區","v":"立德里"},"geometry":{"type":"Polygon","coordinates":[[[120.69422,24.10421],[120.69835,24.10423],[120.69995,24.10469],[120.7,24.10479],[120.69977,24.10578],[120.70029,24.10592],[120.70365,24.10771],[120.70423,24.10658],[120.70434,24.10613],[120.70445,24.10597],[120.70704,24.10379],[120.7067,24.10331],[120.70639,24.10303],[120.70529,24.10264],[120.70477,24.10256],[120.70343,24.10281],[120.70275,24.10261],[120.70215,24.10217],[120.70147,24.10133],[120.70004,24.10046],[120.69963,24.1004],[120.69859,24.10066],[120.69812,24.10057],[120.69771,24.1004],[120.69665,24.09977],[120.69573,24.09959],[120.69458,24.09881],[120.69417,24.0987],[120.69388,24.09882],[120.69373,24.09913],[120.69381,24.09943],[120.69421,24.10027],[120.69369,24.10205],[120.6937,24.10258],[120.69393,24.10342],[120.69422,24.10421]]]}},{"type":"Feature","properties":{"c":"66000280027","t":"大里區","v":"仁德里"},"geometry":{"type":"Polygon","coordinates":[[[120.7153,24.0944],[120.71522,24.09406],[120.71465,24.09361],[120.71362,24.09295],[120.71025,24.09003],[120.70999,24.08973],[120.70975,24.08921],[120.70777,24.09126],[120.70234,24.09232],[120.70227,24.09214],[120.70159,24.09229],[120.70148,24.09191],[120.70057,24.09208],[120.70006,24.0923],[120.7001,24.09275],[120.69789,24.09323],[120.6978,24.09287],[120.69636,24.09302],[120.69546,24.09288],[120.6948,24.09262],[120.69439,24.09236],[120.69261,24.09086],[120.69129,24.09188],[120.69604,24.09672],[120.69652,24.09693],[120.70137,24.09622],[120.70301,24.09628],[120.70398,24.09601],[120.70684,24.09541],[120.70812,24.09492],[120.70944,24.09449],[120.71182,24.094],[120.71213,24.09398],[120.71379,24.09425],[120.7153,24.0944]]]}},{"type":"Feature","properties":{"c":"66000290001","t":"和平區","v":"南勢里"},"geometry":{"type":"Polygon","coordinates":[[[120.90387,24.2106],[120.91483,24.21445],[120.91996,24.2165],[120.92289,24.21744],[120.92516,24.21788],[120.92879,24.2183],[120.92763,24.21724],[120.92564,24.21473],[120.92188,24.20842],[120.92007,24.20267],[120.91668,24.19544],[120.91348,24.18989],[120.91145,24.18761],[120.91111,24.1868],[120.91149,24.18391],[120.91085,24.18141],[120.90709,24.17565],[120.9051,24.17305],[120.90194,24.16953],[120.89968,24.16725],[120.89844,24.16663],[120.89476,24.16545],[120.89422,24.16498],[120.89425,24.16527],[120.8945,24.16612],[120.89444,24.16621],[120.89396,24.16635],[120.89095,24.16656],[120.88901,24.16684],[120.88412,24.16701],[120.88315,24.16699],[120.88105,24.16682],[120.8804,24.16659],[120.87973,24.16623],[120.8784,24.16586],[120.87172,24.1649],[120.86974,24.16447],[120.86855,24.1643],[120.8683,24.16596],[120.86811,24.16626],[120.86806,24.16646],[120.86854,24.16727],[120.86853,24.16743],[120.8683,24.16781],[120.86818,24.16817],[120.86845,24.16876],[120.86816,24.16926],[120.86787,24.17003],[120.8679,24.17062],[120.86784,24.17102],[120.86741,24.17165],[120.86735,24.17204],[120.86644,24.17293],[120.86572,24.17404],[120.86574,24.1745],[120.86539,24.17525],[120.86534,24.1755],[120.86538,24.17566],[120.86584,24.17631],[120.86625,24.17674],[120.8669,24.17724],[120.86704,24.17744],[120.8671,24.17771],[120.86708,24.17897],[120.86712,24.17923],[120.86738,24.17967],[120.86842,24.1804],[120.86915,24.18074],[120.87034,24.18044],[120.87075,24.18043],[120.87107,24.18095],[120.87226,24.18228],[120.87255,24.18251],[120.8734,24.18296],[120.8745,24.18405],[120.87472,24.18432],[120.87489,24.18475],[120.87509,24.18479],[120.87536,24.18471],[120.87543,24.18476],[120.87585,24.18585],[120.87653,24.18726],[120.87719,24.18784],[120.87763,24.18853],[120.87775,24.18947],[120.87829,24.19025],[120.87856,24.19085],[120.87868,24.1913],[120.87919,24.19164],[120.87974,24.1925],[120.87978,24.19282],[120.87967,24.19321],[120.87962,24.19372],[120.87967,24.1939],[120.88015,24.19453],[120.88023,24.19496],[120.88083,24.19623],[120.88142,24.19679],[120.88162,24.19718],[120.8817,24.19845],[120.88166,24.19869],[120.88141,24.19911],[120.88108,24.1999],[120.88105,24.20064],[120.88076,24.20128],[120.8807,24.20159],[120.88074,24.20176],[120.88172,24.20241],[120.88205,24.20282],[120.88233,24.20302],[120.88277,24.20271],[120.88294,24.20278],[120.88316,24.20276],[120.88378,24.20291],[120.88439,24.20295],[120.88524,24.2031],[120.8855,24.20347],[120.8859,24.20374],[120.88623,24.20434],[120.88644,24.20442],[120.88726,24.20442],[120.88919,24.20407],[120.8897,24.20386],[120.89039,24.2038],[120.89177,24.20329],[120.89206,24.20325],[120.89219,24.20335],[120.89233,24.20361],[120.89233,24.20445],[120.89243,24.20467],[120.89263,24.20484],[120.89369,24.20516],[120.8943,24.20546],[120.89445,24.20571],[120.89456,24.2062],[120.89484,24.20653],[120.8951,24.20661],[120.89529,24.20659],[120.89678,24.20609],[120.89707,24.20591],[120.89727,24.20595],[120.89739,24.20641],[120.89796,24.20697],[120.8979,24.20742],[120.89772,24.20764],[120.90023,24.2094],[120.90387,24.2106]]]}},{"type":"Feature","properties":{"c":"66000290002","t":"和平區","v":"天輪里"},"geometry":{"type":"Polygon","coordinates":[[[120.96593,24.232],[120.96576,24.23186],[120.96509,24.23056],[120.96446,24.22577],[120.96284,24.2226],[120.95912,24.21791],[120.95746,24.21402],[120.95544,24.20776],[120.95408,24.20435],[120.95431,24.2038],[120.95145,24.19875],[120.95133,24.19794],[120.95226,24.1968],[120.95343,24.19655],[120.95502,24.1964],[120.95681,24.19574],[120.95727,24.19531],[120.95506,24.19257],[120.95243,24.19021],[120.94892,24.18416],[120.94774,24.18099],[120.94712,24.17824],[120.94552,24.17558],[120.94346,24.17368],[120.94101,24.17258],[120.93995,24.17125],[120.93951,24.16893],[120.94017,24.16671],[120.94238,24.16398],[120.94523,24.15989],[120.9477,24.15507],[120.9505,24.14611],[120.95041,24.14378],[120.95049,24.14217],[120.94936,24.13878],[120.94952,24.13411],[120.9505,24.13006],[120.95093,24.12763],[120.95011,24.12786],[120.94973,24.12782],[120.94945,24.12754],[120.94914,24.12685],[120.94864,24.12543],[120.94838,24.12494],[120.94787,24.12457],[120.9463,24.12388],[120.94451,24.12285],[120.94395,24.12244],[120.94324,24.12182],[120.94261,24.12111],[120.94204,24.12059],[120.94122,24.12007],[120.94065,24.11952],[120.93996,24.11881],[120.93957,24.11828],[120.93893,24.11784],[120.93747,24.11719],[120.93612,24.11597],[120.93555,24.11568],[120.93496,24.11526],[120.934,24.11425],[120.93305,24.11344],[120.93255,24.11258],[120.93186,24.11221],[120.93119,24.11212],[120.9292,24.11209],[120.92802,24.11195],[120.92715,24.11172],[120.92607,24.11099],[120.92527,24.11053],[120.92308,24.10991],[120.92266,24.10974],[120.92213,24.10943],[120.92123,24.10875],[120.91988,24.10744],[120.91931,24.10735],[120.91675,24.10775],[120.91568,24.10758],[120.91491,24.10753],[120.91455,24.10757],[120.9142,24.10787],[120.91379,24.10865],[120.91355,24.10893],[120.91324,24.10898],[120.91226,24.10893],[120.91121,24.10878],[120.91036,24.10893],[120.90956,24.10923],[120.90912,24.10962],[120.90873,24.10981],[120.90814,24.10996],[120.9072,24.1106],[120.90704,24.11087],[120.90693,24.11202],[120.90686,24.11234],[120.90671,24.11265],[120.90633,24.11293],[120.9059,24.11348],[120.90536,24.11387],[120.90503,24.11443],[120.90284,24.11469],[120.90087,24.11521],[120.89991,24.11556],[120.8987,24.11556],[120.8982,24.11572],[120.89695,24.11627],[120.89616,24.11645],[120.89681,24.1172],[120.89792,24.118],[120.89806,24.11827],[120.89798,24.11843],[120.89784,24.11849],[120.89741,24.11823],[120.8971,24.11817],[120.89675,24.11822],[120.89608,24.11851],[120.89553,24.11866],[120.89527,24.11881],[120.89565,24.12],[120.89518,24.12057],[120.89517,24.12146],[120.89505,24.12203],[120.89505,24.12256],[120.89461,24.12359],[120.89433,24.12475],[120.89397,24.12552],[120.89391,24.12584],[120.89441,24.12647],[120.89459,24.12695],[120.89447,24.12816],[120.89468,24.12938],[120.89454,24.12981],[120.89399,24.1306],[120.89381,24.13108],[120.89402,24.13171],[120.89446,24.13217],[120.89476,24.134],[120.89491,24.13448],[120.89518,24.13484],[120.8952,24.13559],[120.8954,24.1362],[120.89598,24.13679],[120.89605,24.13758],[120.89626,24.13863],[120.89622,24.13885],[120.89611,24.13909],[120.89575,24.1394],[120.89515,24.13982],[120.89451,24.14007],[120.89409,24.1405],[120.89388,24.14056],[120.89363,24.14057],[120.89298,24.14031],[120.89269,24.14032],[120.89124,24.14045],[120.89076,24.14068],[120.8899,24.1408],[120.88951,24.14073],[120.88856,24.13988],[120.88743,24.13923],[120.88658,24.13906],[120.88581,24.13918],[120.88534,24.13904],[120.88474,24.13898],[120.88469,24.13932],[120.88479,24.14007],[120.88471,24.14084],[120.88476,24.14134],[120.88419,24.14279],[120.88421,24.1432],[120.8844,24.14384],[120.88424,24.14482],[120.88431,24.14582],[120.88404,24.14619],[120.88367,24.14703],[120.88314,24.1474],[120.88295,24.14863],[120.88301,24.14906],[120.88364,24.14953],[120.88372,24.1497],[120.88369,24.14998],[120.88339,24.15076],[120.88334,24.15116],[120.88345,24.15149],[120.88386,24.15213],[120.88385,24.15246],[120.88367,24.15319],[120.8837,24.1536],[120.8841,24.15424],[120.88424,24.15458],[120.88403,24.15567],[120.88375,24.15643],[120.88372,24.15685],[120.88358,24.15701],[120.88327,24.15716],[120.88327,24.15721],[120.88491,24.15768],[120.88548,24.15774],[120.88593,24.15769],[120.88655,24.15749],[120.88847,24.15752],[120.88938,24.15722],[120.89127,24.15642],[120.89233,24.15581],[120.89392,24.15557],[120.89495,24.15522],[120.89502,24.15527],[120.8949,24.15607],[120.89511,24.15708],[120.89503,24.15763],[120.89482,24.15838],[120.8949,24.15895],[120.89461,24.1599],[120.89444,24.1602],[120.89417,24.16049],[120.89407,24.16072],[120.89421,24.1614],[120.89415,24.16297],[120.89422,24.16498],[120.89476,24.16545],[120.89844,24.16663],[120.89968,24.16725],[120.90194,24.16953],[120.9051,24.17305],[120.90709,24.17565],[120.91085,24.18141],[120.91149,24.18391],[120.91111,24.1868],[120.91145,24.18761],[120.91348,24.18989],[120.91668,24.19544],[120.92007,24.20267],[120.92188,24.20842],[120.92564,24.21473],[120.92763,24.21724],[120.93431,24.22337],[120.9388,24.22796],[120.94037,24.22892],[120.9411,24.22433],[120.94288,24.22184],[120.94466,24.22088],[120.94769,24.22069],[120.95149,24.22255],[120.95818,24.22858],[120.96277,24.23155],[120.96423,24.23222],[120.96593,24.232]]]}},{"type":"Feature","properties":{"c":"66000290003","t":"和平區","v":"博愛里"},"geometry":{"type":"Polygon","coordinates":[[[121.06195,24.29761],[121.06279,24.29566],[121.06318,24.29106],[121.06379,24.28823],[121.06473,24.28558],[121.0682,24.28159],[121.07,24.27712],[121.07218,24.27518],[121.07352,24.27352],[121.07409,24.2679],[121.07522,24.26404],[121.07745,24.25903],[121.08106,24.25313],[121.08499,24.24563],[121.08675,24.24298],[121.08904,24.2369],[121.08918,24.23335],[121.08908,24.22024],[121.08976,24.21548],[121.09459,24.20474],[121.09783,24.20099],[121.0986,24.19999],[121.10114,24.1946],[121.10013,24.19402],[121.09873,24.19349],[121.09738,24.19256],[121.09672,24.19231],[121.09633,24.19207],[121.09553,24.19128],[121.09502,24.19068],[121.09441,24.19015],[121.09418,24.18968],[121.09419,24.18851],[121.09416,24.18828],[121.09399,24.18789],[121.09254,24.18626],[121.09107,24.18482],[121.09107,24.18435],[121.0915,24.18379],[121.09152,24.18361],[121.09135,24.18273],[121.09076,24.18203],[121.08928,24.18098],[121.08888,24.18058],[121.08833,24.17991],[121.08811,24.17953],[121.08792,24.17902],[121.08712,24.17798],[121.08535,24.17641],[121.08488,24.17592],[121.08451,24.17575],[121.08375,24.17563],[121.08157,24.17559],[121.08123,24.17555],[121.08096,24.17542],[121.08086,24.17521],[121.08095,24.17482],[121.08081,24.17462],[121.07973,24.17386],[121.0791,24.17305],[121.0785,24.17261],[121.07792,24.17224],[121.07663,24.17171],[121.07525,24.17019],[121.07502,24.17004],[121.07466,24.16997],[121.07329,24.17004],[121.07278,24.16998],[121.07242,24.16987],[121.07144,24.16931],[121.07084,24.1688],[121.07033,24.16854],[121.07016,24.16839],[121.06986,24.16755],[121.0697,24.16736],[121.06928,24.16714],[121.06864,24.16699],[121.06837,24.16685],[121.0679,24.16644],[121.06762,24.16598],[121.0674,24.16578],[121.06634,24.16552],[121.06625,24.16525],[121.06622,24.16488],[121.06594,24.16439],[121.06554,24.16388],[121.0651,24.16362],[121.06473,24.1631],[121.0646,24.16302],[121.0643,24.1629],[121.06381,24.163],[121.06346,24.16321],[121.06311,24.16326],[121.06202,24.16321],[121.06135,24.16325],[121.06111,24.16319],[121.06078,24.163],[121.05971,24.16288],[121.0594,24.16278],[121.05929,24.16268],[121.05926,24.16197],[121.05883,24.16032],[121.05859,24.16004],[121.05829,24.15985],[121.05795,24.15923],[121.05747,24.15878],[121.05657,24.15826],[121.05531,24.1569],[121.05266,24.1548],[121.05225,24.15475],[121.05198,24.1551],[121.0511,24.15691],[121.05066,24.1582],[121.05055,24.15835],[121.05032,24.15849],[121.04928,24.15876],[121.04834,24.15954],[121.04759,24.16002],[121.04722,24.16008],[121.04647,24.16005],[121.04479,24.15971],[121.04414,24.15966],[121.04388,24.15942],[121.04345,24.15884],[121.04323,24.15869],[121.04291,24.15861],[121.04077,24.15859],[121.03925,24.15842],[121.03805,24.15818],[121.03785,24.158],[121.03738,24.15703],[121.0369,24.15572],[121.03627,24.15444],[121.03612,24.15386],[121.03577,24.15307],[121.03576,24.15268],[121.03589,24.1523],[121.0359,24.15175],[121.03582,24.1512],[121.0357,24.15091],[121.03482,24.14994],[121.0337,24.14879],[121.03342,24.14858],[121.03164,24.14893],[121.03121,24.14912],[121.031,24.14934],[121.03089,24.14963],[121.03096,24.1507],[121.03114,24.15124],[121.03136,24.15257],[121.03134,24.1531],[121.03122,24.15353],[121.03085,24.15421],[121.03008,24.15506],[121.0299,24.15554],[121.02984,24.1571],[121.02977,24.15735],[121.02957,24.15767],[121.02822,24.15922],[121.02776,24.15956],[121.02767,24.15957],[121.02761,24.15946],[121.02767,24.1591],[121.02763,24.159],[121.02736,24.15874],[121.02559,24.15811],[121.0249,24.15797],[121.02392,24.15788],[121.02334,24.15796],[121.02081,24.15879],[121.01989,24.15887],[121.01954,24.15871],[121.01906,24.15837],[121.01846,24.15789],[121.01799,24.1574],[121.01742,24.15699],[121.01577,24.1562],[121.01551,24.15601],[121.01436,24.15439],[121.01336,24.15352],[121.01293,24.15336],[121.01242,24.15342],[121.01225,24.15333],[121.01219,24.1525],[121.01211,24.15215],[121.01184,24.1516],[121.01133,24.15097],[121.0106,24.15047],[121.01037,24.15012],[121.0102,24.14926],[121.01002,24.14881],[121.00972,24.1483],[121.00901,24.14737],[121.00817,24.14704],[121.00799,24.14662],[121.00773,24.14562],[121.00751,24.14525],[121.00711,24.1449],[121.00707,24.14479],[121.00709,24.14458],[121.00746,24.14418],[121.00755,24.14378],[121.00753,24.14361],[121.00703,24.14263],[121.00692,24.1413],[121.00681,24.14094],[121.00635,24.14033],[121.00595,24.14],[121.0059,24.13935],[121.00572,24.13893],[121.00486,24.13812],[121.00462,24.13769],[121.00416,24.1356],[121.00349,24.13388],[121.00325,24.13353],[121.00273,24.13313],[121.0024,24.13295],[121.001,24.13261],[121.00058,24.13245],[121.00036,24.13228],[121.00021,24.13197],[121.00005,24.13117],[121.00015,24.12972],[120.99976,24.12815],[120.99955,24.12776],[120.99862,24.12691],[120.99826,24.12671],[120.9979,24.12665],[120.9968,24.12677],[120.99642,24.12671],[120.99545,24.12638],[120.99369,24.12563],[120.99253,24.12542],[120.99202,24.12525],[120.99172,24.12479],[120.9916,24.1242],[120.9922,24.12212],[120.99202,24.12105],[120.99189,24.12086],[120.99108,24.12018],[120.99021,24.11968],[120.98923,24.11883],[120.98886,24.11876],[120.9886,24.11886],[120.9877,24.11948],[120.9871,24.11966],[120.98582,24.12018],[120.98543,24.12022],[120.98511,24.12014],[120.98475,24.11981],[120.98401,24.11929],[120.98371,24.11916],[120.98332,24.11909],[120.98255,24.11908],[120.98194,24.11892],[120.98123,24.11883],[120.98057,24.11859],[120.97928,24.11833],[120.97795,24.11754],[120.97677,24.11704],[120.97631,24.1169],[120.97569,24.11687],[120.97522,24.11695],[120.97483,24.11835],[120.97445,24.11892],[120.97419,24.11911],[120.97415,24.11922],[120.97358,24.1196],[120.97268,24.11953],[120.97231,24.1196],[120.97156,24.12008],[120.97116,24.12024],[120.97096,24.12028],[120.9703,24.12022],[120.96984,24.12034],[120.96837,24.12018],[120.96705,24.1203],[120.96641,24.12017],[120.9653,24.12017],[120.96433,24.1199],[120.96399,24.11988],[120.96282,24.12021],[120.96245,24.12021],[120.96214,24.1203],[120.96121,24.12015],[120.9606,24.12045],[120.96007,24.12089],[120.9592,24.12182],[120.958,24.12333],[120.95708,24.12416],[120.95634,24.12468],[120.95539,24.12523],[120.95426,24.12549],[120.95265,24.12685],[120.95191,24.12725],[120.95093,24.12763],[120.9505,24.13006],[120.94952,24.13411],[120.94936,24.13878],[120.95049,24.14217],[120.95041,24.14378],[120.9505,24.14611],[120.9477,24.15507],[120.94523,24.15989],[120.94238,24.16398],[120.94017,24.16671],[120.93951,24.16893],[120.93995,24.17125],[120.94101,24.17258],[120.94346,24.17368],[120.94552,24.17558],[120.94712,24.17824],[120.94774,24.18099],[120.94892,24.18416],[120.95243,24.19021],[120.95506,24.19257],[120.95727,24.19531],[120.95681,24.19574],[120.95502,24.1964],[120.95343,24.19655],[120.95226,24.1968],[120.95133,24.19794],[120.95145,24.19875],[120.95431,24.2038],[120.95408,24.20435],[120.95544,24.20776],[120.95746,24.21402],[120.95912,24.21791],[120.96284,24.2226],[120.96446,24.22577],[120.96509,24.23056],[120.96576,24.23186],[120.96921,24.23477],[120.97619,24.24094],[120.97768,24.2441],[120.9801,24.24705],[120.98195,24.25153],[120.98701,24.26196],[120.98938,24.26574],[120.99222,24.26729],[120.99729,24.2694],[120.99933,24.27006],[121.00369,24.26998],[121.00608,24.26957],[121.00919,24.27046],[121.01444,24.27225],[121.02101,24.2738],[121.02252,24.27437],[121.02474,24.27543],[121.02697,24.27754],[121.0283,24.28031],[121.02883,24.28234],[121.02892,24.28495],[121.02972,24.28804],[121.03159,24.29146],[121.03275,24.293],[121.03837,24.29636],[121.04106,24.29612],[121.04223,24.29588],[121.04318,24.2958],[121.04519,24.29533],[121.04574,24.29549],[121.04621,24.29582],[121.04708,24.29614],[121.04901,24.29597],[121.04944,24.29612],[121.05061,24.29727],[121.05135,24.29782],[121.05224,24.29933],[121.05226,24.29952],[121.05211,24.30002],[121.05211,24.30187],[121.05233,24.30324],[121.05255,24.30388],[121.05256,24.30424],[121.0528,24.30479],[121.05368,24.3056],[121.0539,24.30598],[121.05406,24.30667],[121.0546,24.30716],[121.05492,24.30766],[121.05505,24.30823],[121.055,24.30877],[121.05516,24.30991],[121.05528,24.31031],[121.05564,24.3107],[121.05651,24.30581],[121.05749,24.30401],[121.0585,24.30297],[121.06195,24.29761]]]}},{"type":"Feature","properties":{"c":"66000290004","t":"和平區","v":"中坑里"},"geometry":{"type":"Polygon","coordinates":[[[120.88525,24.25851],[120.89399,24.25567],[120.89823,24.25612],[120.90353,24.25889],[120.91218,24.26293],[120.92418,24.25958],[120.92855,24.2595],[120.93316,24.25928],[120.93528,24.25883],[120.95387,24.25166],[120.95481,24.25163],[120.95707,24.25351],[120.95878,24.25441],[120.95946,24.25452],[120.96883,24.25338],[120.9715,24.25211],[120.97591,24.24748],[120.97754,24.24658],[120.97911,24.24585],[120.97768,24.2441],[120.97619,24.24094],[120.96921,24.23477],[120.96593,24.232],[120.96423,24.23222],[120.96277,24.23155],[120.95818,24.22858],[120.95149,24.22255],[120.94769,24.22069],[120.94466,24.22088],[120.94288,24.22184],[120.9411,24.22433],[120.94037,24.22892],[120.9388,24.22796],[120.93431,24.22337],[120.92879,24.2183],[120.92516,24.21788],[120.92289,24.21744],[120.91996,24.2165],[120.91483,24.21445],[120.90387,24.2106],[120.90023,24.2094],[120.89772,24.20764],[120.89763,24.20779],[120.89774,24.20814],[120.89729,24.20894],[120.89722,24.20936],[120.89722,24.20967],[120.89734,24.21003],[120.89743,24.2107],[120.89717,24.21098],[120.89693,24.2111],[120.89609,24.21126],[120.89567,24.21145],[120.89534,24.21183],[120.89531,24.21214],[120.89543,24.21244],[120.89566,24.21271],[120.8955,24.213],[120.89555,24.21318],[120.89656,24.21391],[120.89732,24.21505],[120.89741,24.21565],[120.8977,24.21656],[120.89777,24.21744],[120.89754,24.21776],[120.89757,24.21875],[120.89734,24.21914],[120.89738,24.21949],[120.89712,24.22041],[120.89714,24.22083],[120.89691,24.22139],[120.89716,24.22152],[120.89779,24.22145],[120.89817,24.22131],[120.89847,24.22109],[120.89855,24.22135],[120.89849,24.22159],[120.89808,24.22185],[120.89751,24.22247],[120.89728,24.22263],[120.89682,24.22285],[120.89589,24.22314],[120.89555,24.22347],[120.89512,24.22373],[120.8949,24.22378],[120.89462,24.22372],[120.89378,24.22376],[120.89304,24.22421],[120.89251,24.22428],[120.89202,24.22427],[120.89092,24.22398],[120.89012,24.22396],[120.88917,24.22428],[120.88787,24.22505],[120.88768,24.22521],[120.88722,24.2254],[120.88713,24.22551],[120.88712,24.22577],[120.88721,24.22792],[120.88764,24.22856],[120.88803,24.22965],[120.88803,24.22992],[120.88794,24.23004],[120.88732,24.23046],[120.88664,24.23083],[120.88574,24.23155],[120.8851,24.23189],[120.88427,24.23218],[120.88393,24.23262],[120.88317,24.234],[120.88223,24.23419],[120.88171,24.23483],[120.88105,24.23529],[120.88099,24.23542],[120.88097,24.23584],[120.8807,24.23621],[120.88055,24.23667],[120.88032,24.2379],[120.88021,24.23815],[120.87984,24.23833],[120.87948,24.23834],[120.87935,24.23849],[120.87942,24.2386],[120.88012,24.23901],[120.88007,24.23965],[120.88022,24.24025],[120.88024,24.24061],[120.88015,24.24117],[120.87942,24.2431],[120.8794,24.24352],[120.88077,24.24396],[120.8812,24.2442],[120.88127,24.24528],[120.88152,24.24652],[120.88161,24.24682],[120.88199,24.24752],[120.88196,24.24769],[120.88054,24.24834],[120.87991,24.24885],[120.87967,24.24895],[120.87909,24.249],[120.8788,24.24911],[120.87923,24.24985],[120.87936,24.25034],[120.87928,24.25133],[120.87908,24.25213],[120.87926,24.25232],[120.87962,24.2525],[120.88,24.2528],[120.88013,24.25334],[120.88003,24.25394],[120.87928,24.25602],[120.87924,24.25693],[120.87891,24.25734],[120.87941,24.25743],[120.88525,24.25851]]]}},{"type":"Feature","properties":{"c":"66000290005","t":"和平區","v":"自由里"},"geometry":{"type":"Polygon","coordinates":[[[120.92514,24.30184],[120.92836,24.30104],[120.93152,24.29962],[120.93492,24.29836],[120.93975,24.29687],[120.94215,24.29654],[120.9447,24.29736],[120.94752,24.29737],[120.94897,24.29767],[120.95163,24.29937],[120.9552,24.29938],[120.9687,24.29819],[120.97306,24.29728],[120.9741,24.29629],[120.97509,24.2944],[120.9808,24.28153],[120.98429,24.2726],[120.98636,24.269],[120.98938,24.26574],[120.98701,24.26196],[120.98195,24.25153],[120.9801,24.24705],[120.97911,24.24585],[120.97754,24.24658],[120.97591,24.24748],[120.9715,24.25211],[120.96883,24.25338],[120.95946,24.25452],[120.95878,24.25441],[120.95707,24.25351],[120.95481,24.25163],[120.95387,24.25166],[120.93528,24.25883],[120.93316,24.25928],[120.92855,24.2595],[120.92418,24.25958],[120.91218,24.26293],[120.90353,24.25889],[120.89823,24.25612],[120.89399,24.25567],[120.88525,24.25851],[120.87891,24.25734],[120.87869,24.25751],[120.87884,24.25808],[120.87905,24.25836],[120.87974,24.25828],[120.88002,24.25834],[120.88091,24.25881],[120.88111,24.25907],[120.88114,24.25969],[120.88003,24.25953],[120.87994,24.26016],[120.87953,24.26019],[120.87946,24.26025],[120.8796,24.26045],[120.88003,24.26057],[120.88028,24.26076],[120.88044,24.26094],[120.8805,24.26126],[120.88039,24.26151],[120.8796,24.26193],[120.87897,24.26295],[120.87845,24.26408],[120.87843,24.26416],[120.87865,24.26463],[120.87866,24.265],[120.8785,24.2655],[120.87844,24.26625],[120.87984,24.26821],[120.87988,24.26842],[120.88024,24.2691],[120.88036,24.26988],[120.88113,24.27128],[120.8818,24.27204],[120.88218,24.27203],[120.88238,24.27209],[120.88302,24.27264],[120.88379,24.27297],[120.88399,24.27317],[120.88432,24.27378],[120.88455,24.27397],[120.8846,24.2743],[120.88453,24.27545],[120.88505,24.27615],[120.88537,24.27626],[120.88614,24.27626],[120.8867,24.27634],[120.88827,24.27674],[120.88843,24.27686],[120.88845,24.27698],[120.88824,24.27775],[120.8882,24.27861],[120.8881,24.27894],[120.88828,24.2792],[120.88892,24.27962],[120.88939,24.27967],[120.88995,24.27989],[120.89104,24.28016],[120.8916,24.28114],[120.89211,24.28152],[120.89273,24.28165],[120.89348,24.28222],[120.89457,24.28324],[120.89562,24.28449],[120.89585,24.28442],[120.89634,24.2841],[120.8967,24.28403],[120.89747,24.28431],[120.89805,24.28469],[120.89847,24.28511],[120.89883,24.2856],[120.89894,24.28682],[120.89888,24.28825],[120.89897,24.28849],[120.89923,24.28878],[120.8999,24.28909],[120.90076,24.28915],[120.90102,24.28923],[120.90181,24.28997],[120.90282,24.29057],[120.90385,24.29103],[120.90519,24.29143],[120.90582,24.29186],[120.90591,24.29199],[120.90588,24.29261],[120.90887,24.29392],[120.90939,24.29401],[120.91061,24.29389],[120.91122,24.29392],[120.91173,24.29398],[120.91191,24.29406],[120.91253,24.29478],[120.91611,24.29827],[120.91677,24.29901],[120.91754,24.29948],[120.91926,24.30032],[120.91989,24.3007],[120.92148,24.30204],[120.92192,24.30252],[120.92212,24.30284],[120.92514,24.30184]]]}},{"type":"Feature","properties":{"c":"66000290006","t":"和平區","v":"達觀里"},"geometry":{"type":"Polygon","coordinates":[[[120.93779,24.34187],[120.93815,24.34171],[120.9384,24.34149],[120.93997,24.34],[120.94108,24.33968],[120.94246,24.33914],[120.94295,24.33922],[120.94493,24.33977],[120.94517,24.33979],[120.9454,24.33973],[120.94583,24.33936],[120.94608,24.33923],[120.94652,24.3391],[120.94763,24.33905],[120.94965,24.33918],[120.95056,24.33915],[120.95117,24.33907],[120.95231,24.33907],[120.95409,24.3386],[120.9549,24.33879],[120.95599,24.33929],[120.95679,24.3393],[120.95706,24.33916],[120.95728,24.33893],[120.95781,24.33809],[120.95895,24.33697],[120.95921,24.33664],[120.96,24.33523],[120.96016,24.33505],[120.96067,24.33488],[120.96122,24.33492],[120.96266,24.33477],[120.96339,24.33445],[120.96443,24.33423],[120.96649,24.33346],[120.96813,24.33337],[120.96881,24.3334],[120.97006,24.33359],[120.97236,24.33351],[120.97296,24.33359],[120.97394,24.33399],[120.97536,24.33424],[120.97722,24.33473],[120.97922,24.33443],[120.97962,24.33442],[120.97994,24.33447],[120.9802,24.33461],[120.98105,24.33517],[120.98198,24.3359],[120.98224,24.33584],[120.98266,24.33557],[120.98323,24.33511],[120.98384,24.33443],[120.98492,24.33284],[120.98531,24.332],[120.98559,24.33166],[120.9858,24.33153],[120.98678,24.3314],[120.98734,24.33122],[120.99103,24.32976],[120.99178,24.32962],[120.99253,24.32965],[120.99436,24.32994],[120.99506,24.32991],[120.99549,24.33001],[120.99597,24.33025],[120.99616,24.33028],[120.99726,24.33005],[120.99756,24.33014],[120.99789,24.33031],[120.99838,24.33073],[120.99948,24.33203],[120.99987,24.33234],[121.00048,24.33266],[121.00132,24.33281],[121.0023,24.33282],[121.00357,24.33252],[121.00415,24.3323],[121.00472,24.33196],[121.00497,24.33164],[121.00682,24.32898],[121.00715,24.32822],[121.00822,24.32686],[121.00957,24.3258],[121.01089,24.32439],[121.01157,24.32397],[121.01183,24.32358],[121.01237,24.32234],[121.01264,24.32197],[121.0145,24.32011],[121.01502,24.31867],[121.01575,24.31756],[121.0159,24.31716],[121.01637,24.31573],[121.0172,24.31375],[121.01769,24.31173],[121.01802,24.3113],[121.01951,24.30967],[121.02002,24.30924],[121.0214,24.3087],[121.02377,24.30764],[121.02498,24.30726],[121.0262,24.30675],[121.02781,24.30585],[121.02876,24.3052],[121.02937,24.30471],[121.02972,24.30422],[121.03077,24.30312],[121.03169,24.302],[121.03206,24.30143],[121.03257,24.30042],[121.03311,24.29882],[121.03413,24.29782],[121.03529,24.29718],[121.03601,24.29692],[121.03698,24.29662],[121.03837,24.29636],[121.03275,24.293],[121.03159,24.29146],[121.02972,24.28804],[121.02892,24.28495],[121.02883,24.28234],[121.0283,24.28031],[121.02697,24.27754],[121.02474,24.27543],[121.02252,24.27437],[121.02101,24.2738],[121.01444,24.27225],[121.00919,24.27046],[121.00608,24.26957],[121.00369,24.26998],[120.99933,24.27006],[120.99729,24.2694],[120.99222,24.26729],[120.98938,24.26574],[120.98636,24.269],[120.98429,24.2726],[120.9808,24.28153],[120.97509,24.2944],[120.9741,24.29629],[120.97306,24.29728],[120.9687,24.29819],[120.9552,24.29938],[120.95163,24.29937],[120.94897,24.29767],[120.94752,24.29737],[120.9447,24.29736],[120.94215,24.29654],[120.93975,24.29687],[120.93492,24.29836],[120.93152,24.29962],[120.92836,24.30104],[120.92514,24.30184],[120.92212,24.30284],[120.92245,24.30359],[120.9225,24.30394],[120.9225,24.30471],[120.92237,24.30525],[120.92198,24.30628],[120.921,24.30773],[120.92058,24.30866],[120.9201,24.31119],[120.92002,24.31384],[120.92007,24.3152],[120.92021,24.31607],[120.92065,24.31779],[120.9205,24.32011],[120.92012,24.32171],[120.91965,24.32422],[120.91937,24.32512],[120.91851,24.32731],[120.91811,24.32859],[120.91794,24.32961],[120.9167,24.33269],[120.91638,24.33419],[120.91642,24.33467],[120.91661,24.33513],[120.91701,24.33572],[120.91965,24.33714],[120.9217,24.33759],[120.92265,24.33792],[120.92347,24.3381],[120.92632,24.33865],[120.92727,24.3392],[120.92874,24.33969],[120.9321,24.34165],[120.9334,24.34233],[120.93392,24.34252],[120.93486,24.34279],[120.93564,24.34292],[120.93606,24.34281],[120.93673,24.34222],[120.93772,24.34189],[120.93779,24.34187]]]}},{"type":"Feature","properties":{"c":"66000290007","t":"和平區","v":"梨山里"},"geometry":{"type":"Polygon","coordinates":[[[121.31111,24.23496],[121.30857,24.2349],[121.30741,24.23447],[121.30646,24.23387],[121.3062,24.23377],[121.30534,24.23368],[121.30389,24.23368],[121.30367,24.23376],[121.30316,24.23442],[121.3029,24.23495],[121.30274,24.23594],[121.30252,24.23633],[121.30236,24.23645],[121.302,24.23657],[121.30107,24.23669],[121.29985,24.23612],[121.2989,24.23577],[121.29875,24.23561],[121.29849,24.23515],[121.2983,24.23453],[121.29806,24.2342],[121.29803,24.234],[121.29814,24.23378],[121.29878,24.23345],[121.29884,24.23333],[121.29878,24.2332],[121.29834,24.23301],[121.29671,24.23297],[121.29623,24.23284],[121.29546,24.2325],[121.29515,24.23225],[121.29499,24.23201],[121.29488,24.23117],[121.2941,24.22968],[121.29314,24.22916],[121.29221,24.22969],[121.29102,24.23015],[121.29039,24.2301],[121.29024,24.22997],[121.29019,24.22971],[121.29006,24.2297],[121.28966,24.22992],[121.28946,24.23011],[121.28888,24.23016],[121.28785,24.22973],[121.28698,24.22963],[121.28624,24.22918],[121.28589,24.22909],[121.28531,24.22951],[121.28508,24.22953],[121.28463,24.22945],[121.28428,24.22955],[121.28399,24.22986],[121.28384,24.23035],[121.28368,24.23065],[121.28327,24.23092],[121.28284,24.23104],[121.28206,24.23092],[121.28083,24.23061],[121.28053,24.23033],[121.28026,24.22982],[121.28003,24.22977],[121.27977,24.22997],[121.27922,24.23091],[121.27905,24.23108],[121.27876,24.23132],[121.27764,24.23197],[121.27752,24.23224],[121.27756,24.23292],[121.27717,24.23437],[121.27713,24.23493],[121.27686,24.23547],[121.27662,24.23558],[121.27515,24.23548],[121.27408,24.2356],[121.27394,24.23568],[121.27363,24.23633],[121.27349,24.23645],[121.27328,24.23645],[121.27305,24.23637],[121.27255,24.23609],[121.27192,24.23653],[121.27108,24.23656],[121.27072,24.23664],[121.27049,24.23679],[121.26995,24.23738],[121.26928,24.23765],[121.26892,24.23792],[121.26874,24.2383],[121.26866,24.23934],[121.2685,24.23995],[121.26816,24.24015],[121.26722,24.24033],[121.2666,24.24055],[121.26605,24.24094],[121.26592,24.2411],[121.2659,24.24133],[121.26634,24.24208],[121.2664,24.24239],[121.266,24.24317],[121.26583,24.2437],[121.26573,24.24474],[121.26542,24.24567],[121.26499,24.24587],[121.26466,24.24587],[121.2615,24.24571],[121.2588,24.24512],[121.25681,24.2444],[121.25597,24.24388],[121.25507,24.24322],[121.25417,24.24233],[121.2532,24.24103],[121.25195,24.23919],[121.2509,24.23736],[121.24874,24.23251],[121.2482,24.23079],[121.24713,24.22822],[121.24674,24.22759],[121.24621,24.2265],[121.24555,24.22593],[121.245,24.22527],[121.24487,24.22497],[121.24483,24.22441],[121.24461,24.2235],[121.24416,24.2225],[121.24375,24.2223],[121.24259,24.22198],[121.24141,24.22185],[121.24074,24.22171],[121.23985,24.22105],[121.23871,24.22048],[121.23796,24.21971],[121.23765,24.21969],[121.23734,24.21986],[121.23701,24.22011],[121.23661,24.22068],[121.2359,24.22125],[121.23314,24.22222],[121.23251,24.22231],[121.23116,24.22324],[121.23041,24.22353],[121.23068,24.22414],[121.23092,24.22515],[121.23088,24.22581],[121.23077,24.22605],[121.23063,24.22611],[121.22928,24.22589],[121.22844,24.22597],[121.22834,24.22593],[121.22825,24.22586],[121.22825,24.22568],[121.22837,24.22538],[121.2286,24.22519],[121.22869,24.22493],[121.22861,24.22472],[121.22834,24.22471],[121.22733,24.22553],[121.22712,24.22563],[121.22611,24.22584],[121.22467,24.22649],[121.22373,24.22701],[121.22187,24.22772],[121.22164,24.22783],[121.22111,24.22839],[121.22029,24.22905],[121.21987,24.22922],[121.21943,24.2292],[121.21885,24.22888],[121.21827,24.22842],[121.21784,24.22784],[121.21737,24.2269],[121.21677,24.22615],[121.21581,24.22535],[121.21516,24.22502],[121.21462,24.22484],[121.2137,24.22464],[121.21267,24.22422],[121.21102,24.22331],[121.20997,24.2226],[121.20824,24.2217],[121.20795,24.22166],[121.20736,24.22178],[121.20627,24.22172],[121.20506,24.22209],[121.20467,24.22214],[121.20421,24.22212],[121.20348,24.22191],[121.20283,24.22186],[121.20157,24.22164],[121.19969,24.2225],[121.19843,24.22289],[121.1967,24.22314],[121.19634,24.223],[121.1961,24.22281],[121.19505,24.2216],[121.19379,24.22059],[121.19232,24.21904],[121.19188,24.2184],[121.1918,24.21817],[121.19189,24.21728],[121.19184,24.21691],[121.19156,24.21659],[121.19019,24.21568],[121.18928,24.21535],[121.1888,24.21503],[121.18851,24.21492],[121.18519,24.21445],[121.18351,24.21341],[121.1829,24.21289],[121.1824,24.21231],[121.18217,24.21214],[121.18146,24.21205],[121.1811,24.21212],[121.18074,24.21228],[121.17989,24.21304],[121.17888,24.21361],[121.17853,24.21401],[121.17809,24.21477],[121.17768,24.21573],[121.17728,24.21609],[121.17668,24.21646],[121.17599,24.21713],[121.17553,24.21773],[121.17501,24.21828],[121.17349,24.22033],[121.17141,24.22223],[121.17017,24.22346],[121.16905,24.22427],[121.16817,24.22507],[121.16764,24.22539],[121.16738,24.22503],[121.16692,24.22397],[121.16666,24.22365],[121.16594,24.2233],[121.16559,24.22298],[121.165,24.22224],[121.16437,24.22179],[121.16407,24.21985],[121.16395,24.21963],[121.16333,24.21907],[121.16298,24.21848],[121.1626,24.21739],[121.16176,24.21644],[121.16098,24.21518],[121.16021,24.2149],[121.15843,24.21458],[121.15791,24.21458],[121.15696,24.21477],[121.15652,24.21474],[121.15513,24.21418],[121.15389,24.21387],[121.15195,24.21322],[121.15143,24.21288],[121.15017,24.21304],[121.1496,24.21318],[121.14915,24.21319],[121.14813,24.21307],[121.14789,24.21291],[121.14754,24.21238],[121.14731,24.21157],[121.14652,24.20998],[121.14615,24.20892],[121.14575,24.2084],[121.14504,24.20766],[121.14451,24.20723],[121.1441,24.20706],[121.14321,24.20585],[121.143,24.20528],[121.14317,24.20431],[121.14286,24.20259],[121.14269,24.202],[121.14254,24.2016],[121.14137,24.19965],[121.14084,24.19919],[121.13967,24.19844],[121.13834,24.19778],[121.13781,24.19761],[121.13739,24.19702],[121.13705,24.19673],[121.13636,24.19634],[121.13565,24.19621],[121.13489,24.19626],[121.13292,24.19681],[121.13228,24.1969],[121.13089,24.19679],[121.13029,24.19654],[121.12972,24.19617],[121.12926,24.19605],[121.12875,24.1961],[121.12762,24.19664],[121.12721,24.19677],[121.12636,24.19673],[121.12501,24.19654],[121.12373,24.19616],[121.12295,24.19603],[121.12255,24.19609],[121.12067,24.19676],[121.11921,24.19703],[121.11875,24.19721],[121.11781,24.19726],[121.11684,24.19721],[121.11471,24.19694],[121.11341,24.19685],[121.11273,24.19698],[121.11132,24.19771],[121.10932,24.19802],[121.10842,24.19801],[121.10757,24.19787],[121.10713,24.19759],[121.10629,24.19725],[121.10554,24.19716],[121.10534,24.19701],[121.10495,24.19654],[121.1042,24.19596],[121.10373,24.19586],[121.1033,24.19583],[121.1027,24.1959],[121.10197,24.1958],[121.10154,24.19549],[121.10143,24.19488],[121.10114,24.1946],[121.0986,24.19999],[121.09783,24.20099],[121.09459,24.20474],[121.08976,24.21548],[121.08908,24.22024],[121.08918,24.23335],[121.08904,24.2369],[121.08675,24.24298],[121.08499,24.24563],[121.08106,24.25313],[121.07745,24.25903],[121.07522,24.26404],[121.07409,24.2679],[121.07352,24.27352],[121.07218,24.27518],[121.07,24.27712],[121.0682,24.28159],[121.06473,24.28558],[121.06379,24.28823],[121.06318,24.29106],[121.06279,24.29566],[121.06195,24.29761],[121.0585,24.30297],[121.05749,24.30401],[121.05651,24.30581],[121.05564,24.3107],[121.05683,24.31089],[121.05743,24.31127],[121.05767,24.31153],[121.0579,24.31216],[121.0584,24.31273],[121.05901,24.31294],[121.06017,24.31294],[121.0609,24.31312],[121.0615,24.31342],[121.06256,24.31418],[121.06319,24.3144],[121.06428,24.3152],[121.0648,24.31544],[121.06563,24.31568],[121.0675,24.31554],[121.06933,24.31552],[121.06976,24.31557],[121.07021,24.31576],[121.07061,24.31622],[121.07091,24.31682],[121.07117,24.31692],[121.07163,24.31696],[121.07188,24.31713],[121.07227,24.31795],[121.0726,24.31843],[121.07276,24.31852],[121.07319,24.31857],[121.07361,24.31882],[121.07386,24.31919],[121.07391,24.31954],[121.07369,24.32087],[121.07369,24.32139],[121.07343,24.32231],[121.07308,24.32282],[121.07361,24.32285],[121.07531,24.3226],[121.07649,24.32263],[121.07709,24.32273],[121.07846,24.32281],[121.07889,24.32289],[121.07971,24.32339],[121.08102,24.32405],[121.08147,24.32414],[121.08158,24.32405],[121.0822,24.32298],[121.08266,24.32255],[121.08285,24.32204],[121.08306,24.3217],[121.08339,24.32129],[121.08401,24.32081],[121.08469,24.32016],[121.08508,24.3197],[121.08576,24.31842],[121.08635,24.31775],[121.08686,24.31753],[121.08751,24.31754],[121.08842,24.31841],[121.08911,24.31859],[121.09008,24.3187],[121.09109,24.31859],[121.09193,24.31863],[121.09339,24.31922],[121.09401,24.31954],[121.09435,24.31981],[121.09497,24.32058],[121.09514,24.32099],[121.09523,24.32198],[121.09545,24.32236],[121.09571,24.32257],[121.09634,24.32263],[121.0968,24.32282],[121.09805,24.32363],[121.10009,24.32384],[121.10124,24.32426],[121.10185,24.32439],[121.10226,24.32458],[121.10261,24.32493],[121.10314,24.32565],[121.10378,24.32681],[121.10438,24.32729],[121.10529,24.32815],[121.10617,24.32847],[121.10634,24.32859],[121.10784,24.33024],[121.10819,24.33076],[121.10848,24.33095],[121.10864,24.331],[121.10909,24.33088],[121.11125,24.32995],[121.1133,24.3292],[121.11423,24.32879],[121.11487,24.32864],[121.11533,24.32889],[121.11714,24.32955],[121.11855,24.33037],[121.1197,24.33041],[121.12158,24.33068],[121.12181,24.33129],[121.12183,24.33185],[121.12164,24.33316],[121.12144,24.33385],[121.1215,24.33429],[121.12169,24.33476],[121.12206,24.33635],[121.12225,24.33669],[121.12263,24.33774],[121.12283,24.33823],[121.12413,24.34055],[121.12501,24.34174],[121.1253,24.34199],[121.12626,24.34161],[121.12662,24.34157],[121.12742,24.34166],[121.12775,24.34176],[121.12812,24.34191],[121.12844,24.34217],[121.12965,24.34375],[121.1302,24.34471],[121.1308,24.34713],[121.13135,24.34825],[121.13138,24.3485],[121.13113,24.34889],[121.13123,24.34936],[121.13189,24.34977],[121.13357,24.35167],[121.13559,24.35255],[121.13599,24.35277],[121.13644,24.35313],[121.13707,24.35396],[121.1378,24.35469],[121.13779,24.35482],[121.13764,24.35503],[121.13761,24.35536],[121.13775,24.35587],[121.13797,24.35627],[121.14001,24.35834],[121.14086,24.35958],[121.14096,24.35964],[121.14157,24.35947],[121.14286,24.35891],[121.14411,24.35828],[121.14491,24.35807],[121.14599,24.35792],[121.14651,24.35796],[121.14841,24.35788],[121.14926,24.35797],[121.15013,24.35852],[121.15092,24.35871],[121.15218,24.35872],[121.15331,24.35883],[121.15377,24.35905],[121.15404,24.35911],[121.15447,24.35911],[121.15512,24.35902],[121.15554,24.35904],[121.15659,24.35944],[121.15744,24.35999],[121.15858,24.36051],[121.15941,24.3608],[121.16041,24.36076],[121.16151,24.36057],[121.16226,24.36056],[121.16371,24.36094],[121.16467,24.36099],[121.16648,24.3606],[121.16738,24.36059],[121.16798,24.36073],[121.16837,24.36091],[121.16868,24.36116],[121.16887,24.36152],[121.16891,24.36279],[121.16883,24.36335],[121.16886,24.36398],[121.16901,24.36431],[121.17001,24.36501],[121.17068,24.36556],[121.1711,24.36613],[121.17172,24.36652],[121.17213,24.36663],[121.17245,24.36681],[121.17268,24.36718],[121.1729,24.36807],[121.17306,24.36838],[121.17354,24.36873],[121.17415,24.36885],[121.17418,24.36892],[121.17305,24.37068],[121.17298,24.3712],[121.17302,24.37175],[121.17331,24.37309],[121.17342,24.37334],[121.17387,24.37361],[121.1743,24.37365],[121.1747,24.37385],[121.1764,24.37576],[121.17697,24.37666],[121.17852,24.37792],[121.1801,24.37847],[121.18154,24.37878],[121.18168,24.37886],[121.18245,24.38024],[121.1828,24.38067],[121.1833,24.38101],[121.18474,24.38149],[121.18552,24.38126],[121.18659,24.38119],[121.18827,24.38144],[121.18946,24.38132],[121.19004,24.38144],[121.19024,24.38162],[121.19039,24.38236],[121.1909,24.38357],[121.19114,24.38394],[121.19178,24.38443],[121.19244,24.38508],[121.193,24.38583],[121.19474,24.38887],[121.19531,24.39002],[121.19642,24.39109],[121.19672,24.39152],[121.19691,24.39199],[121.19714,24.39404],[121.19711,24.3964],[121.19719,24.39659],[121.20071,24.39761],[121.20212,24.39763],[121.20283,24.39753],[121.2033,24.39756],[121.20366,24.39767],[121.20391,24.39266],[121.20415,24.38294],[121.20427,24.37479],[121.20318,24.3666],[121.20149,24.35909],[121.20178,24.35264],[121.20169,24.34063],[121.20574,24.34004],[121.21494,24.33723],[121.22491,24.3332],[121.2294,24.33108],[121.23112,24.33065],[121.23309,24.33006],[121.23937,24.32599],[121.24342,24.32124],[121.24677,24.31843],[121.24887,24.31721],[121.25261,24.31386],[121.25636,24.30926],[121.25833,24.30721],[121.2622,24.30425],[121.26924,24.30148],[121.27831,24.29777],[121.28249,24.29546],[121.28989,24.29063],[121.29246,24.28961],[121.30003,24.28539],[121.30396,24.2825],[121.30952,24.27813],[121.31042,24.27659],[121.31071,24.2743],[121.31062,24.26471],[121.3113,24.26195],[121.31158,24.25902],[121.31166,24.25403],[121.31173,24.24175],[121.31095,24.23793],[121.31111,24.23496]]]}},{"type":"Feature","properties":{"c":"66000290008","t":"和平區","v":"平等里"},"geometry":{"type":"Polygon","coordinates":[[[121.43694,24.38294],[121.43779,24.38288],[121.4383,24.38262],[121.4383,24.38241],[121.43844,24.38195],[121.43957,24.37978],[121.44027,24.3788],[121.4408,24.37781],[121.4417,24.37543],[121.44211,24.37454],[121.44264,24.37372],[121.44256,24.37313],[121.44272,24.37309],[121.44289,24.37315],[121.44351,24.37361],[121.44438,24.37413],[121.44545,24.37401],[121.44604,24.37408],[121.44686,24.37431],[121.44734,24.37454],[121.44781,24.37491],[121.44798,24.37483],[121.44804,24.37399],[121.44826,24.37257],[121.44932,24.37024],[121.45066,24.36797],[121.45139,24.36592],[121.45201,24.36468],[121.44977,24.36349],[121.44866,24.36278],[121.44811,24.3621],[121.4478,24.36149],[121.44747,24.35984],[121.44727,24.35954],[121.4471,24.35947],[121.44606,24.35959],[121.44542,24.35948],[121.44472,24.35918],[121.44274,24.35896],[121.44192,24.3588],[121.44157,24.35859],[121.44136,24.35794],[121.44059,24.35695],[121.44034,24.35626],[121.44024,24.35527],[121.43994,24.35452],[121.43954,24.35401],[121.4388,24.35346],[121.43779,24.35205],[121.43719,24.35055],[121.43646,24.34844],[121.43563,24.34758],[121.43562,24.34725],[121.4357,24.34687],[121.43625,24.34521],[121.43681,24.34393],[121.43707,24.34344],[121.43774,24.34245],[121.43777,24.34222],[121.43727,24.34159],[121.43561,24.34026],[121.43527,24.33985],[121.43452,24.33871],[121.43431,24.33827],[121.43409,24.33704],[121.43347,24.33579],[121.43347,24.33479],[121.43266,24.33112],[121.43248,24.32986],[121.4326,24.32919],[121.43315,24.32785],[121.43337,24.32682],[121.43404,24.32622],[121.43449,24.32558],[121.43471,24.32457],[121.43493,24.32299],[121.43495,24.32256],[121.43477,24.32204],[121.43461,24.32177],[121.43398,24.32113],[121.43337,24.32092],[121.43234,24.32074],[121.43164,24.32048],[121.43135,24.32025],[121.43028,24.31899],[121.42849,24.31736],[121.42729,24.31583],[121.4261,24.31397],[121.42323,24.30822],[121.42281,24.30791],[121.42201,24.30753],[121.42181,24.30749],[121.42115,24.3076],[121.42024,24.30762],[121.41928,24.30786],[121.41807,24.30833],[121.41683,24.30918],[121.41668,24.30915],[121.41626,24.30883],[121.41558,24.30849],[121.41438,24.30822],[121.41363,24.30797],[121.41273,24.30755],[121.41202,24.30734],[121.41144,24.30726],[121.40991,24.30735],[121.40884,24.30768],[121.40641,24.3082],[121.40539,24.3083],[121.4052,24.30829],[121.40503,24.30819],[121.40482,24.30782],[121.40474,24.30748],[121.40474,24.30681],[121.40499,24.30528],[121.40486,24.30398],[121.40457,24.30233],[121.40413,24.30089],[121.40376,24.29925],[121.40324,24.29797],[121.4032,24.29769],[121.40337,24.29732],[121.40345,24.29688],[121.40277,24.29595],[121.4024,24.2956],[121.40163,24.29512],[121.39998,24.29369],[121.39807,24.29133],[121.39723,24.29053],[121.39691,24.28983],[121.39658,24.28874],[121.39608,24.28835],[121.39541,24.28814],[121.39352,24.28823],[121.39268,24.28883],[121.39187,24.28927],[121.39148,24.2894],[121.39094,24.28974],[121.39074,24.28969],[121.39062,24.28955],[121.39018,24.28825],[121.38963,24.28726],[121.38724,24.28471],[121.38558,24.28336],[121.3848,24.28291],[121.38331,24.28228],[121.3823,24.28162],[121.38167,24.2811],[121.38108,24.28046],[121.38076,24.28009],[121.38047,24.27957],[121.38061,24.27916],[121.38113,24.27849],[121.38156,24.27766],[121.38216,24.27618],[121.38222,24.27508],[121.3828,24.27162],[121.38291,24.26953],[121.38327,24.26798],[121.38356,24.2674],[121.38566,24.26415],[121.38566,24.26368],[121.38554,24.26312],[121.38523,24.26216],[121.3852,24.26183],[121.3853,24.26006],[121.38545,24.25941],[121.38578,24.25862],[121.3858,24.25805],[121.38566,24.25681],[121.38506,24.25499],[121.38484,24.25494],[121.3838,24.25495],[121.38019,24.25334],[121.37842,24.25282],[121.37783,24.25281],[121.37729,24.25288],[121.37663,24.25303],[121.37531,24.25351],[121.3731,24.2541],[121.37268,24.25412],[121.37255,24.25406],[121.37214,24.25362],[121.37156,24.25316],[121.3699,24.25254],[121.36846,24.2523],[121.36721,24.25221],[121.36689,24.2521],[121.36668,24.25179],[121.36608,24.25007],[121.36553,24.24916],[121.36523,24.24847],[121.36466,24.24773],[121.36442,24.24727],[121.36283,24.24567],[121.36169,24.24463],[121.36067,24.24394],[121.35972,24.24372],[121.35854,24.2436],[121.35746,24.2439],[121.35623,24.24457],[121.35599,24.24463],[121.354,24.24404],[121.35324,24.24388],[121.35261,24.24385],[121.35253,24.24376],[121.35248,24.24328],[121.35317,24.24012],[121.35322,24.23893],[121.35296,24.23638],[121.35233,24.23463],[121.35203,24.23407],[121.35174,24.23379],[121.35056,24.23308],[121.34918,24.23181],[121.34876,24.23104],[121.3484,24.22999],[121.34746,24.22898],[121.34707,24.22836],[121.34548,24.22657],[121.34473,24.22591],[121.34452,24.22541],[121.34416,24.22484],[121.34329,24.22403],[121.34302,24.22355],[121.34281,24.22362],[121.34243,24.22387],[121.34077,24.22548],[121.33975,24.22632],[121.33912,24.2267],[121.33693,24.22776],[121.33569,24.22859],[121.33317,24.22983],[121.33168,24.22987],[121.33023,24.23115],[121.32683,24.23242],[121.32444,24.23301],[121.32207,24.23206],[121.32073,24.23187],[121.31965,24.23187],[121.3194,24.23195],[121.31841,24.23255],[121.31785,24.23299],[121.31645,24.23439],[121.31626,24.23447],[121.31502,24.23482],[121.3141,24.235],[121.31212,24.23508],[121.31111,24.23496],[121.31095,24.23793],[121.31173,24.24175],[121.31166,24.25403],[121.31158,24.25902],[121.3113,24.26195],[121.31062,24.26471],[121.31071,24.2743],[121.31042,24.27659],[121.30952,24.27813],[121.30396,24.2825],[121.30003,24.28539],[121.29246,24.28961],[121.28989,24.29063],[121.28249,24.29546],[121.27831,24.29777],[121.26924,24.30148],[121.2622,24.30425],[121.25833,24.30721],[121.25636,24.30926],[121.25261,24.31386],[121.24887,24.31721],[121.24677,24.31843],[121.24342,24.32124],[121.23937,24.32599],[121.23309,24.33006],[121.23112,24.33065],[121.2294,24.33108],[121.22491,24.3332],[121.21494,24.33723],[121.20574,24.34004],[121.20169,24.34063],[121.20178,24.35264],[121.20149,24.35909],[121.20318,24.3666],[121.20427,24.37479],[121.20415,24.38294],[121.20391,24.39266],[121.20366,24.39767],[121.20438,24.39785],[121.20584,24.39778],[121.20622,24.39787],[121.2072,24.39791],[121.208,24.39745],[121.20874,24.39663],[121.20974,24.39641],[121.2101,24.39626],[121.21029,24.39612],[121.21063,24.39572],[121.21082,24.39504],[121.21082,24.3944],[121.21068,24.39292],[121.21043,24.3919],[121.21043,24.39162],[121.2109,24.38948],[121.21125,24.38839],[121.21187,24.38698],[121.21247,24.38601],[121.21346,24.38403],[121.21354,24.38367],[121.21355,24.38319],[121.21343,24.38211],[121.2135,24.38185],[121.21419,24.38107],[121.21588,24.37945],[121.21662,24.38038],[121.21817,24.38117],[121.21846,24.38126],[121.21956,24.38142],[121.22217,24.38198],[121.22334,24.38249],[121.22458,24.3827],[121.22562,24.38303],[121.22711,24.38298],[121.22869,24.38339],[121.22949,24.38336],[121.23136,24.38368],[121.23186,24.38386],[121.23206,24.38401],[121.23215,24.3843],[121.2316,24.38752],[121.23166,24.38771],[121.23463,24.39112],[121.23486,24.39154],[121.23498,24.39192],[121.23484,24.39267],[121.23495,24.39329],[121.23494,24.39447],[121.23478,24.39489],[121.2346,24.39587],[121.23459,24.3969],[121.23466,24.39734],[121.23539,24.39813],[121.23574,24.3986],[121.23753,24.39998],[121.23802,24.40029],[121.23812,24.40072],[121.23814,24.40151],[121.23898,24.40228],[121.24014,24.40354],[121.2407,24.40393],[121.24111,24.40412],[121.2426,24.40456],[121.24292,24.40476],[121.24315,24.405],[121.24357,24.40572],[121.24326,24.40809],[121.2429,24.40908],[121.24294,24.40937],[121.24332,24.41052],[121.24338,24.41089],[121.24333,24.4112],[121.24291,24.41283],[121.24265,24.41324],[121.24201,24.41399],[121.24199,24.41409],[121.24207,24.41428],[121.24257,24.41456],[121.24273,24.41472],[121.2436,24.41661],[121.24329,24.41824],[121.2433,24.41876],[121.2434,24.41914],[121.2439,24.42008],[121.24565,24.42235],[121.24611,24.42278],[121.24664,24.42303],[121.24831,24.42344],[121.24915,24.42379],[121.25,24.42491],[121.25108,24.42507],[121.25287,24.4249],[121.25399,24.425],[121.25637,24.42496],[121.2573,24.42498],[121.25761,24.42505],[121.25781,24.42519],[121.25798,24.42543],[121.25818,24.42585],[121.25841,24.42675],[121.25889,24.42771],[121.25938,24.42839],[121.26022,24.42901],[121.26082,24.42863],[121.2619,24.42851],[121.26233,24.42849],[121.2632,24.42868],[121.2638,24.42872],[121.26508,24.42865],[121.26612,24.42823],[121.26685,24.42823],[121.26766,24.4281],[121.26829,24.42776],[121.26931,24.42744],[121.2699,24.42738],[121.27065,24.42756],[121.27085,24.42769],[121.27106,24.42796],[121.27122,24.42864],[121.27134,24.42958],[121.27153,24.42975],[121.27186,24.42973],[121.27299,24.42946],[121.27462,24.42945],[121.27688,24.42925],[121.27848,24.42932],[121.27912,24.42942],[121.28176,24.43007],[121.28277,24.4302],[121.28433,24.43058],[121.28531,24.43045],[121.28611,24.43042],[121.28649,24.43048],[121.28729,24.43073],[121.2882,24.43085],[121.28896,24.43089],[121.2902,24.43078],[121.29047,24.43083],[121.29103,24.43112],[121.29129,24.43115],[121.29247,24.4309],[121.29275,24.43092],[121.29319,24.43107],[121.29382,24.43194],[121.29414,24.43224],[121.2945,24.43246],[121.29599,24.4329],[121.29675,24.43303],[121.29764,24.43309],[121.30285,24.43303],[121.30467,24.43284],[121.30498,24.43278],[121.30529,24.4326],[121.3055,24.43258],[121.30571,24.43265],[121.30669,24.43343],[121.30749,24.43365],[121.30767,24.43377],[121.30826,24.43473],[121.30861,24.43503],[121.30907,24.4353],[121.31003,24.43622],[121.31066,24.43646],[121.3115,24.43648],[121.31275,24.43671],[121.31345,24.43706],[121.31385,24.43738],[121.31578,24.43928],[121.31631,24.43984],[121.31767,24.44149],[121.31848,24.44131],[121.31968,24.44122],[121.32059,24.44105],[121.32087,24.44094],[121.32167,24.44037],[121.32279,24.43941],[121.32379,24.43829],[121.32409,24.43793],[121.32459,24.4371],[121.32507,24.43646],[121.32561,24.43593],[121.32801,24.43398],[121.3282,24.43362],[121.32835,24.43304],[121.32846,24.43233],[121.32845,24.43184],[121.32838,24.43157],[121.32778,24.43069],[121.32767,24.43043],[121.32792,24.4292],[121.32812,24.42858],[121.32862,24.42757],[121.32871,24.42728],[121.32872,24.42701],[121.32863,24.42656],[121.32822,24.42539],[121.32819,24.42365],[121.32741,24.42155],[121.32737,24.42124],[121.3274,24.42057],[121.32783,24.41806],[121.32765,24.4166],[121.3274,24.41591],[121.32719,24.41555],[121.32713,24.41527],[121.32737,24.41425],[121.32744,24.41302],[121.32723,24.41228],[121.32685,24.41135],[121.32654,24.40963],[121.32635,24.4092],[121.32521,24.40778],[121.32507,24.40749],[121.325,24.40691],[121.32546,24.40452],[121.32598,24.40365],[121.32605,24.40338],[121.3261,24.40276],[121.32594,24.40175],[121.32598,24.40104],[121.32628,24.40026],[121.32685,24.3994],[121.3276,24.39845],[121.32786,24.39831],[121.32871,24.39833],[121.33081,24.39852],[121.33168,24.39832],[121.33234,24.39794],[121.33271,24.39636],[121.33293,24.39592],[121.3336,24.395],[121.33403,24.39457],[121.33442,24.39436],[121.335,24.39386],[121.33526,24.39348],[121.33587,24.39294],[121.33606,24.3928],[121.33698,24.3924],[121.3376,24.39128],[121.33835,24.39022],[121.33863,24.38994],[121.33913,24.3896],[121.3393,24.38963],[121.33946,24.38976],[121.33993,24.391],[121.34005,24.3911],[121.34131,24.3919],[121.34182,24.39212],[121.34242,24.39264],[121.34297,24.39284],[121.34416,24.39302],[121.34612,24.39302],[121.34835,24.39286],[121.35023,24.39284],[121.35101,24.39272],[121.35206,24.39226],[121.35239,24.39224],[121.35256,24.39229],[121.35366,24.39308],[121.354,24.39322],[121.35469,24.39327],[121.35532,24.39315],[121.35595,24.39281],[121.35755,24.39177],[121.35939,24.39045],[121.36024,24.39023],[121.36131,24.39015],[121.36208,24.3895],[121.36265,24.3893],[121.36318,24.38922],[121.36418,24.38924],[121.36489,24.38907],[121.36509,24.38886],[121.36549,24.38817],[121.36602,24.3878],[121.36719,24.38604],[121.36734,24.38595],[121.36794,24.38585],[121.36814,24.38576],[121.36841,24.38544],[121.36876,24.38491],[121.36882,24.38429],[121.36897,24.38378],[121.3698,24.38259],[121.36984,24.3824],[121.36978,24.38211],[121.36958,24.38187],[121.36892,24.38145],[121.36831,24.38131],[121.36809,24.38111],[121.36772,24.38016],[121.36715,24.37921],[121.36711,24.37897],[121.36715,24.37867],[121.36745,24.37791],[121.36878,24.3756],[121.36925,24.37459],[121.36931,24.37428],[121.36929,24.37246],[121.36943,24.37226],[121.37018,24.37172],[121.37064,24.37129],[121.3725,24.36936],[121.37338,24.36836],[121.37374,24.36805],[121.37394,24.36797],[121.37423,24.36798],[121.37532,24.36837],[121.37599,24.36849],[121.37701,24.36844],[121.37787,24.36821],[121.37918,24.3675],[121.38076,24.3669],[121.38113,24.36687],[121.38184,24.36701],[121.38346,24.36774],[121.38462,24.36849],[121.38518,24.36876],[121.38677,24.36923],[121.38762,24.36969],[121.38791,24.37001],[121.38817,24.37069],[121.38851,24.37168],[121.38876,24.37276],[121.3892,24.37415],[121.38963,24.37487],[121.38996,24.37515],[121.39037,24.37534],[121.39062,24.37535],[121.39138,24.37535],[121.39242,24.3751],[121.39264,24.37509],[121.39304,24.37521],[121.39325,24.37531],[121.39433,24.37639],[121.3946,24.37714],[121.39478,24.37734],[121.39508,24.37763],[121.39547,24.37785],[121.39595,24.37803],[121.39637,24.37796],[121.39712,24.3777],[121.39755,24.37767],[121.39812,24.37776],[121.39852,24.37803],[121.39983,24.37916],[121.4006,24.37958],[121.40089,24.37967],[121.40127,24.37973],[121.40189,24.3796],[121.40256,24.3792],[121.40333,24.3786],[121.40388,24.37802],[121.40413,24.37782],[121.40441,24.37772],[121.40496,24.37761],[121.40535,24.37764],[121.40649,24.37795],[121.40714,24.37782],[121.40791,24.37755],[121.40809,24.37765],[121.40852,24.3781],[121.41078,24.37877],[121.41277,24.37974],[121.41317,24.37976],[121.41426,24.37939],[121.41563,24.3794],[121.41654,24.37978],[121.41702,24.37973],[121.41809,24.37944],[121.41862,24.37907],[121.4191,24.37905],[121.41963,24.3792],[121.42154,24.38071],[121.42335,24.3814],[121.42441,24.38138],[121.42574,24.38148],[121.42667,24.38181],[121.42772,24.38237],[121.42937,24.38306],[121.43169,24.3832],[121.43397,24.38323],[121.43673,24.38296],[121.43694,24.38294]]]}}]}